# https://github.com/mikedh/trimesh
v -0.50000000 6.00000000 2.00000000
v 0.00000000 5.50000000 2.00000000
v 0.00000000 6.00000000 1.50000000
v -0.50000000 6.00000000 3.00000000
v 0.00000000 5.50000000 3.00000000
v -0.50000000 6.00000000 4.00000000
v 0.00000000 5.50000000 4.00000000
v 0.00000000 6.00000000 4.50000000
v -0.50000000 7.00000000 2.00000000
v 0.00000000 7.00000000 1.50000000
v -0.50000000 7.00000000 3.00000000
v -0.50000000 7.00000000 4.00000000
v 0.00000000 6.50000000 5.00000000
v -0.50000000 7.00000000 5.00000000
v 0.00000000 7.00000000 5.50000000
v -0.50000000 8.00000000 2.00000000
v 0.00000000 8.00000000 1.50000000
v -0.50000000 8.00000000 3.00000000
v -0.50000000 8.00000000 4.00000000
v -0.50000000 8.00000000 5.00000000
v 0.00000000 8.00000000 5.50000000
v -0.50000000 9.00000000 2.00000000
v 0.00000000 9.00000000 1.50000000
v -0.50000000 9.00000000 3.00000000
v -0.50000000 9.00000000 4.00000000
v 0.00000000 9.00000000 4.50000000
v 0.00000000 8.50000000 5.00000000
v -0.50000000 10.00000000 2.00000000
v 0.00000000 10.00000000 1.50000000
v -0.50000000 10.00000000 3.00000000
v -0.50000000 10.00000000 4.00000000
v 0.00000000 10.00000000 4.50000000
v 0.00000000 10.50000000 2.00000000
v 0.00000000 10.50000000 3.00000000
v 0.00000000 10.50000000 4.00000000
v 0.50000000 2.00000000 2.00000000
v 1.00000000 1.50000000 2.00000000
v 1.00000000 2.00000000 1.50000000
v 0.50000000 2.00000000 3.00000000
v 1.00000000 1.50000000 3.00000000
v 1.00000000 2.00000000 3.50000000
v 0.50000000 3.00000000 1.00000000
v 1.00000000 2.50000000 1.00000000
v 1.00000000 3.00000000 0.50000000
v 0.50000000 3.00000000 2.00000000
v 0.50000000 3.00000000 3.00000000
v 1.00000000 2.50000000 4.00000000
v 0.50000000 3.00000000 4.00000000
v 0.50000000 3.00000000 5.00000000
v 1.00000000 2.50000000 5.00000000
v 1.00000000 3.00000000 5.50000000
v 0.50000000 4.00000000 1.00000000
v 1.00000000 4.00000000 0.50000000
v 0.50000000 4.00000000 2.00000000
v 0.50000000 4.00000000 3.00000000
v 0.50000000 4.00000000 4.00000000
v 0.50000000 4.00000000 5.00000000
v 1.00000000 4.00000000 5.50000000
v 0.50000000 5.00000000 1.00000000
v 1.00000000 5.00000000 0.50000000
v 0.50000000 5.00000000 2.00000000
v 0.50000000 5.00000000 3.00000000
v 0.50000000 5.00000000 4.00000000
v 0.50000000 5.00000000 5.00000000
v 1.00000000 5.00000000 5.50000000
v 1.00000000 5.50000000 1.00000000
v 1.00000000 6.00000000 1.50000000
v 0.50000000 6.00000000 5.00000000
v 1.00000000 6.00000000 5.50000000
v 0.50000000 7.00000000 1.00000000
v 1.00000000 6.50000000 1.00000000
v 1.00000000 7.00000000 0.50000000
v 0.50000000 7.00000000 3.00000000
v 1.00000000 7.00000000 2.50000000
v 1.00000000 6.50000000 3.00000000
v 1.00000000 6.50000000 4.00000000
v 0.50000000 7.00000000 4.00000000
v 1.00000000 7.00000000 4.50000000
v 1.00000000 7.00000000 5.50000000
v 0.50000000 8.00000000 1.00000000
v 1.00000000 8.00000000 0.50000000
v 0.50000000 8.00000000 3.00000000
v 1.00000000 8.00000000 2.50000000
v 1.00000000 8.00000000 3.50000000
v 1.00000000 7.50000000 4.00000000
v 1.00000000 8.00000000 5.50000000
v 0.50000000 9.00000000 1.00000000
v 1.00000000 9.00000000 0.50000000
v 0.50000000 9.00000000 3.00000000
v 1.00000000 9.00000000 2.50000000
v 1.00000000 9.00000000 3.50000000
v 0.50000000 9.00000000 5.00000000
v 1.00000000 9.00000000 5.50000000
v 0.50000000 10.00000000 1.00000000
v 1.00000000 10.00000000 0.50000000
v 1.00000000 9.50000000 3.00000000
v 0.50000000 10.00000000 5.00000000
v 1.00000000 10.00000000 5.50000000
v 1.00000000 10.50000000 1.00000000
v 0.50000000 11.00000000 2.00000000
v 1.00000000 11.00000000 1.50000000
v 0.50000000 11.00000000 3.00000000
v 0.50000000 11.00000000 4.00000000
v 1.00000000 11.00000000 4.50000000
v 1.00000000 10.50000000 5.00000000
v 1.00000000 11.50000000 2.00000000
v 1.00000000 11.50000000 3.00000000
v 1.00000000 11.50000000 4.00000000
v 1.50000000 2.00000000 1.00000000
v 2.00000000 1.50000000 1.00000000
v 2.00000000 2.00000000 0.50000000
v 2.00000000 1.50000000 2.00000000
v 2.00000000 1.50000000 3.00000000
v 1.50000000 2.00000000 4.00000000
v 2.00000000 1.50000000 4.00000000
v 1.50000000 2.00000000 5.00000000
v 2.00000000 1.50000000 5.00000000
v 2.00000000 2.00000000 5.50000000
v 2.00000000 3.00000000 0.50000000
v 1.50000000 3.00000000 3.00000000
v 2.00000000 3.00000000 2.50000000
v 2.00000000 2.50000000 3.00000000
v 2.00000000 3.00000000 3.50000000
v 1.50000000 3.00000000 6.00000000
v 2.00000000 2.50000000 6.00000000
v 2.00000000 3.00000000 6.50000000
v 1.50000000 4.00000000 0.00000000
v 2.00000000 3.50000000 0.00000000
v 2.00000000 4.00000000 -0.50000000
v 1.50000000 4.00000000 2.00000000
v 2.00000000 4.00000000 1.50000000
v 2.00000000 3.50000000 2.00000000
v 1.50000000 4.00000000 3.00000000
v 2.00000000 3.50000000 4.00000000
v 1.50000000 4.00000000 4.00000000
v 2.00000000 4.00000000 4.50000000
v 1.50000000 4.00000000 6.00000000
v 2.00000000 4.00000000 6.50000000
v 1.50000000 5.00000000 0.00000000
v 2.00000000 5.00000000 -0.50000000
v 1.50000000 5.00000000 2.00000000
v 2.00000000 5.00000000 1.50000000
v 1.50000000 5.00000000 3.00000000
v 1.50000000 5.00000000 4.00000000
v 2.00000000 5.00000000 4.50000000
v 1.50000000 5.00000000 6.00000000
v 2.00000000 5.00000000 6.50000000
v 2.00000000 5.50000000 0.00000000
v 1.50000000 6.00000000 1.00000000
v 2.00000000 6.00000000 0.50000000
v 2.00000000 5.50000000 2.00000000
v 1.50000000 6.00000000 3.00000000
v 2.00000000 6.00000000 2.50000000
v 1.50000000 6.00000000 4.00000000
v 2.00000000 6.00000000 4.50000000
v 1.50000000 6.00000000 6.00000000
v 2.00000000 6.00000000 6.50000000
v 2.00000000 7.00000000 0.50000000
v 2.00000000 7.00000000 2.50000000
v 1.50000000 6.50000000 3.50000000
v 1.50000000 7.00000000 4.00000000
v 2.00000000 7.00000000 3.50000000
v 2.00000000 6.50000000 4.00000000
v 2.00000000 7.00000000 5.50000000
v 2.00000000 6.50000000 6.00000000
v 2.00000000 8.00000000 0.50000000
v 2.00000000 8.00000000 2.50000000
v 1.50000000 8.00000000 4.00000000
v 2.00000000 7.50000000 4.00000000
v 2.00000000 8.00000000 4.50000000
v 2.00000000 8.00000000 5.50000000
v 2.00000000 9.00000000 0.50000000
v 1.50000000 9.00000000 2.00000000
v 2.00000000 9.00000000 1.50000000
v 2.00000000 8.50000000 2.00000000
v 1.50000000 9.00000000 4.00000000
v 2.00000000 9.00000000 4.50000000
v 2.00000000 9.00000000 5.50000000
v 2.00000000 10.00000000 0.50000000
v 2.00000000 9.50000000 2.00000000
v 1.50000000 10.00000000 3.00000000
v 2.00000000 10.00000000 2.50000000
v 2.00000000 10.00000000 3.50000000
v 2.00000000 9.50000000 4.00000000
v 2.00000000 10.00000000 5.50000000
v 1.50000000 11.00000000 1.00000000
v 2.00000000 11.00000000 0.50000000
v 2.00000000 10.50000000 3.00000000
v 1.50000000 11.00000000 5.00000000
v 2.00000000 11.00000000 5.50000000
v 1.50000000 12.00000000 1.00000000
v 2.00000000 12.00000000 0.50000000
v 1.50000000 12.00000000 2.00000000
v 1.50000000 12.00000000 3.00000000
v 1.50000000 12.00000000 4.00000000
v 2.00000000 12.00000000 4.50000000
v 2.00000000 11.50000000 5.00000000
v 2.00000000 12.50000000 1.00000000
v 2.00000000 13.00000000 1.50000000
v 1.50000000 13.00000000 2.00000000
v 1.50000000 13.00000000 3.00000000
v 1.50000000 13.00000000 4.00000000
v 2.00000000 13.00000000 4.50000000
v 2.00000000 13.50000000 2.00000000
v 2.00000000 13.50000000 3.00000000
v 2.00000000 13.50000000 4.00000000
v 3.00000000 1.50000000 1.00000000
v 3.00000000 2.00000000 0.50000000
v 3.00000000 1.50000000 2.00000000
v 3.00000000 1.50000000 3.00000000
v 3.00000000 1.50000000 4.00000000
v 3.00000000 1.50000000 5.00000000
v 3.00000000 2.00000000 5.50000000
v 2.50000000 3.00000000 0.00000000
v 3.00000000 2.50000000 0.00000000
v 3.00000000 3.00000000 -0.50000000
v 2.50000000 3.00000000 2.00000000
v 3.00000000 3.00000000 1.50000000
v 3.00000000 2.50000000 2.00000000
v 3.00000000 2.50000000 3.00000000
v 3.00000000 2.50000000 4.00000000
v 2.50000000 3.00000000 4.00000000
v 3.00000000 3.00000000 4.50000000
v 3.00000000 2.50000000 6.00000000
v 3.00000000 3.00000000 6.50000000
v 3.00000000 4.00000000 -0.50000000
v 3.00000000 4.00000000 1.50000000
v 3.00000000 3.50000000 5.00000000
v 2.50000000 4.00000000 5.00000000
v 3.00000000 4.00000000 5.50000000
v 3.00000000 4.00000000 6.50000000
v 3.00000000 5.00000000 -0.50000000
v 3.00000000 5.00000000 1.50000000
v 2.50000000 5.00000000 5.00000000
v 3.00000000 5.00000000 5.50000000
v 3.00000000 5.00000000 6.50000000
v 3.00000000 5.50000000 0.00000000
v 3.00000000 6.00000000 0.50000000
v 2.50000000 6.00000000 2.00000000
v 3.00000000 6.00000000 1.50000000
v 3.00000000 5.50000000 5.00000000
v 3.00000000 6.00000000 4.50000000
v 3.00000000 6.00000000 6.50000000
v 3.00000000 7.00000000 0.50000000
v 3.00000000 6.50000000 2.00000000
v 3.00000000 7.00000000 2.50000000
v 3.00000000 6.50000000 4.00000000
v 3.00000000 7.00000000 3.50000000
v 3.00000000 7.00000000 5.50000000
v 3.00000000 6.50000000 6.00000000
v 3.00000000 8.00000000 0.50000000
v 3.00000000 8.00000000 2.50000000
v 2.50000000 8.00000000 4.00000000
v 3.00000000 8.00000000 3.50000000
v 3.00000000 8.00000000 5.50000000
v 3.00000000 9.00000000 0.50000000
v 3.00000000 9.00000000 1.50000000
v 3.00000000 8.50000000 2.00000000
v 3.00000000 8.50000000 4.00000000
v 3.00000000 9.00000000 4.50000000
v 3.00000000 9.00000000 5.50000000
v 3.00000000 10.00000000 0.50000000
v 2.50000000 10.00000000 2.00000000
v 3.00000000 10.00000000 1.50000000
v 2.50000000 10.00000000 4.00000000
v 3.00000000 10.00000000 4.50000000
v 3.00000000 10.00000000 5.50000000
v 3.00000000 11.00000000 0.50000000
v 2.50000000 11.00000000 2.00000000
v 3.00000000 11.00000000 1.50000000
v 2.50000000 11.00000000 3.00000000
v 3.00000000 11.00000000 3.50000000
v 3.00000000 10.50000000 4.00000000
v 3.00000000 11.00000000 5.50000000
v 3.00000000 12.00000000 0.50000000
v 3.00000000 11.50000000 2.00000000
v 2.50000000 12.00000000 3.00000000
v 3.00000000 12.00000000 2.50000000
v 3.00000000 12.00000000 3.50000000
v 2.50000000 12.00000000 5.00000000
v 3.00000000 12.00000000 5.50000000
v 2.50000000 13.00000000 1.00000000
v 3.00000000 13.00000000 0.50000000
v 3.00000000 12.50000000 3.00000000
v 2.50000000 13.00000000 5.00000000
v 3.00000000 13.00000000 5.50000000
v 2.50000000 14.00000000 1.00000000
v 3.00000000 14.00000000 0.50000000
v 2.50000000 14.00000000 2.00000000
v 2.50000000 14.00000000 3.00000000
v 2.50000000 14.00000000 4.00000000
v 2.50000000 14.00000000 5.00000000
v 3.00000000 14.00000000 5.50000000
v 3.00000000 14.50000000 1.00000000
v 3.00000000 15.00000000 1.50000000
v 2.50000000 15.00000000 2.00000000
v 2.50000000 15.00000000 3.00000000
v 2.50000000 15.00000000 4.00000000
v 3.00000000 15.00000000 4.50000000
v 3.00000000 14.50000000 5.00000000
v 3.00000000 15.50000000 2.00000000
v 3.00000000 15.50000000 3.00000000
v 3.00000000 15.50000000 4.00000000
v 2.50000000 21.00000000 3.00000000
v 3.00000000 20.50000000 3.00000000
v 3.00000000 21.00000000 2.50000000
v 3.00000000 21.00000000 3.50000000
v 2.50000000 22.00000000 2.00000000
v 3.00000000 21.50000000 2.00000000
v 3.00000000 22.00000000 1.50000000
v 2.50000000 22.00000000 3.00000000
v 3.00000000 22.00000000 3.50000000
v 2.50000000 23.00000000 2.00000000
v 3.00000000 23.00000000 1.50000000
v 2.50000000 23.00000000 3.00000000
v 3.00000000 23.00000000 3.50000000
v 3.00000000 23.50000000 2.00000000
v 3.00000000 23.50000000 3.00000000
v 4.00000000 1.50000000 1.00000000
v 4.00000000 2.00000000 0.50000000
v 4.00000000 1.50000000 2.00000000
v 4.00000000 1.50000000 3.00000000
v 4.00000000 1.50000000 4.00000000
v 4.00000000 1.50000000 5.00000000
v 4.00000000 2.00000000 5.50000000
v 4.00000000 2.50000000 0.00000000
v 4.00000000 3.00000000 -0.50000000
v 3.50000000 3.00000000 2.00000000
v 4.00000000 3.00000000 2.50000000
v 4.00000000 2.50000000 3.00000000
v 4.00000000 2.50000000 4.00000000
v 4.00000000 3.00000000 4.50000000
v 4.00000000 2.50000000 6.00000000
v 4.00000000 3.00000000 6.50000000
v 4.00000000 4.00000000 -0.50000000
v 4.00000000 4.00000000 1.50000000
v 4.00000000 3.50000000 2.00000000
v 3.50000000 4.00000000 5.00000000
v 4.00000000 4.00000000 4.50000000
v 4.00000000 4.00000000 6.50000000
v 4.00000000 5.00000000 -0.50000000
v 4.00000000 5.00000000 1.50000000
v 3.50000000 5.00000000 5.00000000
v 4.00000000 5.00000000 4.50000000
v 4.00000000 5.00000000 6.50000000
v 4.00000000 5.50000000 0.00000000
v 4.00000000 6.00000000 0.50000000
v 4.00000000 5.50000000 2.00000000
v 3.50000000 6.00000000 2.00000000
v 4.00000000 6.00000000 2.50000000
v 4.00000000 6.00000000 4.50000000
v 4.00000000 6.00000000 6.50000000
v 4.00000000 7.00000000 0.50000000
v 3.50000000 7.00000000 3.00000000
v 4.00000000 6.50000000 3.00000000
v 4.00000000 6.50000000 4.00000000
v 4.00000000 7.00000000 5.50000000
v 4.00000000 6.50000000 6.00000000
v 4.00000000 8.00000000 0.50000000
v 4.00000000 8.00000000 2.50000000
v 4.00000000 7.50000000 3.00000000
v 4.00000000 8.00000000 3.50000000
v 4.00000000 8.00000000 5.50000000
v 4.00000000 9.00000000 0.50000000
v 4.00000000 9.00000000 1.50000000
v 4.00000000 8.50000000 2.00000000
v 4.00000000 8.50000000 4.00000000
v 4.00000000 9.00000000 4.50000000
v 4.00000000 9.00000000 5.50000000
v 4.00000000 10.00000000 0.50000000
v 4.00000000 10.00000000 1.50000000
v 4.00000000 10.00000000 4.50000000
v 4.00000000 10.00000000 5.50000000
v 3.50000000 11.00000000 0.00000000
v 4.00000000 10.50000000 0.00000000
v 4.00000000 11.00000000 -0.50000000
v 4.00000000 11.00000000 1.50000000
v 4.00000000 10.50000000 4.00000000
v 4.00000000 11.00000000 3.50000000
v 4.00000000 11.00000000 5.50000000
v 3.50000000 12.00000000 0.00000000
v 4.00000000 12.00000000 -0.50000000
v 3.50000000 12.00000000 2.00000000
v 4.00000000 12.00000000 1.50000000
v 4.00000000 11.50000000 4.00000000
v 3.50000000 12.00000000 4.00000000
v 4.00000000 12.00000000 4.50000000
v 4.00000000 11.50000000 6.00000000
v 3.50000000 12.00000000 6.00000000
v 4.00000000 12.00000000 6.50000000
v 3.50000000 13.00000000 0.00000000
v 4.00000000 13.00000000 -0.50000000
v 3.50000000 13.00000000 2.00000000
v 4.00000000 13.00000000 1.50000000
v 3.50000000 13.00000000 3.00000000
v 3.50000000 13.00000000 4.00000000
v 4.00000000 13.00000000 4.50000000
v 3.50000000 13.00000000 6.00000000
v 4.00000000 13.00000000 6.50000000
v 3.50000000 14.00000000 0.00000000
v 4.00000000 14.00000000 -0.50000000
v 4.00000000 13.50000000 2.00000000
v 3.50000000 14.00000000 3.00000000
v 4.00000000 14.00000000 2.50000000
v 4.00000000 14.00000000 3.50000000
v 4.00000000 13.50000000 4.00000000
v 3.50000000 14.00000000 6.00000000
v 4.00000000 14.00000000 6.50000000
v 4.00000000 14.50000000 0.00000000
v 3.50000000 15.00000000 1.00000000
v 4.00000000 15.00000000 0.50000000
v 4.00000000 14.50000000 3.00000000
v 3.50000000 15.00000000 5.00000000
v 4.00000000 15.00000000 5.50000000
v 4.00000000 14.50000000 6.00000000
v 4.00000000 15.50000000 1.00000000
v 4.00000000 15.50000000 2.00000000
v 4.00000000 15.50000000 3.00000000
v 4.00000000 15.50000000 4.00000000
v 4.00000000 15.50000000 5.00000000
v 3.50000000 17.00000000 3.00000000
v 4.00000000 16.50000000 3.00000000
v 4.00000000 17.00000000 2.50000000
v 3.50000000 17.00000000 4.00000000
v 4.00000000 16.50000000 4.00000000
v 4.00000000 17.00000000 4.50000000
v 3.50000000 18.00000000 2.00000000
v 4.00000000 17.50000000 2.00000000
v 4.00000000 18.00000000 1.50000000
v 3.50000000 18.00000000 3.00000000
v 3.50000000 18.00000000 4.00000000
v 4.00000000 18.00000000 4.50000000
v 3.50000000 19.00000000 2.00000000
v 4.00000000 19.00000000 1.50000000
v 3.50000000 19.00000000 3.00000000
v 3.50000000 19.00000000 4.00000000
v 4.00000000 19.00000000 4.50000000
v 3.50000000 20.00000000 2.00000000
v 4.00000000 20.00000000 1.50000000
v 3.50000000 20.00000000 3.00000000
v 3.50000000 20.00000000 4.00000000
v 4.00000000 20.00000000 4.50000000
v 3.50000000 21.00000000 2.00000000
v 4.00000000 21.00000000 1.50000000
v 3.50000000 21.00000000 4.00000000
v 4.00000000 21.00000000 4.50000000
v 3.50000000 22.00000000 1.00000000
v 4.00000000 21.50000000 1.00000000
v 4.00000000 22.00000000 0.50000000
v 3.50000000 22.00000000 4.00000000
v 4.00000000 22.00000000 4.50000000
v 3.50000000 23.00000000 1.00000000
v 4.00000000 23.00000000 0.50000000
v 3.50000000 23.00000000 4.00000000
v 4.00000000 23.00000000 4.50000000
v 4.00000000 23.50000000 1.00000000
v 3.50000000 24.00000000 2.00000000
v 4.00000000 24.00000000 1.50000000
v 3.50000000 24.00000000 3.00000000
v 3.50000000 24.00000000 4.00000000
v 4.00000000 24.00000000 4.50000000
v 4.00000000 24.50000000 2.00000000
v 4.00000000 24.50000000 3.00000000
v 4.00000000 24.50000000 4.00000000
v 4.50000000 2.00000000 1.00000000
v 5.00000000 2.00000000 1.50000000
v 5.00000000 1.50000000 2.00000000
v 5.00000000 1.50000000 3.00000000
v 5.00000000 1.50000000 4.00000000
v 5.00000000 1.50000000 5.00000000
v 5.00000000 2.00000000 5.50000000
v 4.50000000 3.00000000 0.00000000
v 5.00000000 3.00000000 0.50000000
v 5.00000000 2.50000000 1.00000000
v 4.50000000 3.00000000 3.00000000
v 4.50000000 3.00000000 4.00000000
v 4.50000000 3.00000000 6.00000000
v 5.00000000 3.00000000 5.50000000
v 4.50000000 4.00000000 0.00000000
v 5.00000000 4.00000000 0.50000000
v 4.50000000 4.00000000 2.00000000
v 5.00000000 4.00000000 2.50000000
v 5.00000000 3.50000000 3.00000000
v 5.00000000 3.50000000 4.00000000
v 5.00000000 4.00000000 4.50000000
v 4.50000000 4.00000000 6.00000000
v 5.00000000 4.00000000 5.50000000
v 4.50000000 5.00000000 0.00000000
v 5.00000000 5.00000000 0.50000000
v 4.50000000 5.00000000 2.00000000
v 5.00000000 5.00000000 2.50000000
v 5.00000000 5.00000000 4.50000000
v 4.50000000 5.00000000 6.00000000
v 5.00000000 5.00000000 5.50000000
v 5.00000000 6.00000000 0.50000000
v 4.50000000 6.00000000 3.00000000
v 5.00000000 5.50000000 3.00000000
v 4.50000000 6.00000000 4.00000000
v 5.00000000 5.50000000 4.00000000
v 4.50000000 6.00000000 6.00000000
v 5.00000000 6.00000000 5.50000000
v 5.00000000 6.50000000 1.00000000
v 4.50000000 7.00000000 1.00000000
v 5.00000000 7.00000000 1.50000000
v 5.00000000 6.50000000 5.00000000
v 4.50000000 7.00000000 5.00000000
v 5.00000000 7.00000000 4.50000000
v 5.00000000 7.50000000 1.00000000
v 5.00000000 8.00000000 0.50000000
v 4.50000000 8.00000000 3.00000000
v 5.00000000 7.50000000 5.00000000
v 5.00000000 8.00000000 5.50000000
v 5.00000000 9.00000000 0.50000000
v 4.50000000 9.00000000 2.00000000
v 5.00000000 9.00000000 2.50000000
v 5.00000000 8.50000000 3.00000000
v 4.50000000 9.00000000 4.00000000
v 5.00000000 9.00000000 3.50000000
v 5.00000000 9.00000000 5.50000000
v 5.00000000 10.00000000 0.50000000
v 4.50000000 10.00000000 2.00000000
v 5.00000000 10.00000000 2.50000000
v 4.50000000 10.00000000 4.00000000
v 5.00000000 10.00000000 3.50000000
v 5.00000000 10.00000000 5.50000000
v 5.00000000 10.50000000 0.00000000
v 5.00000000 11.00000000 -0.50000000
v 5.00000000 11.00000000 1.50000000
v 5.00000000 10.50000000 2.00000000
v 4.50000000 11.00000000 4.00000000
v 5.00000000 10.50000000 4.00000000
v 5.00000000 11.00000000 4.50000000
v 5.00000000 10.50000000 6.00000000
v 4.50000000 11.00000000 6.00000000
v 5.00000000 11.00000000 6.50000000
v 5.00000000 12.00000000 -0.50000000
v 4.50000000 12.00000000 1.00000000
v 5.00000000 12.00000000 0.50000000
v 5.00000000 11.50000000 1.00000000
v 5.00000000 12.00000000 4.50000000
v 5.00000000 12.00000000 6.50000000
v 5.00000000 13.00000000 -0.50000000
v 4.50000000 13.00000000 1.00000000
v 5.00000000 13.00000000 0.50000000
v 5.00000000 12.50000000 5.00000000
v 4.50000000 13.00000000 5.00000000
v 5.00000000 13.00000000 5.50000000
v 5.00000000 13.00000000 6.50000000
v 5.00000000 14.00000000 -0.50000000
v 5.00000000 13.50000000 1.00000000
v 4.50000000 14.00000000 2.00000000
v 5.00000000 14.00000000 1.50000000
v 4.50000000 14.00000000 4.00000000
v 5.00000000 14.00000000 4.50000000
v 5.00000000 13.50000000 5.00000000
v 5.00000000 14.00000000 6.50000000
v 5.00000000 14.50000000 0.00000000
v 5.00000000 15.00000000 0.50000000
v 5.00000000 14.50000000 2.00000000
v 5.00000000 14.50000000 3.00000000
v 5.00000000 14.50000000 4.00000000
v 5.00000000 15.00000000 5.50000000
v 5.00000000 14.50000000 6.00000000
v 5.00000000 15.50000000 1.00000000
v 4.50000000 16.00000000 2.00000000
v 5.00000000 16.00000000 1.50000000
v 4.50000000 16.00000000 3.00000000
v 4.50000000 16.00000000 4.00000000
v 5.00000000 16.00000000 4.50000000
v 5.00000000 15.50000000 5.00000000
v 4.50000000 17.00000000 1.00000000
v 5.00000000 16.50000000 1.00000000
v 5.00000000 17.00000000 0.50000000
v 4.50000000 17.00000000 2.00000000
v 4.50000000 17.00000000 5.00000000
v 5.00000000 16.50000000 5.00000000
v 5.00000000 17.00000000 5.50000000
v 4.50000000 18.00000000 1.00000000
v 5.00000000 18.00000000 0.50000000
v 5.00000000 17.50000000 3.00000000
v 4.50000000 18.00000000 3.00000000
v 5.00000000 18.00000000 2.50000000
v 5.00000000 18.00000000 3.50000000
v 4.50000000 18.00000000 5.00000000
v 5.00000000 18.00000000 5.50000000
v 4.50000000 19.00000000 1.00000000
v 5.00000000 19.00000000 0.50000000
v 4.50000000 19.00000000 3.00000000
v 5.00000000 19.00000000 2.50000000
v 5.00000000 19.00000000 3.50000000
v 4.50000000 19.00000000 5.00000000
v 5.00000000 19.00000000 5.50000000
v 4.50000000 20.00000000 1.00000000
v 5.00000000 20.00000000 0.50000000
v 4.50000000 20.00000000 3.00000000
v 5.00000000 20.00000000 2.50000000
v 5.00000000 20.00000000 3.50000000
v 4.50000000 20.00000000 5.00000000
v 5.00000000 20.00000000 5.50000000
v 4.50000000 21.00000000 1.00000000
v 5.00000000 21.00000000 0.50000000
v 4.50000000 21.00000000 3.00000000
v 5.00000000 21.00000000 2.50000000
v 5.00000000 21.00000000 3.50000000
v 4.50000000 21.00000000 5.00000000
v 5.00000000 21.00000000 5.50000000
v 5.00000000 22.00000000 0.50000000
v 4.50000000 22.00000000 3.00000000
v 5.00000000 22.00000000 2.50000000
v 5.00000000 22.00000000 3.50000000
v 4.50000000 22.00000000 5.00000000
v 5.00000000 22.00000000 5.50000000
v 5.00000000 23.00000000 0.50000000
v 4.50000000 23.00000000 3.00000000
v 5.00000000 23.00000000 2.50000000
v 5.00000000 23.00000000 3.50000000
v 4.50000000 23.00000000 5.00000000
v 5.00000000 23.00000000 5.50000000
v 4.50000000 24.00000000 1.00000000
v 5.00000000 24.00000000 0.50000000
v 5.00000000 23.50000000 3.00000000
v 5.00000000 24.00000000 4.50000000
v 5.00000000 23.50000000 5.00000000
v 5.00000000 24.50000000 1.00000000
v 5.00000000 24.50000000 2.00000000
v 5.00000000 24.50000000 3.00000000
v 5.00000000 24.50000000 4.00000000
v 5.50000000 2.00000000 2.00000000
v 5.50000000 2.00000000 3.00000000
v 5.50000000 2.00000000 4.00000000
v 5.50000000 2.00000000 5.00000000
v 5.50000000 3.00000000 1.00000000
v 6.00000000 3.00000000 1.50000000
v 6.00000000 2.50000000 2.00000000
v 6.00000000 2.50000000 3.00000000
v 6.00000000 2.50000000 4.00000000
v 6.00000000 2.50000000 5.00000000
v 6.00000000 3.00000000 5.50000000
v 5.50000000 4.00000000 1.00000000
v 6.00000000 4.00000000 1.50000000
v 5.50000000 4.00000000 3.00000000
v 5.50000000 4.00000000 4.00000000
v 6.00000000 4.00000000 5.50000000
v 5.50000000 5.00000000 1.00000000
v 6.00000000 5.00000000 1.50000000
v 5.50000000 5.00000000 3.00000000
v 5.50000000 5.00000000 4.00000000
v 6.00000000 5.00000000 5.50000000
v 5.50000000 6.00000000 1.00000000
v 6.00000000 6.00000000 1.50000000
v 6.00000000 5.50000000 5.00000000
v 5.50000000 6.00000000 5.00000000
v 6.00000000 6.00000000 4.50000000
v 6.00000000 7.00000000 0.50000000
v 5.50000000 7.00000000 1.00000000
v 6.00000000 6.50000000 1.00000000
v 6.00000000 7.00000000 4.50000000
v 6.00000000 8.00000000 0.50000000
v 5.50000000 8.00000000 5.00000000
v 6.00000000 8.00000000 4.50000000
v 6.00000000 9.00000000 0.50000000
v 5.50000000 9.00000000 3.00000000
v 6.00000000 8.50000000 5.00000000
v 6.00000000 9.00000000 5.50000000
v 6.00000000 10.00000000 0.50000000
v 6.00000000 10.00000000 2.50000000
v 6.00000000 9.50000000 3.00000000
v 6.00000000 10.00000000 3.50000000
v 6.00000000 10.00000000 5.50000000
v 6.00000000 10.50000000 0.00000000
v 6.00000000 11.00000000 -0.50000000
v 6.00000000 11.00000000 1.50000000
v 6.00000000 10.50000000 2.00000000
v 6.00000000 10.50000000 4.00000000
v 6.00000000 11.00000000 4.50000000
v 6.00000000 10.50000000 6.00000000
v 6.00000000 11.00000000 6.50000000
v 6.00000000 12.00000000 -0.50000000
v 5.50000000 12.00000000 1.00000000
v 6.00000000 12.00000000 1.50000000
v 6.00000000 12.00000000 4.50000000
v 6.00000000 12.00000000 6.50000000
v 6.00000000 13.00000000 -0.50000000
v 5.50000000 13.00000000 1.00000000
v 6.00000000 13.00000000 1.50000000
v 6.00000000 12.50000000 5.00000000
v 6.00000000 13.00000000 5.50000000
v 6.00000000 13.00000000 6.50000000
v 6.00000000 14.00000000 -0.50000000
v 5.50000000 14.00000000 2.00000000
v 6.00000000 13.50000000 2.00000000
v 6.00000000 14.00000000 2.50000000
v 6.00000000 13.50000000 5.00000000
v 6.00000000 14.00000000 4.50000000
v 6.00000000 14.00000000 6.50000000
v 6.00000000 14.50000000 0.00000000
v 6.00000000 15.00000000 0.50000000
v 6.00000000 15.00000000 2.50000000
v 5.50000000 15.00000000 3.00000000
v 6.00000000 15.00000000 3.50000000
v 6.00000000 14.50000000 4.00000000
v 6.00000000 15.00000000 5.50000000
v 6.00000000 14.50000000 6.00000000
v 5.50000000 16.00000000 1.00000000
v 6.00000000 16.00000000 0.50000000
v 5.50000000 16.00000000 3.00000000
v 6.00000000 16.00000000 2.50000000
v 6.00000000 16.00000000 3.50000000
v 5.50000000 16.00000000 5.00000000
v 6.00000000 16.00000000 5.50000000
v 6.00000000 17.00000000 0.50000000
v 5.50000000 17.00000000 3.00000000
v 6.00000000 17.00000000 2.50000000
v 6.00000000 16.50000000 4.00000000
v 5.50000000 17.00000000 4.00000000
v 6.00000000 17.00000000 4.50000000
v 6.00000000 17.00000000 5.50000000
v 5.50000000 18.00000000 0.00000000
v 6.00000000 17.50000000 0.00000000
v 6.00000000 18.00000000 -0.50000000
v 5.50000000 18.00000000 2.00000000
v 6.00000000 18.00000000 1.50000000
v 6.00000000 17.50000000 2.00000000
v 5.50000000 18.00000000 4.00000000
v 6.00000000 18.00000000 4.50000000
v 6.00000000 17.50000000 6.00000000
v 5.50000000 18.00000000 6.00000000
v 6.00000000 18.00000000 6.50000000
v 5.50000000 19.00000000 0.00000000
v 6.00000000 19.00000000 -0.50000000
v 5.50000000 19.00000000 2.00000000
v 6.00000000 19.00000000 1.50000000
v 5.50000000 19.00000000 4.00000000
v 6.00000000 19.00000000 4.50000000
v 5.50000000 19.00000000 6.00000000
v 6.00000000 19.00000000 6.50000000
v 6.00000000 19.50000000 0.00000000
v 6.00000000 20.00000000 0.50000000
v 5.50000000 20.00000000 2.00000000
v 6.00000000 20.00000000 1.50000000
v 5.50000000 20.00000000 4.00000000
v 6.00000000 20.00000000 4.50000000
v 6.00000000 20.00000000 5.50000000
v 6.00000000 19.50000000 6.00000000
v 6.00000000 21.00000000 0.50000000
v 5.50000000 21.00000000 2.00000000
v 6.00000000 21.00000000 1.50000000
v 6.00000000 20.50000000 4.00000000
v 6.00000000 21.00000000 3.50000000
v 6.00000000 21.00000000 5.50000000
v 6.00000000 22.00000000 0.50000000
v 5.50000000 22.00000000 2.00000000
v 6.00000000 22.00000000 1.50000000
v 6.00000000 22.00000000 3.50000000
v 6.00000000 22.00000000 5.50000000
v 6.00000000 23.00000000 0.50000000
v 6.00000000 22.50000000 2.00000000
v 6.00000000 23.00000000 2.50000000
v 6.00000000 23.00000000 3.50000000
v 6.00000000 23.00000000 5.50000000
v 6.00000000 24.00000000 0.50000000
v 6.00000000 23.50000000 3.00000000
v 6.00000000 24.00000000 4.50000000
v 6.00000000 23.50000000 5.00000000
v 6.00000000 24.50000000 1.00000000
v 5.50000000 25.00000000 2.00000000
v 6.00000000 25.00000000 1.50000000
v 5.50000000 25.00000000 3.00000000
v 5.50000000 25.00000000 4.00000000
v 6.00000000 25.00000000 4.50000000
v 5.50000000 26.00000000 2.00000000
v 6.00000000 26.00000000 1.50000000
v 5.50000000 26.00000000 3.00000000
v 5.50000000 26.00000000 4.00000000
v 6.00000000 26.00000000 4.50000000
v 5.50000000 27.00000000 2.00000000
v 6.00000000 27.00000000 1.50000000
v 5.50000000 27.00000000 3.00000000
v 5.50000000 27.00000000 4.00000000
v 6.00000000 27.00000000 4.50000000
v 5.50000000 28.00000000 2.00000000
v 6.00000000 28.00000000 1.50000000
v 5.50000000 28.00000000 3.00000000
v 5.50000000 28.00000000 4.00000000
v 6.00000000 28.00000000 4.50000000
v 5.50000000 29.00000000 2.00000000
v 6.00000000 29.00000000 1.50000000
v 5.50000000 29.00000000 3.00000000
v 5.50000000 29.00000000 4.00000000
v 6.00000000 29.00000000 4.50000000
v 6.00000000 29.50000000 2.00000000
v 6.00000000 30.00000000 2.50000000
v 5.50000000 30.00000000 3.00000000
v 5.50000000 30.00000000 4.00000000
v 6.00000000 30.00000000 4.50000000
v 6.00000000 30.50000000 3.00000000
v 6.00000000 30.50000000 4.00000000
v 6.50000000 3.00000000 2.00000000
v 6.50000000 3.00000000 3.00000000
v 6.50000000 3.00000000 4.00000000
v 6.50000000 3.00000000 5.00000000
v 6.50000000 4.00000000 2.00000000
v 6.50000000 4.00000000 3.00000000
v 6.50000000 4.00000000 4.00000000
v 6.50000000 4.00000000 5.00000000
v 6.50000000 5.00000000 2.00000000
v 6.50000000 5.00000000 3.00000000
v 6.50000000 5.00000000 4.00000000
v 6.50000000 5.00000000 5.00000000
v 6.50000000 6.00000000 1.00000000
v 7.00000000 5.50000000 1.00000000
v 7.00000000 6.00000000 0.50000000
v 7.00000000 5.50000000 2.00000000
v 7.00000000 5.50000000 3.00000000
v 7.00000000 5.50000000 4.00000000
v 6.50000000 6.00000000 5.00000000
v 7.00000000 5.50000000 5.00000000
v 7.00000000 6.00000000 5.50000000
v 7.00000000 7.00000000 0.50000000
v 6.50000000 7.00000000 3.00000000
v 7.00000000 7.00000000 2.50000000
v 7.00000000 6.50000000 3.00000000
v 7.00000000 7.00000000 3.50000000
v 6.50000000 7.00000000 5.00000000
v 7.00000000 7.00000000 5.50000000
v 7.00000000 8.00000000 0.50000000
v 6.50000000 8.00000000 2.00000000
v 7.00000000 8.00000000 1.50000000
v 7.00000000 7.50000000 2.00000000
v 6.50000000 8.00000000 3.00000000
v 7.00000000 8.00000000 3.50000000
v 6.50000000 8.00000000 5.00000000
v 7.00000000 8.00000000 5.50000000
v 7.00000000 9.00000000 0.50000000
v 6.50000000 9.00000000 2.00000000
v 7.00000000 9.00000000 1.50000000
v 6.50000000 9.00000000 3.00000000
v 7.00000000 9.00000000 3.50000000
v 7.00000000 9.00000000 5.50000000
v 7.00000000 10.00000000 0.50000000
v 6.50000000 10.00000000 2.00000000
v 7.00000000 10.00000000 1.50000000
v 7.00000000 9.50000000 4.00000000
v 6.50000000 10.00000000 4.00000000
v 7.00000000 10.00000000 4.50000000
v 7.00000000 10.00000000 5.50000000
v 6.50000000 11.00000000 0.00000000
v 7.00000000 11.00000000 0.50000000
v 7.00000000 11.00000000 1.50000000
v 7.00000000 11.00000000 4.50000000
v 6.50000000 11.00000000 6.00000000
v 7.00000000 11.00000000 5.50000000
v 7.00000000 11.50000000 0.00000000
v 7.00000000 12.00000000 -0.50000000
v 7.00000000 12.00000000 1.50000000
v 7.00000000 12.00000000 4.50000000
v 7.00000000 11.50000000 6.00000000
v 7.00000000 12.00000000 6.50000000
v 7.00000000 13.00000000 -0.50000000
v 7.00000000 12.50000000 2.00000000
v 6.50000000 13.00000000 2.00000000
v 7.00000000 13.00000000 2.50000000
v 6.50000000 13.00000000 5.00000000
v 7.00000000 13.00000000 4.50000000
v 7.00000000 13.00000000 6.50000000
v 7.00000000 13.50000000 0.00000000
v 6.50000000 14.00000000 0.00000000
v 7.00000000 14.00000000 0.50000000
v 6.50000000 14.00000000 3.00000000
v 7.00000000 13.50000000 3.00000000
v 6.50000000 14.00000000 4.00000000
v 7.00000000 13.50000000 4.00000000
v 7.00000000 13.50000000 6.00000000
v 6.50000000 14.00000000 6.00000000
v 7.00000000 14.00000000 5.50000000
v 7.00000000 15.00000000 0.50000000
v 6.50000000 15.00000000 3.00000000
v 7.00000000 15.00000000 5.50000000
v 7.00000000 16.00000000 0.50000000
v 6.50000000 16.00000000 2.00000000
v 7.00000000 16.00000000 1.50000000
v 7.00000000 15.50000000 2.00000000
v 7.00000000 15.50000000 3.00000000
v 7.00000000 15.50000000 4.00000000
v 6.50000000 16.00000000 4.00000000
v 7.00000000 16.00000000 4.50000000
v 7.00000000 16.00000000 5.50000000
v 7.00000000 17.00000000 0.50000000
v 6.50000000 17.00000000 2.00000000
v 7.00000000 17.00000000 1.50000000
v 7.00000000 17.00000000 4.50000000
v 7.00000000 17.00000000 5.50000000
v 7.00000000 17.50000000 0.00000000
v 7.00000000 18.00000000 -0.50000000
v 7.00000000 18.00000000 1.50000000
v 7.00000000 18.00000000 4.50000000
v 7.00000000 17.50000000 6.00000000
v 7.00000000 18.00000000 6.50000000
v 7.00000000 19.00000000 -0.50000000
v 7.00000000 19.00000000 1.50000000
v 7.00000000 19.00000000 4.50000000
v 7.00000000 19.00000000 6.50000000
v 6.50000000 20.00000000 0.00000000
v 7.00000000 20.00000000 -0.50000000
v 7.00000000 20.00000000 1.50000000
v 7.00000000 20.00000000 4.50000000
v 6.50000000 20.00000000 6.00000000
v 7.00000000 20.00000000 6.50000000
v 7.00000000 20.50000000 0.00000000
v 7.00000000 21.00000000 0.50000000
v 7.00000000 20.50000000 2.00000000
v 6.50000000 21.00000000 2.00000000
v 7.00000000 21.00000000 2.50000000
v 7.00000000 20.50000000 4.00000000
v 7.00000000 21.00000000 3.50000000
v 7.00000000 21.00000000 5.50000000
v 7.00000000 20.50000000 6.00000000
v 7.00000000 22.00000000 0.50000000
v 6.50000000 22.00000000 2.00000000
v 7.00000000 21.50000000 3.00000000
v 6.50000000 22.00000000 3.00000000
v 6.50000000 22.00000000 5.00000000
v 7.00000000 22.00000000 4.50000000
v 7.00000000 21.50000000 5.00000000
v 7.00000000 23.00000000 0.50000000
v 6.50000000 23.00000000 3.00000000
v 6.50000000 23.00000000 5.00000000
v 7.00000000 23.00000000 4.50000000
v 7.00000000 23.50000000 1.00000000
v 6.50000000 24.00000000 1.00000000
v 7.00000000 24.00000000 1.50000000
v 7.00000000 24.00000000 2.50000000
v 6.50000000 24.00000000 3.00000000
v 7.00000000 23.50000000 3.00000000
v 7.00000000 24.00000000 3.50000000
v 7.00000000 24.00000000 4.50000000
v 7.00000000 25.00000000 1.50000000
v 7.00000000 24.50000000 3.00000000
v 7.00000000 25.00000000 4.50000000
v 7.00000000 26.00000000 1.50000000
v 6.50000000 26.00000000 3.00000000
v 7.00000000 26.00000000 2.50000000
v 7.00000000 25.50000000 3.00000000
v 7.00000000 26.00000000 3.50000000
v 7.00000000 26.00000000 4.50000000
v 7.00000000 27.00000000 1.50000000
v 6.50000000 27.00000000 3.00000000
v 7.00000000 27.00000000 2.50000000
v 7.00000000 27.00000000 3.50000000
v 7.00000000 26.50000000 5.00000000
v 6.50000000 27.00000000 5.00000000
v 7.00000000 27.00000000 5.50000000
v 6.50000000 28.00000000 1.00000000
v 7.00000000 27.50000000 1.00000000
v 7.00000000 28.00000000 0.50000000
v 6.50000000 28.00000000 3.00000000
v 7.00000000 28.00000000 2.50000000
v 7.00000000 28.00000000 3.50000000
v 6.50000000 28.00000000 5.00000000
v 7.00000000 28.00000000 5.50000000
v 6.50000000 29.00000000 1.00000000
v 7.00000000 29.00000000 0.50000000
v 6.50000000 29.00000000 3.00000000
v 7.00000000 29.00000000 2.50000000
v 7.00000000 29.00000000 3.50000000
v 6.50000000 29.00000000 5.00000000
v 7.00000000 29.00000000 5.50000000
v 6.50000000 30.00000000 1.00000000
v 7.00000000 30.00000000 0.50000000
v 6.50000000 30.00000000 2.00000000
v 7.00000000 29.50000000 3.00000000
v 6.50000000 30.00000000 5.00000000
v 7.00000000 30.00000000 5.50000000
v 7.00000000 30.50000000 1.00000000
v 7.00000000 30.50000000 2.00000000
v 7.00000000 30.50000000 3.00000000
v 7.00000000 30.50000000 4.00000000
v 7.00000000 30.50000000 5.00000000
v 7.50000000 4.00000000 2.00000000
v 8.00000000 3.50000000 2.00000000
v 8.00000000 4.00000000 1.50000000
v 7.50000000 4.00000000 3.00000000
v 8.00000000 3.50000000 3.00000000
v 7.50000000 4.00000000 4.00000000
v 8.00000000 3.50000000 4.00000000
v 8.00000000 4.00000000 4.50000000
v 7.50000000 5.00000000 2.00000000
v 8.00000000 5.00000000 1.50000000
v 7.50000000 5.00000000 3.00000000
v 7.50000000 5.00000000 4.00000000
v 8.00000000 5.00000000 4.50000000
v 8.00000000 5.50000000 1.00000000
v 8.00000000 6.00000000 0.50000000
v 8.00000000 5.50000000 5.00000000
v 8.00000000 6.00000000 5.50000000
v 7.50000000 7.00000000 0.00000000
v 8.00000000 6.50000000 0.00000000
v 8.00000000 7.00000000 -0.50000000
v 7.50000000 7.00000000 2.00000000
v 8.00000000 7.00000000 1.50000000
v 8.00000000 6.50000000 2.00000000
v 8.00000000 6.50000000 3.00000000
v 8.00000000 6.50000000 4.00000000
v 7.50000000 7.00000000 4.00000000
v 8.00000000 7.00000000 4.50000000
v 8.00000000 7.00000000 5.50000000
v 7.50000000 8.00000000 0.00000000
v 8.00000000 8.00000000 -0.50000000
v 8.00000000 8.00000000 1.50000000
v 7.50000000 8.00000000 4.00000000
v 8.00000000 8.00000000 4.50000000
v 8.00000000 8.00000000 5.50000000
v 7.50000000 9.00000000 0.00000000
v 8.00000000 9.00000000 -0.50000000
v 8.00000000 9.00000000 1.50000000
v 7.50000000 9.00000000 4.00000000
v 8.00000000 9.00000000 4.50000000
v 8.00000000 9.00000000 5.50000000
v 8.00000000 9.50000000 0.00000000
v 8.00000000 10.00000000 0.50000000
v 8.00000000 9.50000000 2.00000000
v 7.50000000 10.00000000 2.00000000
v 8.00000000 10.00000000 2.50000000
v 8.00000000 10.00000000 3.50000000
v 7.50000000 10.00000000 4.00000000
v 8.00000000 9.50000000 4.00000000
v 8.00000000 10.00000000 5.50000000
v 8.00000000 11.00000000 0.50000000
v 7.50000000 11.00000000 2.00000000
v 8.00000000 11.00000000 2.50000000
v 7.50000000 11.00000000 4.00000000
v 8.00000000 11.00000000 3.50000000
v 8.00000000 11.00000000 5.50000000
v 7.50000000 12.00000000 0.00000000
v 8.00000000 12.00000000 0.50000000
v 7.50000000 12.00000000 2.00000000
v 8.00000000 11.50000000 3.00000000
v 7.50000000 12.00000000 3.00000000
v 7.50000000 12.00000000 4.00000000
v 7.50000000 12.00000000 6.00000000
v 8.00000000 12.00000000 5.50000000
v 7.50000000 13.00000000 0.00000000
v 8.00000000 13.00000000 0.50000000
v 7.50000000 13.00000000 3.00000000
v 7.50000000 13.00000000 4.00000000
v 7.50000000 13.00000000 6.00000000
v 8.00000000 13.00000000 5.50000000
v 8.00000000 13.50000000 1.00000000
v 7.50000000 14.00000000 1.00000000
v 8.00000000 14.00000000 1.50000000
v 8.00000000 14.00000000 5.50000000
v 7.50000000 15.00000000 1.00000000
v 8.00000000 15.00000000 1.50000000
v 8.00000000 15.00000000 5.50000000
v 8.00000000 15.50000000 1.00000000
v 8.00000000 16.00000000 0.50000000
v 7.50000000 16.00000000 2.00000000
v 8.00000000 16.00000000 2.50000000
v 8.00000000 15.50000000 3.00000000
v 7.50000000 16.00000000 4.00000000
v 8.00000000 16.00000000 3.50000000
v 8.00000000 16.00000000 5.50000000
v 8.00000000 17.00000000 0.50000000
v 7.50000000 17.00000000 2.00000000
v 8.00000000 17.00000000 2.50000000
v 7.50000000 17.00000000 4.00000000
v 8.00000000 17.00000000 3.50000000
v 8.00000000 17.00000000 5.50000000
v 8.00000000 17.50000000 0.00000000
v 8.00000000 18.00000000 -0.50000000
v 8.00000000 18.00000000 1.50000000
v 8.00000000 17.50000000 2.00000000
v 8.00000000 17.50000000 4.00000000
v 8.00000000 18.00000000 4.50000000
v 8.00000000 17.50000000 6.00000000
v 8.00000000 18.00000000 6.50000000
v 8.00000000 19.00000000 -0.50000000
v 8.00000000 19.00000000 1.50000000
v 8.00000000 19.00000000 4.50000000
v 8.00000000 19.00000000 6.50000000
v 8.00000000 20.00000000 -0.50000000
v 8.00000000 19.50000000 2.00000000
v 7.50000000 20.00000000 2.00000000
v 8.00000000 20.00000000 2.50000000
v 7.50000000 20.00000000 4.00000000
v 8.00000000 19.50000000 4.00000000
v 8.00000000 20.00000000 3.50000000
v 7.50000000 20.00000000 6.00000000
v 8.00000000 20.00000000 5.50000000
v 8.00000000 19.50000000 6.00000000
v 8.00000000 20.50000000 0.00000000
v 8.00000000 21.00000000 0.50000000
v 7.50000000 21.00000000 3.00000000
v 8.00000000 20.50000000 3.00000000
v 8.00000000 21.00000000 5.50000000
v 8.00000000 21.50000000 1.00000000
v 7.50000000 22.00000000 1.00000000
v 8.00000000 22.00000000 1.50000000
v 8.00000000 21.50000000 4.00000000
v 7.50000000 22.00000000 4.00000000
v 8.00000000 22.00000000 3.50000000
v 8.00000000 21.50000000 5.00000000
v 7.50000000 23.00000000 1.00000000
v 8.00000000 23.00000000 1.50000000
v 8.00000000 22.50000000 4.00000000
v 8.00000000 23.00000000 4.50000000
v 8.00000000 24.00000000 1.50000000
v 8.00000000 24.00000000 2.50000000
v 8.00000000 23.50000000 3.00000000
v 8.00000000 24.00000000 3.50000000
v 8.00000000 24.00000000 4.50000000
v 8.00000000 25.00000000 1.50000000
v 7.50000000 25.00000000 3.00000000
v 8.00000000 25.00000000 2.50000000
v 8.00000000 25.00000000 3.50000000
v 8.00000000 25.00000000 4.50000000
v 8.00000000 26.00000000 1.50000000
v 7.50000000 26.00000000 3.00000000
v 8.00000000 25.50000000 3.00000000
v 8.00000000 26.00000000 4.50000000
v 7.50000000 27.00000000 1.00000000
v 8.00000000 26.50000000 1.00000000
v 8.00000000 27.00000000 0.50000000
v 8.00000000 27.00000000 2.50000000
v 8.00000000 26.50000000 3.00000000
v 8.00000000 27.00000000 3.50000000
v 8.00000000 26.50000000 5.00000000
v 8.00000000 27.00000000 5.50000000
v 8.00000000 28.00000000 0.50000000
v 8.00000000 28.00000000 2.50000000
v 8.00000000 27.50000000 4.00000000
v 7.50000000 28.00000000 4.00000000
v 8.00000000 28.00000000 4.50000000
v 8.00000000 28.00000000 5.50000000
v 8.00000000 29.00000000 0.50000000
v 7.50000000 29.00000000 2.00000000
v 8.00000000 29.00000000 1.50000000
v 8.00000000 28.50000000 2.00000000
v 7.50000000 29.00000000 4.00000000
v 8.00000000 29.00000000 4.50000000
v 8.00000000 29.00000000 5.50000000
v 8.00000000 30.00000000 0.50000000
v 8.00000000 29.50000000 2.00000000
v 8.00000000 29.50000000 3.00000000
v 8.00000000 29.50000000 4.00000000
v 8.00000000 30.00000000 5.50000000
v 8.00000000 30.50000000 1.00000000
v 7.50000000 31.00000000 2.00000000
v 8.00000000 31.00000000 1.50000000
v 7.50000000 31.00000000 3.00000000
v 7.50000000 31.00000000 4.00000000
v 8.00000000 31.00000000 4.50000000
v 8.00000000 30.50000000 5.00000000
v 8.00000000 31.50000000 2.00000000
v 8.00000000 31.50000000 3.00000000
v 8.00000000 31.50000000 4.00000000
v 8.50000000 4.00000000 1.00000000
v 9.00000000 3.50000000 1.00000000
v 9.00000000 4.00000000 0.50000000
v 9.00000000 3.50000000 2.00000000
v 9.00000000 3.50000000 3.00000000
v 9.00000000 3.50000000 4.00000000
v 8.50000000 4.00000000 5.00000000
v 9.00000000 3.50000000 5.00000000
v 9.00000000 4.00000000 5.50000000
v 8.50000000 5.00000000 1.00000000
v 9.00000000 5.00000000 0.50000000
v 8.50000000 5.00000000 3.00000000
v 9.00000000 5.00000000 2.50000000
v 9.00000000 4.50000000 3.00000000
v 9.00000000 5.00000000 3.50000000
v 8.50000000 5.00000000 5.00000000
v 9.00000000 5.00000000 5.50000000
v 9.00000000 6.00000000 0.50000000
v 9.00000000 5.50000000 2.00000000
v 8.50000000 6.00000000 2.00000000
v 9.00000000 6.00000000 1.50000000
v 8.50000000 6.00000000 3.00000000
v 9.00000000 5.50000000 4.00000000
v 8.50000000 6.00000000 4.00000000
v 9.00000000 6.00000000 4.50000000
v 9.00000000 6.00000000 5.50000000
v 9.00000000 6.50000000 0.00000000
v 9.00000000 7.00000000 -0.50000000
v 9.00000000 7.00000000 1.50000000
v 9.00000000 7.00000000 4.50000000
v 9.00000000 7.00000000 5.50000000
v 9.00000000 8.00000000 -0.50000000
v 9.00000000 8.00000000 1.50000000
v 9.00000000 8.00000000 4.50000000
v 9.00000000 8.00000000 5.50000000
v 9.00000000 9.00000000 -0.50000000
v 9.00000000 9.00000000 1.50000000
v 9.00000000 9.00000000 4.50000000
v 9.00000000 9.00000000 5.50000000
v 9.00000000 9.50000000 0.00000000
v 9.00000000 10.00000000 0.50000000
v 9.00000000 9.50000000 2.00000000
v 8.50000000 10.00000000 3.00000000
v 9.00000000 9.50000000 3.00000000
v 9.00000000 9.50000000 4.00000000
v 9.00000000 10.00000000 5.50000000
v 9.00000000 10.50000000 1.00000000
v 8.50000000 11.00000000 1.00000000
v 9.00000000 11.00000000 1.50000000
v 8.50000000 11.00000000 3.00000000
v 8.50000000 11.00000000 5.00000000
v 9.00000000 11.00000000 4.50000000
v 9.00000000 10.50000000 5.00000000
v 8.50000000 12.00000000 1.00000000
v 9.00000000 11.50000000 2.00000000
v 8.50000000 12.00000000 2.00000000
v 9.00000000 12.00000000 2.50000000
v 8.50000000 12.00000000 5.00000000
v 9.00000000 12.00000000 4.50000000
v 8.50000000 13.00000000 1.00000000
v 8.50000000 13.00000000 2.00000000
v 9.00000000 12.50000000 3.00000000
v 8.50000000 13.00000000 3.00000000
v 9.00000000 12.50000000 4.00000000
v 8.50000000 13.00000000 4.00000000
v 8.50000000 13.00000000 5.00000000
v 8.50000000 14.00000000 2.00000000
v 8.50000000 14.00000000 3.00000000
v 8.50000000 14.00000000 4.00000000
v 8.50000000 14.00000000 5.00000000
v 8.50000000 15.00000000 2.00000000
v 9.00000000 15.00000000 2.50000000
v 9.00000000 14.50000000 3.00000000
v 9.00000000 14.50000000 4.00000000
v 8.50000000 15.00000000 5.00000000
v 9.00000000 15.00000000 4.50000000
v 8.50000000 16.00000000 1.00000000
v 9.00000000 16.00000000 1.50000000
v 9.00000000 15.50000000 2.00000000
v 8.50000000 16.00000000 3.00000000
v 8.50000000 16.00000000 5.00000000
v 9.00000000 16.00000000 4.50000000
v 9.00000000 16.50000000 1.00000000
v 9.00000000 17.00000000 0.50000000
v 9.00000000 17.00000000 2.50000000
v 9.00000000 16.50000000 3.00000000
v 9.00000000 17.00000000 3.50000000
v 9.00000000 16.50000000 5.00000000
v 9.00000000 17.00000000 5.50000000
v 8.50000000 18.00000000 0.00000000
v 9.00000000 18.00000000 0.50000000
v 9.00000000 18.00000000 1.50000000
v 9.00000000 17.50000000 2.00000000
v 8.50000000 18.00000000 4.00000000
v 9.00000000 18.00000000 3.50000000
v 8.50000000 18.00000000 6.00000000
v 9.00000000 18.00000000 5.50000000
v 8.50000000 19.00000000 0.00000000
v 9.00000000 19.00000000 0.50000000
v 9.00000000 18.50000000 2.00000000
v 8.50000000 19.00000000 2.00000000
v 8.50000000 19.00000000 3.00000000
v 9.00000000 18.50000000 3.00000000
v 8.50000000 19.00000000 4.00000000
v 8.50000000 19.00000000 6.00000000
v 9.00000000 19.00000000 5.50000000
v 8.50000000 20.00000000 0.00000000
v 9.00000000 20.00000000 0.50000000
v 8.50000000 20.00000000 3.00000000
v 9.00000000 20.00000000 5.50000000
v 9.00000000 20.50000000 1.00000000
v 8.50000000 21.00000000 1.00000000
v 9.00000000 21.00000000 1.50000000
v 8.50000000 21.00000000 5.00000000
v 9.00000000 21.00000000 4.50000000
v 9.00000000 20.50000000 5.00000000
v 9.00000000 21.50000000 2.00000000
v 8.50000000 22.00000000 2.00000000
v 9.00000000 21.50000000 3.00000000
v 8.50000000 22.00000000 3.00000000
v 9.00000000 21.50000000 4.00000000
v 9.00000000 22.50000000 2.00000000
v 9.00000000 23.00000000 1.50000000
v 9.00000000 22.50000000 3.00000000
v 9.00000000 22.50000000 4.00000000
v 9.00000000 23.00000000 4.50000000
v 9.00000000 24.00000000 1.50000000
v 8.50000000 24.00000000 3.00000000
v 9.00000000 24.00000000 4.50000000
v 9.00000000 25.00000000 1.50000000
v 9.00000000 25.00000000 2.50000000
v 9.00000000 24.50000000 3.00000000
v 9.00000000 25.00000000 3.50000000
v 9.00000000 25.00000000 4.50000000
v 9.00000000 26.00000000 1.50000000
v 8.50000000 26.00000000 3.00000000
v 9.00000000 26.00000000 2.50000000
v 9.00000000 26.00000000 3.50000000
v 9.00000000 26.00000000 4.50000000
v 9.00000000 26.50000000 1.00000000
v 9.00000000 27.00000000 0.50000000
v 9.00000000 27.00000000 2.50000000
v 9.00000000 27.00000000 3.50000000
v 9.00000000 26.50000000 5.00000000
v 9.00000000 27.00000000 5.50000000
v 9.00000000 28.00000000 0.50000000
v 9.00000000 28.00000000 2.50000000
v 8.50000000 28.00000000 4.00000000
v 9.00000000 28.00000000 3.50000000
v 9.00000000 28.00000000 5.50000000
v 9.00000000 29.00000000 0.50000000
v 9.00000000 29.00000000 1.50000000
v 9.00000000 28.50000000 2.00000000
v 8.50000000 29.00000000 4.00000000
v 9.00000000 29.00000000 3.50000000
v 9.00000000 29.00000000 5.50000000
v 9.00000000 30.00000000 0.50000000
v 9.00000000 29.50000000 2.00000000
v 9.00000000 29.50000000 3.00000000
v 9.00000000 30.00000000 5.50000000
v 9.00000000 30.50000000 1.00000000
v 9.00000000 31.00000000 1.50000000
v 8.50000000 31.00000000 4.00000000
v 9.00000000 31.00000000 3.50000000
v 9.00000000 30.50000000 4.00000000
v 9.00000000 30.50000000 5.00000000
v 9.00000000 31.50000000 2.00000000
v 9.00000000 31.50000000 3.00000000
v 9.50000000 2.00000000 3.00000000
v 10.00000000 1.50000000 3.00000000
v 10.00000000 2.00000000 2.50000000
v 10.00000000 2.00000000 3.50000000
v 9.50000000 3.00000000 2.00000000
v 10.00000000 2.50000000 2.00000000
v 10.00000000 3.00000000 1.50000000
v 9.50000000 3.00000000 3.00000000
v 10.00000000 2.50000000 4.00000000
v 9.50000000 3.00000000 4.00000000
v 10.00000000 3.00000000 4.50000000
v 10.00000000 3.50000000 1.00000000
v 10.00000000 4.00000000 0.50000000
v 10.00000000 3.50000000 5.00000000
v 10.00000000 4.00000000 5.50000000
v 9.50000000 5.00000000 0.00000000
v 10.00000000 4.50000000 0.00000000
v 10.00000000 5.00000000 -0.50000000
v 9.50000000 5.00000000 2.00000000
v 10.00000000 5.00000000 1.50000000
v 10.00000000 4.50000000 2.00000000
v 10.00000000 4.50000000 3.00000000
v 10.00000000 4.50000000 4.00000000
v 9.50000000 5.00000000 4.00000000
v 10.00000000 5.00000000 4.50000000
v 10.00000000 5.00000000 5.50000000
v 9.50000000 6.00000000 0.00000000
v 10.00000000 6.00000000 -0.50000000
v 10.00000000 6.00000000 1.50000000
v 10.00000000 6.00000000 4.50000000
v 10.00000000 6.00000000 5.50000000
v 10.00000000 7.00000000 -0.50000000
v 10.00000000 7.00000000 1.50000000
v 10.00000000 7.00000000 4.50000000
v 10.00000000 7.00000000 5.50000000
v 10.00000000 7.50000000 0.00000000
v 9.50000000 8.00000000 0.00000000
v 10.00000000 8.00000000 0.50000000
v 10.00000000 7.50000000 2.00000000
v 9.50000000 8.00000000 2.00000000
v 10.00000000 8.00000000 2.50000000
v 10.00000000 8.00000000 4.50000000
v 10.00000000 8.00000000 5.50000000
v 9.50000000 9.00000000 0.00000000
v 10.00000000 9.00000000 0.50000000
v 9.50000000 9.00000000 2.00000000
v 10.00000000 8.50000000 3.00000000
v 9.50000000 9.00000000 3.00000000
v 9.50000000 9.00000000 4.00000000
v 10.00000000 8.50000000 4.00000000
v 10.00000000 9.00000000 5.50000000
v 10.00000000 10.00000000 0.50000000
v 10.00000000 10.00000000 5.50000000
v 10.00000000 10.50000000 1.00000000
v 10.00000000 10.50000000 2.00000000
v 9.50000000 11.00000000 2.00000000
v 10.00000000 10.50000000 3.00000000
v 9.50000000 11.00000000 3.00000000
v 10.00000000 10.50000000 4.00000000
v 9.50000000 11.00000000 4.00000000
v 10.00000000 10.50000000 5.00000000
v 9.50000000 12.00000000 3.00000000
v 9.50000000 12.00000000 4.00000000
v 9.50000000 15.00000000 2.00000000
v 10.00000000 14.50000000 2.00000000
v 10.00000000 15.00000000 1.50000000
v 10.00000000 14.50000000 3.00000000
v 10.00000000 14.50000000 4.00000000
v 10.00000000 15.00000000 4.50000000
v 9.50000000 16.00000000 1.00000000
v 10.00000000 15.50000000 1.00000000
v 10.00000000 16.00000000 0.50000000
v 10.00000000 15.50000000 5.00000000
v 9.50000000 16.00000000 5.00000000
v 10.00000000 16.00000000 5.50000000
v 10.00000000 17.00000000 0.50000000
v 10.00000000 17.00000000 2.50000000
v 10.00000000 16.50000000 3.00000000
v 10.00000000 17.00000000 3.50000000
v 10.00000000 17.00000000 5.50000000
v 10.00000000 18.00000000 0.50000000
v 10.00000000 18.00000000 1.50000000
v 10.00000000 17.50000000 2.00000000
v 10.00000000 18.00000000 3.50000000
v 10.00000000 18.00000000 5.50000000
v 10.00000000 19.00000000 0.50000000
v 10.00000000 18.50000000 2.00000000
v 10.00000000 18.50000000 3.00000000
v 9.50000000 19.00000000 5.00000000
v 10.00000000 19.00000000 4.50000000
v 10.00000000 18.50000000 5.00000000
v 10.00000000 19.50000000 1.00000000
v 9.50000000 20.00000000 1.00000000
v 10.00000000 20.00000000 1.50000000
v 9.50000000 20.00000000 4.00000000
v 10.00000000 20.00000000 3.50000000
v 10.00000000 19.50000000 4.00000000
v 9.50000000 20.00000000 5.00000000
v 10.00000000 20.50000000 2.00000000
v 9.50000000 21.00000000 2.00000000
v 10.00000000 20.50000000 3.00000000
v 9.50000000 21.00000000 3.00000000
v 9.50000000 21.00000000 4.00000000
v 9.50000000 23.00000000 2.00000000
v 9.50000000 23.00000000 3.00000000
v 9.50000000 23.00000000 4.00000000
v 10.00000000 23.50000000 2.00000000
v 10.00000000 24.00000000 1.50000000
v 10.00000000 23.50000000 3.00000000
v 10.00000000 23.50000000 4.00000000
v 10.00000000 24.00000000 4.50000000
v 10.00000000 25.00000000 1.50000000
v 9.50000000 25.00000000 3.00000000
v 10.00000000 25.00000000 4.50000000
v 10.00000000 26.00000000 1.50000000
v 9.50000000 26.00000000 3.00000000
v 10.00000000 26.00000000 4.50000000
v 9.50000000 27.00000000 1.00000000
v 10.00000000 27.00000000 1.50000000
v 10.00000000 27.00000000 2.50000000
v 10.00000000 26.50000000 3.00000000
v 10.00000000 27.00000000 3.50000000
v 9.50000000 27.00000000 5.00000000
v 10.00000000 27.00000000 4.50000000
v 10.00000000 27.50000000 1.00000000
v 10.00000000 28.00000000 0.50000000
v 10.00000000 27.50000000 3.00000000
v 9.50000000 28.00000000 3.00000000
v 10.00000000 27.50000000 5.00000000
v 10.00000000 28.00000000 5.50000000
v 10.00000000 29.00000000 0.50000000
v 9.50000000 29.00000000 2.00000000
v 9.50000000 29.00000000 3.00000000
v 10.00000000 29.00000000 5.50000000
v 10.00000000 30.00000000 0.50000000
v 9.50000000 30.00000000 5.00000000
v 10.00000000 30.00000000 4.50000000
v 10.00000000 29.50000000 5.00000000
v 10.00000000 30.50000000 1.00000000
v 10.00000000 30.50000000 2.00000000
v 9.50000000 31.00000000 2.00000000
v 10.00000000 30.50000000 3.00000000
v 9.50000000 31.00000000 3.00000000
v 10.00000000 30.50000000 4.00000000
v 10.50000000 1.00000000 2.00000000
v 11.00000000 0.50000000 2.00000000
v 11.00000000 1.00000000 1.50000000
v 10.50000000 1.00000000 3.00000000
v 11.00000000 0.50000000 3.00000000
v 10.50000000 1.00000000 4.00000000
v 11.00000000 0.50000000 4.00000000
v 11.00000000 1.00000000 4.50000000
v 10.50000000 2.00000000 2.00000000
v 11.00000000 2.00000000 1.50000000
v 10.50000000 2.00000000 4.00000000
v 11.00000000 1.50000000 5.00000000
v 10.50000000 2.00000000 5.00000000
v 11.00000000 2.00000000 5.50000000
v 11.00000000 3.00000000 1.50000000
v 10.50000000 3.00000000 5.00000000
v 11.00000000 3.00000000 5.50000000
v 11.00000000 3.50000000 1.00000000
v 11.00000000 4.00000000 0.50000000
v 10.50000000 4.00000000 3.00000000
v 11.00000000 4.00000000 2.50000000
v 11.00000000 3.50000000 3.00000000
v 11.00000000 4.00000000 3.50000000
v 11.00000000 4.00000000 5.50000000
v 11.00000000 4.50000000 0.00000000
v 11.00000000 5.00000000 -0.50000000
v 11.00000000 5.00000000 1.50000000
v 11.00000000 4.50000000 2.00000000
v 11.00000000 5.00000000 3.50000000
v 10.50000000 5.00000000 4.00000000
v 11.00000000 5.00000000 5.50000000
v 11.00000000 6.00000000 -0.50000000
v 11.00000000 6.00000000 1.50000000
v 11.00000000 5.50000000 4.00000000
v 11.00000000 6.00000000 4.50000000
v 11.00000000 6.00000000 5.50000000
v 11.00000000 7.00000000 -0.50000000
v 11.00000000 7.00000000 1.50000000
v 11.00000000 7.00000000 4.50000000
v 11.00000000 7.00000000 5.50000000
v 11.00000000 7.50000000 0.00000000
v 11.00000000 8.00000000 0.50000000
v 11.00000000 7.50000000 2.00000000
v 10.50000000 8.00000000 3.00000000
v 11.00000000 7.50000000 3.00000000
v 10.50000000 8.00000000 4.00000000
v 11.00000000 7.50000000 4.00000000
v 11.00000000 8.00000000 5.50000000
v 11.00000000 8.50000000 1.00000000
v 10.50000000 9.00000000 1.00000000
v 11.00000000 9.00000000 1.50000000
v 11.00000000 9.00000000 5.50000000
v 10.50000000 10.00000000 1.00000000
v 11.00000000 9.50000000 2.00000000
v 10.50000000 10.00000000 2.00000000
v 11.00000000 9.50000000 3.00000000
v 10.50000000 10.00000000 3.00000000
v 11.00000000 9.50000000 4.00000000
v 10.50000000 10.00000000 4.00000000
v 11.00000000 9.50000000 5.00000000
v 10.50000000 10.00000000 5.00000000
v 11.00000000 14.50000000 2.00000000
v 11.00000000 15.00000000 1.50000000
v 11.00000000 14.50000000 3.00000000
v 11.00000000 14.50000000 4.00000000
v 11.00000000 15.00000000 4.50000000
v 11.00000000 15.50000000 1.00000000
v 11.00000000 16.00000000 0.50000000
v 10.50000000 16.00000000 3.00000000
v 11.00000000 16.00000000 2.50000000
v 11.00000000 15.50000000 3.00000000
v 11.00000000 16.00000000 3.50000000
v 11.00000000 15.50000000 5.00000000
v 11.00000000 16.00000000 5.50000000
v 11.00000000 17.00000000 0.50000000
v 10.50000000 17.00000000 2.00000000
v 11.00000000 17.00000000 1.50000000
v 11.00000000 16.50000000 2.00000000
v 11.00000000 16.50000000 4.00000000
v 10.50000000 17.00000000 4.00000000
v 11.00000000 17.00000000 4.50000000
v 11.00000000 17.00000000 5.50000000
v 11.00000000 18.00000000 0.50000000
v 11.00000000 18.00000000 1.50000000
v 10.50000000 18.00000000 4.00000000
v 11.00000000 18.00000000 4.50000000
v 11.00000000 18.00000000 5.50000000
v 11.00000000 19.00000000 0.50000000
v 11.00000000 18.50000000 2.00000000
v 11.00000000 18.50000000 3.00000000
v 11.00000000 18.50000000 4.00000000
v 10.50000000 19.00000000 5.00000000
v 11.00000000 19.00000000 5.50000000
v 11.00000000 19.50000000 1.00000000
v 11.00000000 20.00000000 1.50000000
v 11.00000000 20.00000000 3.50000000
v 11.00000000 19.50000000 4.00000000
v 11.00000000 19.50000000 5.00000000
v 11.00000000 20.50000000 2.00000000
v 11.00000000 20.50000000 3.00000000
v 10.50000000 24.00000000 2.00000000
v 10.50000000 24.00000000 3.00000000
v 10.50000000 24.00000000 4.00000000
v 10.50000000 25.00000000 2.00000000
v 10.50000000 25.00000000 3.00000000
v 10.50000000 25.00000000 4.00000000
v 11.00000000 25.50000000 2.00000000
v 11.00000000 26.00000000 1.50000000
v 11.00000000 25.50000000 3.00000000
v 11.00000000 25.50000000 4.00000000
v 11.00000000 26.00000000 4.50000000
v 11.00000000 27.00000000 1.50000000
v 11.00000000 27.00000000 2.50000000
v 11.00000000 26.50000000 3.00000000
v 11.00000000 27.00000000 3.50000000
v 11.00000000 27.00000000 4.50000000
v 10.50000000 28.00000000 1.00000000
v 11.00000000 28.00000000 1.50000000
v 11.00000000 27.50000000 3.00000000
v 10.50000000 28.00000000 5.00000000
v 11.00000000 28.00000000 4.50000000
v 10.50000000 29.00000000 1.00000000
v 11.00000000 29.00000000 1.50000000
v 10.50000000 29.00000000 5.00000000
v 11.00000000 29.00000000 4.50000000
v 10.50000000 30.00000000 1.00000000
v 11.00000000 29.50000000 2.00000000
v 10.50000000 30.00000000 2.00000000
v 11.00000000 29.50000000 3.00000000
v 10.50000000 30.00000000 3.00000000
v 11.00000000 29.50000000 4.00000000
v 10.50000000 30.00000000 4.00000000
v 11.50000000 0.00000000 2.00000000
v 12.00000000 -0.50000000 2.00000000
v 12.00000000 0.00000000 1.50000000
v 11.50000000 0.00000000 3.00000000
v 12.00000000 -0.50000000 3.00000000
v 11.50000000 0.00000000 4.00000000
v 12.00000000 -0.50000000 4.00000000
v 12.00000000 0.00000000 4.50000000
v 11.50000000 1.00000000 1.00000000
v 12.00000000 0.50000000 1.00000000
v 12.00000000 1.00000000 0.50000000
v 11.50000000 1.00000000 5.00000000
v 12.00000000 0.50000000 5.00000000
v 12.00000000 1.00000000 5.50000000
v 11.50000000 2.00000000 1.00000000
v 12.00000000 2.00000000 0.50000000
v 11.50000000 2.00000000 3.00000000
v 12.00000000 2.00000000 2.50000000
v 12.00000000 1.50000000 3.00000000
v 12.00000000 2.00000000 3.50000000
v 12.00000000 2.00000000 5.50000000
v 11.50000000 3.00000000 1.00000000
v 12.00000000 3.00000000 0.50000000
v 11.50000000 3.00000000 3.00000000
v 12.00000000 3.00000000 2.50000000
v 12.00000000 3.00000000 3.50000000
v 12.00000000 3.00000000 5.50000000
v 12.00000000 4.00000000 0.50000000
v 12.00000000 4.00000000 2.50000000
v 12.00000000 4.00000000 3.50000000
v 11.50000000 4.00000000 5.00000000
v 12.00000000 4.00000000 4.50000000
v 12.00000000 3.50000000 5.00000000
v 11.50000000 5.00000000 0.00000000
v 12.00000000 5.00000000 0.50000000
v 11.50000000 5.00000000 2.00000000
v 12.00000000 5.00000000 2.50000000
v 12.00000000 5.00000000 3.50000000
v 12.00000000 4.50000000 5.00000000
v 12.00000000 5.00000000 5.50000000
v 11.50000000 6.00000000 0.00000000
v 12.00000000 6.00000000 0.50000000
v 11.50000000 6.00000000 2.00000000
v 12.00000000 6.00000000 2.50000000
v 11.50000000 6.00000000 4.00000000
v 12.00000000 6.00000000 3.50000000
v 12.00000000 6.00000000 5.50000000
v 11.50000000 7.00000000 0.00000000
v 12.00000000 7.00000000 0.50000000
v 11.50000000 7.00000000 2.00000000
v 12.00000000 6.50000000 3.00000000
v 11.50000000 7.00000000 3.00000000
v 11.50000000 7.00000000 4.00000000
v 12.00000000 7.00000000 5.50000000
v 12.00000000 8.00000000 0.50000000
v 12.00000000 7.50000000 5.00000000
v 11.50000000 8.00000000 5.00000000
v 12.00000000 8.00000000 4.50000000
v 12.00000000 8.50000000 1.00000000
v 12.00000000 8.50000000 2.00000000
v 11.50000000 9.00000000 2.00000000
v 12.00000000 8.50000000 3.00000000
v 11.50000000 9.00000000 3.00000000
v 12.00000000 8.50000000 4.00000000
v 11.50000000 9.00000000 4.00000000
v 11.50000000 9.00000000 5.00000000
v 12.00000000 14.50000000 2.00000000
v 12.00000000 15.00000000 1.50000000
v 12.00000000 14.50000000 3.00000000
v 12.00000000 14.50000000 4.00000000
v 12.00000000 15.00000000 4.50000000
v 12.00000000 15.50000000 1.00000000
v 12.00000000 16.00000000 0.50000000
v 12.00000000 16.00000000 2.50000000
v 12.00000000 15.50000000 3.00000000
v 12.00000000 16.00000000 3.50000000
v 12.00000000 15.50000000 5.00000000
v 12.00000000 16.00000000 5.50000000
v 12.00000000 17.00000000 0.50000000
v 12.00000000 17.00000000 1.50000000
v 12.00000000 16.50000000 2.00000000
v 12.00000000 16.50000000 4.00000000
v 12.00000000 17.00000000 4.50000000
v 12.00000000 17.00000000 5.50000000
v 12.00000000 18.00000000 0.50000000
v 12.00000000 18.00000000 1.50000000
v 12.00000000 18.00000000 4.50000000
v 12.00000000 18.00000000 5.50000000
v 12.00000000 19.00000000 0.50000000
v 12.00000000 18.50000000 2.00000000
v 12.00000000 18.50000000 3.00000000
v 12.00000000 18.50000000 4.00000000
v 12.00000000 19.00000000 5.50000000
v 12.00000000 19.50000000 1.00000000
v 12.00000000 20.00000000 1.50000000
v 12.00000000 20.00000000 3.50000000
v 12.00000000 19.50000000 4.00000000
v 12.00000000 19.50000000 5.00000000
v 12.00000000 20.50000000 2.00000000
v 12.00000000 20.50000000 3.00000000
v 12.00000000 25.50000000 2.00000000
v 12.00000000 26.00000000 1.50000000
v 12.00000000 25.50000000 3.00000000
v 12.00000000 25.50000000 4.00000000
v 12.00000000 26.00000000 4.50000000
v 12.00000000 27.00000000 1.50000000
v 12.00000000 27.00000000 2.50000000
v 12.00000000 26.50000000 3.00000000
v 12.00000000 27.00000000 3.50000000
v 12.00000000 27.00000000 4.50000000
v 12.00000000 28.00000000 1.50000000
v 11.50000000 28.00000000 3.00000000
v 12.00000000 28.00000000 2.50000000
v 12.00000000 28.00000000 3.50000000
v 12.00000000 28.00000000 4.50000000
v 12.00000000 29.00000000 1.50000000
v 12.00000000 28.50000000 3.00000000
v 12.00000000 29.00000000 4.50000000
v 11.50000000 30.00000000 2.00000000
v 12.00000000 30.00000000 1.50000000
v 11.50000000 30.00000000 3.00000000
v 11.50000000 30.00000000 4.00000000
v 12.00000000 30.00000000 4.50000000
v 11.50000000 31.00000000 2.00000000
v 12.00000000 31.00000000 1.50000000
v 11.50000000 31.00000000 3.00000000
v 12.00000000 31.00000000 3.50000000
v 12.00000000 30.50000000 4.00000000
v 12.00000000 31.50000000 2.00000000
v 12.00000000 31.50000000 3.00000000
v 13.00000000 -0.50000000 2.00000000
v 13.00000000 0.00000000 1.50000000
v 13.00000000 -0.50000000 3.00000000
v 13.00000000 -0.50000000 4.00000000
v 13.00000000 0.00000000 4.50000000
v 13.00000000 0.50000000 1.00000000
v 13.00000000 1.00000000 0.50000000
v 13.00000000 0.50000000 5.00000000
v 13.00000000 1.00000000 5.50000000
v 13.00000000 2.00000000 0.50000000
v 12.50000000 2.00000000 2.00000000
v 13.00000000 2.00000000 1.50000000
v 13.00000000 1.50000000 2.00000000
v 13.00000000 1.50000000 3.00000000
v 13.00000000 2.00000000 3.50000000
v 13.00000000 2.00000000 5.50000000
v 13.00000000 3.00000000 0.50000000
v 12.50000000 3.00000000 2.00000000
v 13.00000000 3.00000000 1.50000000
v 13.00000000 3.00000000 3.50000000
v 13.00000000 3.00000000 5.50000000
v 13.00000000 4.00000000 0.50000000
v 12.50000000 4.00000000 2.00000000
v 13.00000000 4.00000000 1.50000000
v 13.00000000 4.00000000 3.50000000
v 12.50000000 4.00000000 5.00000000
v 13.00000000 4.00000000 5.50000000
v 13.00000000 5.00000000 0.50000000
v 13.00000000 4.50000000 2.00000000
v 13.00000000 5.00000000 2.50000000
v 13.00000000 5.00000000 3.50000000
v 13.00000000 5.00000000 5.50000000
v 13.00000000 5.50000000 1.00000000
v 12.50000000 6.00000000 1.00000000
v 13.00000000 6.00000000 1.50000000
v 13.00000000 5.50000000 3.00000000
v 12.50000000 6.00000000 3.00000000
v 12.50000000 6.00000000 5.00000000
v 13.00000000 6.00000000 4.50000000
v 13.00000000 5.50000000 5.00000000
v 12.50000000 7.00000000 1.00000000
v 13.00000000 7.00000000 1.50000000
v 13.00000000 6.50000000 4.00000000
v 12.50000000 7.00000000 4.00000000
v 13.00000000 7.00000000 3.50000000
v 12.50000000 7.00000000 5.00000000
v 12.50000000 8.00000000 1.00000000
v 13.00000000 7.50000000 2.00000000
v 12.50000000 8.00000000 2.00000000
v 13.00000000 7.50000000 3.00000000
v 12.50000000 8.00000000 3.00000000
v 12.50000000 8.00000000 4.00000000
v 13.00000000 14.50000000 2.00000000
v 13.00000000 15.00000000 1.50000000
v 13.00000000 14.50000000 3.00000000
v 12.50000000 15.00000000 4.00000000
v 13.00000000 15.00000000 3.50000000
v 13.00000000 15.50000000 1.00000000
v 13.00000000 16.00000000 0.50000000
v 12.50000000 16.00000000 3.00000000
v 13.00000000 15.50000000 4.00000000
v 13.00000000 15.50000000 5.00000000
v 13.00000000 16.00000000 5.50000000
v 13.00000000 17.00000000 0.50000000
v 12.50000000 17.00000000 2.00000000
v 13.00000000 17.00000000 2.50000000
v 13.00000000 16.50000000 3.00000000
v 12.50000000 17.00000000 4.00000000
v 13.00000000 17.00000000 3.50000000
v 13.00000000 17.00000000 5.50000000
v 13.00000000 18.00000000 0.50000000
v 12.50000000 18.00000000 2.00000000
v 13.00000000 18.00000000 2.50000000
v 12.50000000 18.00000000 4.00000000
v 13.00000000 18.00000000 3.50000000
v 13.00000000 18.00000000 5.50000000
v 13.00000000 19.00000000 0.50000000
v 13.00000000 18.50000000 3.00000000
v 13.00000000 19.00000000 5.50000000
v 13.00000000 19.50000000 1.00000000
v 13.00000000 20.00000000 1.50000000
v 12.50000000 20.00000000 4.00000000
v 13.00000000 20.00000000 4.50000000
v 13.00000000 19.50000000 5.00000000
v 12.50000000 21.00000000 2.00000000
v 13.00000000 21.00000000 1.50000000
v 12.50000000 21.00000000 3.00000000
v 12.50000000 21.00000000 4.00000000
v 13.00000000 21.00000000 4.50000000
v 12.50000000 22.00000000 2.00000000
v 13.00000000 22.00000000 1.50000000
v 12.50000000 22.00000000 3.00000000
v 12.50000000 22.00000000 4.00000000
v 13.00000000 22.00000000 4.50000000
v 12.50000000 23.00000000 2.00000000
v 13.00000000 23.00000000 1.50000000
v 12.50000000 23.00000000 3.00000000
v 12.50000000 23.00000000 4.00000000
v 13.00000000 23.00000000 4.50000000
v 13.00000000 23.50000000 2.00000000
v 13.00000000 23.50000000 3.00000000
v 13.00000000 23.50000000 4.00000000
v 13.00000000 25.50000000 2.00000000
v 13.00000000 26.00000000 1.50000000
v 13.00000000 25.50000000 3.00000000
v 12.50000000 26.00000000 4.00000000
v 13.00000000 26.00000000 3.50000000
v 13.00000000 27.00000000 1.50000000
v 12.50000000 27.00000000 3.00000000
v 13.00000000 26.50000000 4.00000000
v 13.00000000 27.00000000 4.50000000
v 13.00000000 28.00000000 1.50000000
v 12.50000000 28.00000000 3.00000000
v 13.00000000 28.00000000 4.50000000
v 13.00000000 29.00000000 1.50000000
v 13.00000000 29.00000000 4.50000000
v 13.00000000 30.00000000 1.50000000
v 13.00000000 30.00000000 4.50000000
v 13.00000000 31.00000000 1.50000000
v 12.50000000 31.00000000 4.00000000
v 13.00000000 31.00000000 4.50000000
v 13.00000000 31.50000000 2.00000000
v 13.00000000 31.50000000 3.00000000
v 13.00000000 31.50000000 4.00000000
v 14.00000000 -0.50000000 2.00000000
v 14.00000000 0.00000000 1.50000000
v 14.00000000 -0.50000000 3.00000000
v 13.50000000 0.00000000 4.00000000
v 14.00000000 0.00000000 3.50000000
v 14.00000000 0.50000000 1.00000000
v 14.00000000 1.00000000 0.50000000
v 14.00000000 0.50000000 4.00000000
v 13.50000000 1.00000000 5.00000000
v 14.00000000 1.00000000 4.50000000
v 14.00000000 2.00000000 0.50000000
v 14.00000000 2.00000000 1.50000000
v 14.00000000 1.50000000 2.00000000
v 14.00000000 1.50000000 3.00000000
v 14.00000000 2.00000000 3.50000000
v 14.00000000 1.50000000 5.00000000
v 14.00000000 2.00000000 5.50000000
v 14.00000000 3.00000000 0.50000000
v 14.00000000 3.00000000 1.50000000
v 14.00000000 3.00000000 3.50000000
v 14.00000000 3.00000000 5.50000000
v 14.00000000 4.00000000 0.50000000
v 14.00000000 3.50000000 2.00000000
v 13.50000000 4.00000000 2.00000000
v 14.00000000 4.00000000 2.50000000
v 14.00000000 4.00000000 3.50000000
v 14.00000000 4.00000000 5.50000000
v 14.00000000 5.00000000 0.50000000
v 13.50000000 5.00000000 3.00000000
v 14.00000000 4.50000000 3.00000000
v 14.00000000 5.00000000 5.50000000
v 14.00000000 5.50000000 1.00000000
v 14.00000000 6.00000000 1.50000000
v 14.00000000 6.00000000 4.50000000
v 14.00000000 5.50000000 5.00000000
v 14.00000000 6.50000000 2.00000000
v 13.50000000 7.00000000 2.00000000
v 14.00000000 6.50000000 3.00000000
v 13.50000000 7.00000000 3.00000000
v 14.00000000 6.50000000 4.00000000
v 13.50000000 15.00000000 2.00000000
v 13.50000000 15.00000000 3.00000000
v 13.50000000 16.00000000 1.00000000
v 14.00000000 16.00000000 1.50000000
v 14.00000000 15.50000000 2.00000000
v 14.00000000 15.50000000 3.00000000
v 14.00000000 15.50000000 4.00000000
v 13.50000000 16.00000000 5.00000000
v 14.00000000 16.00000000 4.50000000
v 13.50000000 17.00000000 1.00000000
v 14.00000000 17.00000000 1.50000000
v 14.00000000 17.00000000 2.50000000
v 14.00000000 16.50000000 3.00000000
v 14.00000000 17.00000000 3.50000000
v 13.50000000 17.00000000 5.00000000
v 14.00000000 17.00000000 4.50000000
v 13.50000000 18.00000000 1.00000000
v 14.00000000 18.00000000 1.50000000
v 14.00000000 18.00000000 2.50000000
v 14.00000000 18.00000000 3.50000000
v 13.50000000 18.00000000 5.00000000
v 14.00000000 18.00000000 4.50000000
v 13.50000000 19.00000000 1.00000000
v 14.00000000 19.00000000 1.50000000
v 13.50000000 19.00000000 3.00000000
v 14.00000000 19.00000000 2.50000000
v 14.00000000 19.00000000 3.50000000
v 13.50000000 19.00000000 5.00000000
v 14.00000000 19.00000000 4.50000000
v 14.00000000 20.00000000 1.50000000
v 13.50000000 20.00000000 3.00000000
v 14.00000000 20.00000000 2.50000000
v 14.00000000 20.00000000 3.50000000
v 14.00000000 20.00000000 4.50000000
v 14.00000000 21.00000000 1.50000000
v 13.50000000 21.00000000 3.00000000
v 14.00000000 21.00000000 2.50000000
v 14.00000000 21.00000000 3.50000000
v 14.00000000 20.50000000 5.00000000
v 13.50000000 21.00000000 5.00000000
v 14.00000000 21.00000000 5.50000000
v 14.00000000 22.00000000 1.50000000
v 13.50000000 22.00000000 3.00000000
v 14.00000000 22.00000000 2.50000000
v 14.00000000 22.00000000 3.50000000
v 14.00000000 22.00000000 4.50000000
v 14.00000000 21.50000000 5.00000000
v 14.00000000 23.00000000 1.50000000
v 14.00000000 22.50000000 3.00000000
v 14.00000000 23.00000000 4.50000000
v 14.00000000 23.50000000 2.00000000
v 14.00000000 23.50000000 3.00000000
v 14.00000000 23.50000000 4.00000000
v 13.50000000 26.00000000 2.00000000
v 13.50000000 26.00000000 3.00000000
v 13.50000000 27.00000000 2.00000000
v 13.50000000 27.00000000 3.00000000
v 13.50000000 27.00000000 4.00000000
v 13.50000000 28.00000000 2.00000000
v 14.00000000 28.00000000 2.50000000
v 14.00000000 27.50000000 3.00000000
v 13.50000000 28.00000000 4.00000000
v 14.00000000 28.00000000 3.50000000
v 14.00000000 28.50000000 2.00000000
v 14.00000000 29.00000000 1.50000000
v 14.00000000 28.50000000 4.00000000
v 14.00000000 29.00000000 4.50000000
v 14.00000000 30.00000000 1.50000000
v 14.00000000 30.00000000 4.50000000
v 14.00000000 31.00000000 1.50000000
v 14.00000000 31.00000000 4.50000000
v 14.00000000 31.50000000 2.00000000
v 14.00000000 31.50000000 3.00000000
v 14.00000000 31.50000000 4.00000000
v 15.00000000 -0.50000000 2.00000000
v 15.00000000 0.00000000 1.50000000
v 15.00000000 -0.50000000 3.00000000
v 14.50000000 0.00000000 4.00000000
v 15.00000000 -0.50000000 4.00000000
v 15.00000000 0.00000000 4.50000000
v 15.00000000 0.50000000 1.00000000
v 15.00000000 1.00000000 0.50000000
v 14.50000000 1.00000000 3.00000000
v 15.00000000 1.00000000 2.50000000
v 15.00000000 0.50000000 3.00000000
v 15.00000000 1.00000000 3.50000000
v 15.00000000 1.00000000 4.50000000
v 15.00000000 2.00000000 0.50000000
v 15.00000000 2.00000000 1.50000000
v 15.00000000 1.50000000 2.00000000
v 15.00000000 2.00000000 3.50000000
v 15.00000000 1.50000000 5.00000000
v 15.00000000 2.00000000 5.50000000
v 15.00000000 3.00000000 0.50000000
v 15.00000000 2.50000000 2.00000000
v 14.50000000 3.00000000 2.00000000
v 15.00000000 3.00000000 2.50000000
v 15.00000000 3.00000000 3.50000000
v 15.00000000 3.00000000 5.50000000
v 15.00000000 4.00000000 0.50000000
v 14.50000000 4.00000000 3.00000000
v 15.00000000 3.50000000 3.00000000
v 15.00000000 4.00000000 5.50000000
v 15.00000000 4.50000000 1.00000000
v 14.50000000 5.00000000 1.00000000
v 15.00000000 5.00000000 1.50000000
v 14.50000000 5.00000000 5.00000000
v 15.00000000 5.00000000 4.50000000
v 15.00000000 4.50000000 5.00000000
v 15.00000000 5.50000000 2.00000000
v 14.50000000 6.00000000 2.00000000
v 15.00000000 5.50000000 3.00000000
v 14.50000000 6.00000000 3.00000000
v 15.00000000 5.50000000 4.00000000
v 14.50000000 6.00000000 4.00000000
v 15.00000000 15.50000000 2.00000000
v 15.00000000 16.00000000 1.50000000
v 15.00000000 15.50000000 3.00000000
v 15.00000000 15.50000000 4.00000000
v 15.00000000 16.00000000 4.50000000
v 15.00000000 17.00000000 1.50000000
v 14.50000000 17.00000000 3.00000000
v 15.00000000 17.00000000 4.50000000
v 15.00000000 18.00000000 1.50000000
v 14.50000000 18.00000000 3.00000000
v 15.00000000 18.00000000 4.50000000
v 15.00000000 19.00000000 1.50000000
v 14.50000000 19.00000000 3.00000000
v 15.00000000 19.00000000 4.50000000
v 15.00000000 20.00000000 1.50000000
v 14.50000000 20.00000000 3.00000000
v 15.00000000 20.00000000 4.50000000
v 15.00000000 21.00000000 1.50000000
v 14.50000000 21.00000000 3.00000000
v 14.50000000 21.00000000 5.00000000
v 15.00000000 21.00000000 4.50000000
v 15.00000000 22.00000000 1.50000000
v 14.50000000 22.00000000 3.00000000
v 15.00000000 22.00000000 4.50000000
v 15.00000000 23.00000000 1.50000000
v 15.00000000 23.00000000 4.50000000
v 15.00000000 23.50000000 2.00000000
v 15.00000000 23.50000000 3.00000000
v 15.00000000 23.50000000 4.00000000
v 14.50000000 28.00000000 2.00000000
v 15.00000000 27.50000000 2.00000000
v 15.00000000 28.00000000 1.50000000
v 15.00000000 27.50000000 3.00000000
v 14.50000000 28.00000000 4.00000000
v 15.00000000 27.50000000 4.00000000
v 15.00000000 28.00000000 4.50000000
v 14.50000000 29.00000000 1.00000000
v 15.00000000 28.50000000 1.00000000
v 15.00000000 29.00000000 0.50000000
v 14.50000000 29.00000000 5.00000000
v 15.00000000 28.50000000 5.00000000
v 15.00000000 29.00000000 5.50000000
v 14.50000000 30.00000000 1.00000000
v 15.00000000 30.00000000 0.50000000
v 14.50000000 30.00000000 3.00000000
v 15.00000000 30.00000000 2.50000000
v 15.00000000 29.50000000 3.00000000
v 15.00000000 30.00000000 3.50000000
v 14.50000000 30.00000000 5.00000000
v 15.00000000 30.00000000 5.50000000
v 15.00000000 30.50000000 1.00000000
v 15.00000000 31.00000000 1.50000000
v 15.00000000 30.50000000 3.00000000
v 15.00000000 31.00000000 4.50000000
v 15.00000000 30.50000000 5.00000000
v 15.00000000 31.50000000 2.00000000
v 15.00000000 31.50000000 3.00000000
v 15.00000000 31.50000000 4.00000000
v 16.00000000 -0.50000000 2.00000000
v 16.00000000 0.00000000 1.50000000
v 16.00000000 -0.50000000 3.00000000
v 16.00000000 -0.50000000 4.00000000
v 16.00000000 0.00000000 4.50000000
v 16.00000000 0.50000000 1.00000000
v 16.00000000 1.00000000 0.50000000
v 16.00000000 1.00000000 2.50000000
v 16.00000000 0.50000000 3.00000000
v 16.00000000 1.00000000 3.50000000
v 16.00000000 0.50000000 5.00000000
v 15.50000000 1.00000000 5.00000000
v 16.00000000 1.00000000 5.50000000
v 16.00000000 2.00000000 0.50000000
v 15.50000000 2.00000000 2.00000000
v 16.00000000 2.00000000 2.50000000
v 16.00000000 2.00000000 3.50000000
v 16.00000000 2.00000000 5.50000000
v 16.00000000 3.00000000 0.50000000
v 15.50000000 3.00000000 3.00000000
v 16.00000000 2.50000000 3.00000000
v 15.50000000 3.00000000 5.00000000
v 16.00000000 3.00000000 4.50000000
v 16.00000000 2.50000000 5.00000000
v 16.00000000 3.50000000 1.00000000
v 15.50000000 4.00000000 1.00000000
v 16.00000000 4.00000000 1.50000000
v 15.50000000 4.00000000 5.00000000
v 16.00000000 4.00000000 4.50000000
v 16.00000000 4.50000000 2.00000000
v 15.50000000 5.00000000 2.00000000
v 16.00000000 4.50000000 3.00000000
v 15.50000000 5.00000000 3.00000000
v 16.00000000 4.50000000 4.00000000
v 15.50000000 5.00000000 4.00000000
v 15.50000000 11.00000000 2.00000000
v 16.00000000 10.50000000 2.00000000
v 16.00000000 11.00000000 1.50000000
v 15.50000000 11.00000000 3.00000000
v 16.00000000 10.50000000 3.00000000
v 15.50000000 11.00000000 4.00000000
v 16.00000000 10.50000000 4.00000000
v 16.00000000 11.00000000 4.50000000
v 15.50000000 12.00000000 1.00000000
v 16.00000000 11.50000000 1.00000000
v 16.00000000 12.00000000 0.50000000
v 15.50000000 12.00000000 2.00000000
v 15.50000000 12.00000000 3.00000000
v 15.50000000 12.00000000 4.00000000
v 16.00000000 12.00000000 4.50000000
v 15.50000000 13.00000000 1.00000000
v 16.00000000 13.00000000 0.50000000
v 15.50000000 13.00000000 2.00000000
v 15.50000000 13.00000000 3.00000000
v 15.50000000 13.00000000 4.00000000
v 16.00000000 13.00000000 4.50000000
v 16.00000000 13.50000000 1.00000000
v 16.00000000 14.00000000 1.50000000
v 15.50000000 14.00000000 2.00000000
v 15.50000000 14.00000000 3.00000000
v 15.50000000 14.00000000 4.00000000
v 16.00000000 14.00000000 4.50000000
v 15.50000000 15.00000000 2.00000000
v 16.00000000 15.00000000 1.50000000
v 15.50000000 15.00000000 3.00000000
v 15.50000000 15.00000000 4.00000000
v 16.00000000 15.00000000 4.50000000
v 15.50000000 16.00000000 2.00000000
v 16.00000000 15.50000000 2.00000000
v 16.00000000 15.50000000 3.00000000
v 15.50000000 16.00000000 3.00000000
v 16.00000000 15.50000000 4.00000000
v 15.50000000 16.00000000 4.00000000
v 15.50000000 17.00000000 2.00000000
v 15.50000000 17.00000000 3.00000000
v 15.50000000 17.00000000 4.00000000
v 15.50000000 18.00000000 2.00000000
v 15.50000000 18.00000000 3.00000000
v 15.50000000 18.00000000 4.00000000
v 15.50000000 19.00000000 2.00000000
v 15.50000000 19.00000000 3.00000000
v 15.50000000 19.00000000 4.00000000
v 16.00000000 19.50000000 2.00000000
v 16.00000000 20.00000000 1.50000000
v 16.00000000 19.50000000 3.00000000
v 16.00000000 19.50000000 4.00000000
v 16.00000000 20.00000000 4.50000000
v 15.50000000 21.00000000 1.00000000
v 16.00000000 20.50000000 1.00000000
v 16.00000000 21.00000000 0.50000000
v 15.50000000 21.00000000 3.00000000
v 16.00000000 21.00000000 2.50000000
v 16.00000000 20.50000000 3.00000000
v 16.00000000 21.00000000 3.50000000
v 16.00000000 20.50000000 5.00000000
v 15.50000000 21.00000000 5.00000000
v 16.00000000 21.00000000 5.50000000
v 15.50000000 22.00000000 1.00000000
v 16.00000000 22.00000000 0.50000000
v 16.00000000 21.50000000 3.00000000
v 15.50000000 22.00000000 5.00000000
v 16.00000000 22.00000000 5.50000000
v 16.00000000 22.50000000 1.00000000
v 16.00000000 23.00000000 1.50000000
v 16.00000000 23.00000000 4.50000000
v 16.00000000 22.50000000 5.00000000
v 16.00000000 23.50000000 2.00000000
v 16.00000000 23.50000000 3.00000000
v 16.00000000 23.50000000 4.00000000
v 16.00000000 27.50000000 2.00000000
v 16.00000000 28.00000000 1.50000000
v 16.00000000 27.50000000 3.00000000
v 16.00000000 27.50000000 4.00000000
v 16.00000000 28.00000000 4.50000000
v 16.00000000 28.50000000 1.00000000
v 16.00000000 29.00000000 0.50000000
v 15.50000000 29.00000000 3.00000000
v 16.00000000 29.00000000 2.50000000
v 16.00000000 28.50000000 3.00000000
v 16.00000000 29.00000000 3.50000000
v 16.00000000 28.50000000 5.00000000
v 16.00000000 29.00000000 5.50000000
v 16.00000000 30.00000000 0.50000000
v 16.00000000 30.00000000 2.50000000
v 16.00000000 30.00000000 3.50000000
v 16.00000000 30.00000000 5.50000000
v 16.00000000 30.50000000 1.00000000
v 16.00000000 31.00000000 1.50000000
v 16.00000000 30.50000000 3.00000000
v 15.50000000 31.00000000 5.00000000
v 16.00000000 31.00000000 5.50000000
v 16.00000000 31.50000000 2.00000000
v 16.00000000 31.50000000 3.00000000
v 16.00000000 31.50000000 4.00000000
v 16.00000000 31.50000000 5.00000000
v 17.00000000 -0.50000000 2.00000000
v 17.00000000 0.00000000 1.50000000
v 17.00000000 -0.50000000 3.00000000
v 17.00000000 -0.50000000 4.00000000
v 17.00000000 0.00000000 4.50000000
v 17.00000000 0.50000000 1.00000000
v 17.00000000 1.00000000 0.50000000
v 17.00000000 1.00000000 2.50000000
v 17.00000000 0.50000000 3.00000000
v 17.00000000 1.00000000 3.50000000
v 17.00000000 0.50000000 5.00000000
v 17.00000000 1.00000000 5.50000000
v 17.00000000 2.00000000 0.50000000
v 17.00000000 2.00000000 2.50000000
v 17.00000000 2.00000000 3.50000000
v 17.00000000 2.00000000 5.50000000
v 17.00000000 3.00000000 0.50000000
v 17.00000000 2.50000000 3.00000000
v 16.50000000 3.00000000 5.00000000
v 17.00000000 3.00000000 5.50000000
v 16.50000000 4.00000000 1.00000000
v 17.00000000 4.00000000 0.50000000
v 16.50000000 4.00000000 5.00000000
v 17.00000000 4.00000000 5.50000000
v 17.00000000 4.50000000 1.00000000
v 17.00000000 4.50000000 2.00000000
v 17.00000000 4.50000000 3.00000000
v 17.00000000 4.50000000 4.00000000
v 17.00000000 4.50000000 5.00000000
v 16.50000000 10.00000000 1.00000000
v 17.00000000 9.50000000 1.00000000
v 17.00000000 10.00000000 0.50000000
v 16.50000000 10.00000000 2.00000000
v 17.00000000 9.50000000 2.00000000
v 16.50000000 10.00000000 3.00000000
v 17.00000000 9.50000000 3.00000000
v 16.50000000 10.00000000 4.00000000
v 17.00000000 9.50000000 4.00000000
v 16.50000000 10.00000000 5.00000000
v 17.00000000 9.50000000 5.00000000
v 17.00000000 10.00000000 5.50000000
v 16.50000000 11.00000000 1.00000000
v 17.00000000 11.00000000 0.50000000
v 16.50000000 11.00000000 5.00000000
v 17.00000000 11.00000000 5.50000000
v 16.50000000 12.00000000 0.00000000
v 17.00000000 11.50000000 0.00000000
v 17.00000000 12.00000000 -0.50000000
v 16.50000000 12.00000000 3.00000000
v 17.00000000 12.00000000 2.50000000
v 17.00000000 11.50000000 3.00000000
v 17.00000000 12.00000000 3.50000000
v 16.50000000 12.00000000 5.00000000
v 17.00000000 12.00000000 5.50000000
v 16.50000000 13.00000000 0.00000000
v 17.00000000 13.00000000 -0.50000000
v 16.50000000 13.00000000 3.00000000
v 17.00000000 13.00000000 2.50000000
v 17.00000000 13.00000000 3.50000000
v 16.50000000 13.00000000 5.00000000
v 17.00000000 13.00000000 5.50000000
v 17.00000000 13.50000000 0.00000000
v 16.50000000 14.00000000 1.00000000
v 17.00000000 14.00000000 0.50000000
v 16.50000000 14.00000000 3.00000000
v 17.00000000 14.00000000 2.50000000
v 17.00000000 14.00000000 3.50000000
v 16.50000000 14.00000000 5.00000000
v 17.00000000 14.00000000 5.50000000
v 16.50000000 15.00000000 1.00000000
v 17.00000000 15.00000000 0.50000000
v 17.00000000 14.50000000 3.00000000
v 17.00000000 15.00000000 4.50000000
v 17.00000000 14.50000000 5.00000000
v 16.50000000 16.00000000 1.00000000
v 17.00000000 16.00000000 0.50000000
v 16.50000000 16.00000000 2.00000000
v 16.50000000 16.00000000 3.00000000
v 16.50000000 16.00000000 4.00000000
v 17.00000000 15.50000000 5.00000000
v 16.50000000 16.00000000 5.00000000
v 17.00000000 16.00000000 5.50000000
v 16.50000000 17.00000000 1.00000000
v 17.00000000 17.00000000 0.50000000
v 16.50000000 17.00000000 2.00000000
v 16.50000000 17.00000000 3.00000000
v 16.50000000 17.00000000 4.00000000
v 16.50000000 17.00000000 5.00000000
v 17.00000000 17.00000000 5.50000000
v 16.50000000 18.00000000 1.00000000
v 17.00000000 18.00000000 0.50000000
v 16.50000000 18.00000000 2.00000000
v 16.50000000 18.00000000 3.00000000
v 16.50000000 18.00000000 4.00000000
v 16.50000000 18.00000000 5.00000000
v 17.00000000 18.00000000 5.50000000
v 17.00000000 18.50000000 1.00000000
v 17.00000000 19.00000000 1.50000000
v 16.50000000 19.00000000 2.00000000
v 16.50000000 19.00000000 3.00000000
v 16.50000000 19.00000000 4.00000000
v 16.50000000 19.00000000 5.00000000
v 17.00000000 19.00000000 5.50000000
v 17.00000000 20.00000000 1.50000000
v 17.00000000 19.50000000 5.00000000
v 17.00000000 20.00000000 4.50000000
v 17.00000000 20.50000000 1.00000000
v 17.00000000 21.00000000 0.50000000
v 17.00000000 21.00000000 2.50000000
v 17.00000000 20.50000000 3.00000000
v 17.00000000 21.00000000 3.50000000
v 17.00000000 20.50000000 5.00000000
v 17.00000000 21.00000000 5.50000000
v 17.00000000 22.00000000 0.50000000
v 16.50000000 22.00000000 3.00000000
v 17.00000000 22.00000000 2.50000000
v 17.00000000 22.00000000 3.50000000
v 17.00000000 22.00000000 5.50000000
v 17.00000000 22.50000000 1.00000000
v 17.00000000 23.00000000 1.50000000
v 17.00000000 22.50000000 3.00000000
v 17.00000000 23.00000000 4.50000000
v 17.00000000 22.50000000 5.00000000
v 17.00000000 23.50000000 2.00000000
v 17.00000000 23.50000000 3.00000000
v 17.00000000 23.50000000 4.00000000
v 17.00000000 27.50000000 2.00000000
v 17.00000000 28.00000000 1.50000000
v 17.00000000 27.50000000 3.00000000
v 17.00000000 27.50000000 4.00000000
v 17.00000000 28.00000000 4.50000000
v 17.00000000 28.50000000 1.00000000
v 17.00000000 29.00000000 0.50000000
v 16.50000000 29.00000000 3.00000000
v 17.00000000 28.50000000 5.00000000
v 17.00000000 29.00000000 5.50000000
v 17.00000000 30.00000000 0.50000000
v 17.00000000 30.00000000 2.50000000
v 17.00000000 29.50000000 3.00000000
v 17.00000000 30.00000000 3.50000000
v 17.00000000 30.00000000 5.50000000
v 17.00000000 30.50000000 1.00000000
v 17.00000000 31.00000000 1.50000000
v 17.00000000 30.50000000 3.00000000
v 17.00000000 31.00000000 5.50000000
v 17.00000000 31.50000000 2.00000000
v 17.00000000 31.50000000 3.00000000
v 17.00000000 31.50000000 4.00000000
v 17.00000000 31.50000000 5.00000000
v 17.50000000 0.00000000 1.00000000
v 18.00000000 -0.50000000 1.00000000
v 18.00000000 0.00000000 0.50000000
v 18.00000000 -0.50000000 2.00000000
v 18.00000000 -0.50000000 3.00000000
v 18.00000000 -0.50000000 4.00000000
v 17.50000000 0.00000000 5.00000000
v 18.00000000 -0.50000000 5.00000000
v 18.00000000 0.00000000 5.50000000
v 18.00000000 1.00000000 0.50000000
v 18.00000000 0.50000000 2.00000000
v 17.50000000 1.00000000 2.00000000
v 18.00000000 1.00000000 1.50000000
v 18.00000000 0.50000000 3.00000000
v 18.00000000 1.00000000 3.50000000
v 18.00000000 1.00000000 5.50000000
v 17.50000000 2.00000000 0.00000000
v 18.00000000 1.50000000 0.00000000
v 18.00000000 2.00000000 -0.50000000
v 17.50000000 2.00000000 2.00000000
v 18.00000000 2.00000000 1.50000000
v 18.00000000 1.50000000 4.00000000
v 17.50000000 2.00000000 4.00000000
v 18.00000000 2.00000000 4.50000000
v 18.00000000 1.50000000 6.00000000
v 17.50000000 2.00000000 6.00000000
v 18.00000000 2.00000000 6.50000000
v 17.50000000 3.00000000 0.00000000
v 18.00000000 3.00000000 -0.50000000
v 17.50000000 3.00000000 2.00000000
v 18.00000000 3.00000000 1.50000000
v 17.50000000 3.00000000 3.00000000
v 17.50000000 3.00000000 4.00000000
v 18.00000000 3.00000000 4.50000000
v 17.50000000 3.00000000 6.00000000
v 18.00000000 3.00000000 6.50000000
v 18.00000000 3.50000000 0.00000000
v 18.00000000 4.00000000 0.50000000
v 18.00000000 3.50000000 2.00000000
v 18.00000000 3.50000000 3.00000000
v 18.00000000 3.50000000 4.00000000
v 18.00000000 4.00000000 5.50000000
v 18.00000000 3.50000000 6.00000000
v 18.00000000 4.50000000 1.00000000
v 17.50000000 5.00000000 2.00000000
v 18.00000000 5.00000000 1.50000000
v 17.50000000 5.00000000 3.00000000
v 17.50000000 5.00000000 4.00000000
v 18.00000000 5.00000000 4.50000000
v 18.00000000 4.50000000 5.00000000
v 18.00000000 5.50000000 2.00000000
v 18.00000000 5.50000000 3.00000000
v 18.00000000 5.50000000 4.00000000
v 17.50000000 9.00000000 2.00000000
v 18.00000000 8.50000000 2.00000000
v 18.00000000 9.00000000 1.50000000
v 17.50000000 9.00000000 3.00000000
v 18.00000000 8.50000000 3.00000000
v 17.50000000 9.00000000 4.00000000
v 18.00000000 8.50000000 4.00000000
v 18.00000000 9.00000000 4.50000000
v 18.00000000 9.50000000 1.00000000
v 18.00000000 10.00000000 0.50000000
v 18.00000000 9.50000000 5.00000000
v 18.00000000 10.00000000 5.50000000
v 17.50000000 11.00000000 0.00000000
v 18.00000000 10.50000000 0.00000000
v 18.00000000 11.00000000 -0.50000000
v 17.50000000 11.00000000 2.00000000
v 18.00000000 11.00000000 1.50000000
v 18.00000000 10.50000000 2.00000000
v 18.00000000 10.50000000 3.00000000
v 17.50000000 11.00000000 3.00000000
v 18.00000000 10.50000000 4.00000000
v 17.50000000 11.00000000 4.00000000
v 18.00000000 11.00000000 4.50000000
v 18.00000000 11.00000000 5.50000000
v 18.00000000 12.00000000 -0.50000000
v 17.50000000 12.00000000 2.00000000
v 18.00000000 12.00000000 1.50000000
v 17.50000000 12.00000000 4.00000000
v 18.00000000 12.00000000 4.50000000
v 18.00000000 12.00000000 5.50000000
v 18.00000000 13.00000000 -0.50000000
v 17.50000000 13.00000000 2.00000000
v 18.00000000 13.00000000 1.50000000
v 17.50000000 13.00000000 4.00000000
v 18.00000000 13.00000000 4.50000000
v 18.00000000 13.00000000 5.50000000
v 18.00000000 13.50000000 0.00000000
v 18.00000000 14.00000000 0.50000000
v 17.50000000 14.00000000 2.00000000
v 18.00000000 14.00000000 1.50000000
v 18.00000000 13.50000000 4.00000000
v 18.00000000 14.00000000 3.50000000
v 18.00000000 14.00000000 5.50000000
v 18.00000000 15.00000000 0.50000000
v 18.00000000 14.50000000 2.00000000
v 17.50000000 15.00000000 3.00000000
v 18.00000000 15.00000000 2.50000000
v 18.00000000 15.00000000 3.50000000
v 17.50000000 15.00000000 5.00000000
v 18.00000000 15.00000000 5.50000000
v 18.00000000 16.00000000 0.50000000
v 17.50000000 16.00000000 3.00000000
v 18.00000000 16.00000000 2.50000000
v 18.00000000 16.00000000 3.50000000
v 17.50000000 16.00000000 6.00000000
v 18.00000000 15.50000000 6.00000000
v 18.00000000 16.00000000 6.50000000
v 17.50000000 17.00000000 0.00000000
v 18.00000000 16.50000000 0.00000000
v 18.00000000 17.00000000 -0.50000000
v 17.50000000 17.00000000 2.00000000
v 18.00000000 17.00000000 1.50000000
v 18.00000000 16.50000000 2.00000000
v 17.50000000 17.00000000 3.00000000
v 18.00000000 16.50000000 4.00000000
v 17.50000000 17.00000000 4.00000000
v 18.00000000 17.00000000 4.50000000
v 17.50000000 17.00000000 6.00000000
v 18.00000000 17.00000000 6.50000000
v 18.00000000 17.50000000 0.00000000
v 18.00000000 18.00000000 0.50000000
v 17.50000000 18.00000000 2.00000000
v 18.00000000 18.00000000 1.50000000
v 17.50000000 18.00000000 3.00000000
v 17.50000000 18.00000000 4.00000000
v 18.00000000 18.00000000 4.50000000
v 17.50000000 18.00000000 6.00000000
v 18.00000000 18.00000000 6.50000000
v 17.50000000 19.00000000 1.00000000
v 18.00000000 19.00000000 0.50000000
v 18.00000000 18.50000000 2.00000000
v 17.50000000 19.00000000 3.00000000
v 18.00000000 19.00000000 2.50000000
v 18.00000000 19.00000000 3.50000000
v 18.00000000 18.50000000 4.00000000
v 17.50000000 19.00000000 6.00000000
v 18.00000000 19.00000000 6.50000000
v 18.00000000 19.50000000 1.00000000
v 18.00000000 20.00000000 1.50000000
v 17.50000000 20.00000000 3.00000000
v 18.00000000 20.00000000 2.50000000
v 18.00000000 20.00000000 3.50000000
v 17.50000000 20.00000000 5.00000000
v 18.00000000 20.00000000 5.50000000
v 18.00000000 19.50000000 6.00000000
v 17.50000000 21.00000000 1.00000000
v 18.00000000 21.00000000 1.50000000
v 18.00000000 21.00000000 2.50000000
v 18.00000000 21.00000000 3.50000000
v 18.00000000 21.00000000 5.50000000
v 18.00000000 21.50000000 1.00000000
v 18.00000000 22.00000000 0.50000000
v 18.00000000 22.00000000 2.50000000
v 18.00000000 22.00000000 3.50000000
v 17.50000000 22.00000000 5.00000000
v 18.00000000 22.00000000 4.50000000
v 18.00000000 21.50000000 5.00000000
v 17.50000000 23.00000000 1.00000000
v 18.00000000 23.00000000 0.50000000
v 18.00000000 22.50000000 3.00000000
v 18.00000000 23.00000000 4.50000000
v 18.00000000 23.50000000 1.00000000
v 17.50000000 24.00000000 2.00000000
v 18.00000000 24.00000000 1.50000000
v 17.50000000 24.00000000 3.00000000
v 17.50000000 24.00000000 4.00000000
v 18.00000000 24.00000000 4.50000000
v 18.00000000 24.50000000 2.00000000
v 18.00000000 24.50000000 3.00000000
v 18.00000000 24.50000000 4.00000000
v 17.50000000 28.00000000 2.00000000
v 17.50000000 28.00000000 3.00000000
v 17.50000000 28.00000000 4.00000000
v 17.50000000 29.00000000 1.00000000
v 18.00000000 29.00000000 1.50000000
v 18.00000000 28.50000000 2.00000000
v 18.00000000 28.50000000 3.00000000
v 18.00000000 28.50000000 4.00000000
v 17.50000000 29.00000000 5.00000000
v 18.00000000 29.00000000 4.50000000
v 17.50000000 30.00000000 1.00000000
v 18.00000000 30.00000000 1.50000000
v 17.50000000 30.00000000 3.00000000
v 17.50000000 30.00000000 5.00000000
v 18.00000000 30.00000000 4.50000000
v 18.00000000 30.50000000 2.00000000
v 17.50000000 31.00000000 2.00000000
v 18.00000000 31.00000000 2.50000000
v 17.50000000 31.00000000 5.00000000
v 18.00000000 31.00000000 4.50000000
v 18.00000000 31.50000000 3.00000000
v 18.00000000 31.50000000 4.00000000
v 19.00000000 -0.50000000 1.00000000
v 19.00000000 0.00000000 0.50000000
v 19.00000000 -0.50000000 2.00000000
v 19.00000000 -0.50000000 3.00000000
v 19.00000000 -0.50000000 4.00000000
v 19.00000000 -0.50000000 5.00000000
v 19.00000000 0.00000000 5.50000000
v 18.50000000 1.00000000 0.00000000
v 19.00000000 0.50000000 0.00000000
v 19.00000000 1.00000000 -0.50000000
v 19.00000000 1.00000000 1.50000000
v 19.00000000 0.50000000 2.00000000
v 19.00000000 0.50000000 3.00000000
v 19.00000000 0.50000000 4.00000000
v 18.50000000 1.00000000 4.00000000
v 19.00000000 1.00000000 4.50000000
v 19.00000000 1.00000000 5.50000000
v 19.00000000 2.00000000 -0.50000000
v 19.00000000 1.50000000 1.00000000
v 18.50000000 2.00000000 1.00000000
v 19.00000000 2.00000000 0.50000000
v 19.00000000 2.00000000 4.50000000
v 19.00000000 1.50000000 6.00000000
v 19.00000000 2.00000000 6.50000000
v 19.00000000 3.00000000 -0.50000000
v 19.00000000 2.50000000 1.00000000
v 19.00000000 3.00000000 1.50000000
v 19.00000000 3.00000000 4.50000000
v 19.00000000 3.00000000 6.50000000
v 19.00000000 3.50000000 0.00000000
v 19.00000000 4.00000000 0.50000000
v 19.00000000 3.50000000 2.00000000
v 18.50000000 4.00000000 3.00000000
v 19.00000000 4.00000000 2.50000000
v 19.00000000 4.00000000 3.50000000
v 19.00000000 3.50000000 4.00000000
v 19.00000000 4.00000000 5.50000000
v 19.00000000 3.50000000 6.00000000
v 19.00000000 4.50000000 1.00000000
v 19.00000000 5.00000000 1.50000000
v 19.00000000 4.50000000 3.00000000
v 19.00000000 5.00000000 4.50000000
v 19.00000000 4.50000000 5.00000000
v 19.00000000 5.50000000 2.00000000
v 19.00000000 5.50000000 3.00000000
v 19.00000000 5.50000000 4.00000000
v 19.00000000 8.50000000 2.00000000
v 19.00000000 9.00000000 1.50000000
v 19.00000000 8.50000000 3.00000000
v 19.00000000 8.50000000 4.00000000
v 19.00000000 9.00000000 4.50000000
v 19.00000000 9.50000000 1.00000000
v 19.00000000 10.00000000 0.50000000
v 18.50000000 10.00000000 3.00000000
v 19.00000000 10.00000000 2.50000000
v 19.00000000 9.50000000 3.00000000
v 19.00000000 10.00000000 3.50000000
v 19.00000000 9.50000000 5.00000000
v 19.00000000 10.00000000 5.50000000
v 19.00000000 10.50000000 0.00000000
v 19.00000000 11.00000000 -0.50000000
v 19.00000000 11.00000000 1.50000000
v 19.00000000 10.50000000 2.00000000
v 19.00000000 10.50000000 4.00000000
v 19.00000000 11.00000000 4.50000000
v 19.00000000 10.50000000 6.00000000
v 18.50000000 11.00000000 6.00000000
v 19.00000000 11.00000000 6.50000000
v 19.00000000 12.00000000 -0.50000000
v 18.50000000 12.00000000 1.00000000
v 19.00000000 12.00000000 0.50000000
v 19.00000000 11.50000000 1.00000000
v 19.00000000 12.00000000 4.50000000
v 18.50000000 12.00000000 6.00000000
v 19.00000000 12.00000000 6.50000000
v 19.00000000 13.00000000 -0.50000000
v 19.00000000 12.50000000 1.00000000
v 19.00000000 13.00000000 1.50000000
v 19.00000000 13.00000000 4.50000000
v 19.00000000 13.00000000 5.50000000
v 19.00000000 12.50000000 6.00000000
v 19.00000000 13.50000000 0.00000000
v 19.00000000 14.00000000 0.50000000
v 19.00000000 14.00000000 1.50000000
v 19.00000000 13.50000000 4.00000000
v 19.00000000 14.00000000 3.50000000
v 19.00000000 14.00000000 5.50000000
v 19.00000000 15.00000000 0.50000000
v 18.50000000 15.00000000 2.00000000
v 19.00000000 15.00000000 1.50000000
v 19.00000000 15.00000000 3.50000000
v 19.00000000 15.00000000 5.50000000
v 18.50000000 16.00000000 0.00000000
v 19.00000000 15.50000000 0.00000000
v 19.00000000 16.00000000 -0.50000000
v 18.50000000 16.00000000 2.00000000
v 19.00000000 16.00000000 1.50000000
v 19.00000000 15.50000000 4.00000000
v 18.50000000 16.00000000 4.00000000
v 19.00000000 16.00000000 4.50000000
v 19.00000000 15.50000000 6.00000000
v 19.00000000 16.00000000 6.50000000
v 19.00000000 17.00000000 -0.50000000
v 19.00000000 16.50000000 1.00000000
v 18.50000000 17.00000000 1.00000000
v 19.00000000 17.00000000 0.50000000
v 19.00000000 16.50000000 5.00000000
v 18.50000000 17.00000000 5.00000000
v 19.00000000 17.00000000 5.50000000
v 19.00000000 17.00000000 6.50000000
v 18.50000000 18.00000000 0.00000000
v 19.00000000 18.00000000 -0.50000000
v 19.00000000 17.50000000 1.00000000
v 19.00000000 18.00000000 1.50000000
v 18.50000000 18.00000000 5.00000000
v 19.00000000 18.00000000 5.50000000
v 19.00000000 18.00000000 6.50000000
v 19.00000000 18.50000000 0.00000000
v 19.00000000 19.00000000 0.50000000
v 19.00000000 18.50000000 2.00000000
v 19.00000000 19.00000000 2.50000000
v 18.50000000 19.00000000 4.00000000
v 19.00000000 19.00000000 4.50000000
v 19.00000000 18.50000000 5.00000000
v 19.00000000 19.00000000 6.50000000
v 18.50000000 20.00000000 1.00000000
v 19.00000000 20.00000000 0.50000000
v 19.00000000 20.00000000 2.50000000
v 19.00000000 19.50000000 4.00000000
v 19.00000000 20.00000000 3.50000000
v 19.00000000 20.00000000 5.50000000
v 19.00000000 19.50000000 6.00000000
v 18.50000000 21.00000000 1.00000000
v 19.00000000 21.00000000 0.50000000
v 19.00000000 21.00000000 2.50000000
v 19.00000000 21.00000000 3.50000000
v 18.50000000 21.00000000 5.00000000
v 19.00000000 21.00000000 4.50000000
v 19.00000000 20.50000000 5.00000000
v 19.00000000 22.00000000 0.50000000
v 19.00000000 22.00000000 2.50000000
v 19.00000000 22.00000000 3.50000000
v 18.50000000 22.00000000 5.00000000
v 19.00000000 21.50000000 5.00000000
v 19.00000000 22.00000000 5.50000000
v 19.00000000 23.00000000 0.50000000
v 18.50000000 23.00000000 3.00000000
v 19.00000000 23.00000000 2.50000000
v 19.00000000 23.00000000 3.50000000
v 18.50000000 23.00000000 5.00000000
v 19.00000000 23.00000000 5.50000000
v 19.00000000 23.50000000 1.00000000
v 19.00000000 24.00000000 1.50000000
v 19.00000000 23.50000000 3.00000000
v 19.00000000 24.00000000 4.50000000
v 19.00000000 23.50000000 5.00000000
v 19.00000000 24.50000000 2.00000000
v 19.00000000 24.50000000 3.00000000
v 19.00000000 24.50000000 4.00000000
v 18.50000000 29.00000000 2.00000000
v 18.50000000 29.00000000 3.00000000
v 18.50000000 29.00000000 4.00000000
v 18.50000000 30.00000000 2.00000000
v 18.50000000 30.00000000 3.00000000
v 18.50000000 30.00000000 4.00000000
v 18.50000000 31.00000000 3.00000000
v 18.50000000 31.00000000 4.00000000
v 20.00000000 -0.50000000 1.00000000
v 20.00000000 0.00000000 0.50000000
v 20.00000000 -0.50000000 2.00000000
v 20.00000000 -0.50000000 3.00000000
v 20.00000000 -0.50000000 4.00000000
v 20.00000000 -0.50000000 5.00000000
v 20.00000000 0.00000000 5.50000000
v 20.00000000 0.50000000 0.00000000
v 20.00000000 1.00000000 -0.50000000
v 19.50000000 1.00000000 2.00000000
v 20.00000000 1.00000000 2.50000000
v 20.00000000 0.50000000 3.00000000
v 19.50000000 1.00000000 4.00000000
v 20.00000000 1.00000000 3.50000000
v 20.00000000 1.00000000 5.50000000
v 20.00000000 2.00000000 -0.50000000
v 19.50000000 2.00000000 1.00000000
v 20.00000000 2.00000000 1.50000000
v 20.00000000 1.50000000 2.00000000
v 20.00000000 1.50000000 4.00000000
v 20.00000000 2.00000000 4.50000000
v 20.00000000 1.50000000 6.00000000
v 20.00000000 2.00000000 6.50000000
v 20.00000000 3.00000000 -0.50000000
v 20.00000000 3.00000000 1.50000000
v 20.00000000 3.00000000 4.50000000
v 20.00000000 3.00000000 6.50000000
v 20.00000000 3.50000000 0.00000000
v 20.00000000 4.00000000 0.50000000
v 20.00000000 3.50000000 2.00000000
v 19.50000000 4.00000000 3.00000000
v 20.00000000 3.50000000 3.00000000
v 20.00000000 3.50000000 4.00000000
v 20.00000000 4.00000000 5.50000000
v 20.00000000 3.50000000 6.00000000
v 20.00000000 4.50000000 1.00000000
v 20.00000000 5.00000000 1.50000000
v 20.00000000 5.00000000 4.50000000
v 20.00000000 4.50000000 5.00000000
v 20.00000000 5.50000000 2.00000000
v 20.00000000 5.50000000 3.00000000
v 20.00000000 5.50000000 4.00000000
v 20.00000000 8.50000000 2.00000000
v 20.00000000 9.00000000 1.50000000
v 20.00000000 8.50000000 3.00000000
v 20.00000000 8.50000000 4.00000000
v 20.00000000 9.00000000 4.50000000
v 20.00000000 9.50000000 1.00000000
v 20.00000000 10.00000000 0.50000000
v 19.50000000 10.00000000 3.00000000
v 20.00000000 9.50000000 5.00000000
v 20.00000000 10.00000000 5.50000000
v 20.00000000 10.50000000 0.00000000
v 20.00000000 11.00000000 -0.50000000
v 20.00000000 11.00000000 1.50000000
v 20.00000000 10.50000000 2.00000000
v 20.00000000 10.50000000 3.00000000
v 20.00000000 10.50000000 4.00000000
v 20.00000000 11.00000000 4.50000000
v 19.50000000 11.00000000 6.00000000
v 20.00000000 11.00000000 5.50000000
v 20.00000000 12.00000000 -0.50000000
v 19.50000000 12.00000000 1.00000000
v 20.00000000 12.00000000 1.50000000
v 20.00000000 12.00000000 4.50000000
v 20.00000000 11.50000000 6.00000000
v 20.00000000 12.00000000 6.50000000
v 20.00000000 13.00000000 -0.50000000
v 20.00000000 13.00000000 1.50000000
v 19.50000000 13.00000000 4.00000000
v 20.00000000 12.50000000 4.00000000
v 20.00000000 13.00000000 3.50000000
v 20.00000000 13.00000000 5.50000000
v 20.00000000 12.50000000 6.00000000
v 20.00000000 13.50000000 0.00000000
v 20.00000000 14.00000000 0.50000000
v 20.00000000 13.50000000 2.00000000
v 19.50000000 14.00000000 2.00000000
v 20.00000000 14.00000000 2.50000000
v 20.00000000 14.00000000 3.50000000
v 20.00000000 14.00000000 5.50000000
v 20.00000000 15.00000000 0.50000000
v 19.50000000 15.00000000 2.00000000
v 20.00000000 15.00000000 2.50000000
v 20.00000000 15.00000000 3.50000000
v 20.00000000 15.00000000 5.50000000
v 20.00000000 15.50000000 0.00000000
v 20.00000000 16.00000000 -0.50000000
v 20.00000000 16.00000000 1.50000000
v 20.00000000 15.50000000 2.00000000
v 20.00000000 15.50000000 4.00000000
v 20.00000000 16.00000000 4.50000000
v 20.00000000 15.50000000 6.00000000
v 20.00000000 16.00000000 6.50000000
v 20.00000000 17.00000000 -0.50000000
v 19.50000000 17.00000000 1.00000000
v 20.00000000 17.00000000 1.50000000
v 20.00000000 16.50000000 5.00000000
v 20.00000000 17.00000000 5.50000000
v 20.00000000 17.00000000 6.50000000
v 20.00000000 18.00000000 -0.50000000
v 20.00000000 18.00000000 1.50000000
v 20.00000000 18.00000000 5.50000000
v 20.00000000 18.00000000 6.50000000
v 20.00000000 18.50000000 0.00000000
v 20.00000000 19.00000000 0.50000000
v 20.00000000 18.50000000 2.00000000
v 20.00000000 19.00000000 2.50000000
v 20.00000000 18.50000000 5.00000000
v 20.00000000 19.00000000 4.50000000
v 20.00000000 19.00000000 6.50000000
v 20.00000000 20.00000000 0.50000000
v 20.00000000 20.00000000 2.50000000
v 20.00000000 19.50000000 4.00000000
v 20.00000000 20.00000000 3.50000000
v 20.00000000 20.00000000 5.50000000
v 20.00000000 19.50000000 6.00000000
v 20.00000000 21.00000000 0.50000000
v 20.00000000 21.00000000 2.50000000
v 20.00000000 21.00000000 3.50000000
v 19.50000000 21.00000000 5.00000000
v 20.00000000 21.00000000 5.50000000
v 20.00000000 22.00000000 0.50000000
v 19.50000000 22.00000000 2.00000000
v 20.00000000 22.00000000 1.50000000
v 20.00000000 21.50000000 2.00000000
v 20.00000000 21.50000000 4.00000000
v 19.50000000 22.00000000 4.00000000
v 20.00000000 22.00000000 4.50000000
v 20.00000000 22.00000000 5.50000000
v 20.00000000 23.00000000 0.50000000
v 20.00000000 22.50000000 2.00000000
v 20.00000000 23.00000000 2.50000000
v 20.00000000 22.50000000 4.00000000
v 20.00000000 23.00000000 3.50000000
v 20.00000000 23.00000000 5.50000000
v 20.00000000 23.50000000 1.00000000
v 20.00000000 24.00000000 1.50000000
v 20.00000000 23.50000000 3.00000000
v 20.00000000 24.00000000 4.50000000
v 20.00000000 23.50000000 5.00000000
v 20.00000000 24.50000000 2.00000000
v 20.00000000 24.50000000 3.00000000
v 20.00000000 24.50000000 4.00000000
v 20.50000000 0.00000000 1.00000000
v 21.00000000 0.00000000 1.50000000
v 21.00000000 -0.50000000 2.00000000
v 21.00000000 -0.50000000 3.00000000
v 21.00000000 -0.50000000 4.00000000
v 20.50000000 0.00000000 5.00000000
v 21.00000000 0.00000000 4.50000000
v 20.50000000 1.00000000 0.00000000
v 21.00000000 1.00000000 0.50000000
v 21.00000000 0.50000000 1.00000000
v 20.50000000 1.00000000 3.00000000
v 21.00000000 0.50000000 5.00000000
v 21.00000000 1.00000000 5.50000000
v 20.50000000 2.00000000 0.00000000
v 21.00000000 2.00000000 0.50000000
v 20.50000000 2.00000000 2.00000000
v 20.50000000 2.00000000 3.00000000
v 20.50000000 2.00000000 4.00000000
v 20.50000000 2.00000000 6.00000000
v 21.00000000 2.00000000 5.50000000
v 20.50000000 3.00000000 0.00000000
v 21.00000000 3.00000000 0.50000000
v 20.50000000 3.00000000 2.00000000
v 21.00000000 3.00000000 2.50000000
v 21.00000000 2.50000000 3.00000000
v 21.00000000 3.00000000 3.50000000
v 20.50000000 3.00000000 4.00000000
v 20.50000000 3.00000000 6.00000000
v 21.00000000 3.00000000 5.50000000
v 21.00000000 4.00000000 0.50000000
v 21.00000000 3.50000000 3.00000000
v 21.00000000 4.00000000 5.50000000
v 21.00000000 4.50000000 1.00000000
v 21.00000000 4.50000000 2.00000000
v 20.50000000 5.00000000 2.00000000
v 21.00000000 5.00000000 2.50000000
v 20.50000000 5.00000000 4.00000000
v 21.00000000 5.00000000 3.50000000
v 21.00000000 4.50000000 4.00000000
v 21.00000000 4.50000000 5.00000000
v 21.00000000 5.50000000 3.00000000
v 20.50000000 9.00000000 2.00000000
v 20.50000000 9.00000000 3.00000000
v 20.50000000 9.00000000 4.00000000
v 21.00000000 9.50000000 1.00000000
v 21.00000000 10.00000000 0.50000000
v 21.00000000 9.50000000 2.00000000
v 21.00000000 9.50000000 3.00000000
v 21.00000000 9.50000000 4.00000000
v 20.50000000 10.00000000 5.00000000
v 21.00000000 10.00000000 4.50000000
v 20.50000000 11.00000000 0.00000000
v 21.00000000 11.00000000 0.50000000
v 20.50000000 11.00000000 2.00000000
v 20.50000000 11.00000000 3.00000000
v 20.50000000 11.00000000 4.00000000
v 21.00000000 10.50000000 5.00000000
v 21.00000000 11.00000000 5.50000000
v 20.50000000 12.00000000 0.00000000
v 21.00000000 12.00000000 0.50000000
v 20.50000000 12.00000000 2.00000000
v 20.50000000 12.00000000 3.00000000
v 20.50000000 12.00000000 4.00000000
v 20.50000000 12.00000000 6.00000000
v 21.00000000 12.00000000 5.50000000
v 20.50000000 13.00000000 0.00000000
v 21.00000000 13.00000000 0.50000000
v 20.50000000 13.00000000 2.00000000
v 20.50000000 13.00000000 3.00000000
v 21.00000000 13.00000000 5.50000000
v 21.00000000 14.00000000 0.50000000
v 20.50000000 14.00000000 3.00000000
v 20.50000000 14.00000000 5.00000000
v 21.00000000 14.00000000 4.50000000
v 21.00000000 13.50000000 5.00000000
v 21.00000000 15.00000000 0.50000000
v 21.00000000 15.00000000 2.50000000
v 21.00000000 14.50000000 3.00000000
v 21.00000000 15.00000000 3.50000000
v 21.00000000 14.50000000 5.00000000
v 21.00000000 15.00000000 5.50000000
v 20.50000000 16.00000000 0.00000000
v 21.00000000 16.00000000 0.50000000
v 20.50000000 16.00000000 2.00000000
v 21.00000000 16.00000000 2.50000000
v 20.50000000 16.00000000 4.00000000
v 21.00000000 16.00000000 3.50000000
v 20.50000000 16.00000000 6.00000000
v 21.00000000 16.00000000 5.50000000
v 20.50000000 17.00000000 0.00000000
v 21.00000000 17.00000000 0.50000000
v 20.50000000 17.00000000 2.00000000
v 21.00000000 17.00000000 2.50000000
v 21.00000000 16.50000000 4.00000000
v 20.50000000 17.00000000 5.00000000
v 21.00000000 17.00000000 4.50000000
v 21.00000000 16.50000000 6.00000000
v 21.00000000 17.00000000 6.50000000
v 20.50000000 18.00000000 0.00000000
v 21.00000000 18.00000000 0.50000000
v 21.00000000 18.00000000 1.50000000
v 21.00000000 17.50000000 2.00000000
v 20.50000000 18.00000000 5.00000000
v 21.00000000 18.00000000 4.50000000
v 21.00000000 18.00000000 6.50000000
v 21.00000000 19.00000000 0.50000000
v 21.00000000 18.50000000 2.00000000
v 21.00000000 19.00000000 2.50000000
v 20.50000000 19.00000000 4.00000000
v 21.00000000 18.50000000 4.00000000
v 21.00000000 19.00000000 3.50000000
v 21.00000000 18.50000000 6.00000000
v 20.50000000 19.00000000 6.00000000
v 21.00000000 19.00000000 5.50000000
v 21.00000000 20.00000000 0.50000000
v 21.00000000 20.00000000 2.50000000
v 21.00000000 20.00000000 3.50000000
v 21.00000000 20.00000000 5.50000000
v 21.00000000 21.00000000 0.50000000
v 21.00000000 21.00000000 2.50000000
v 21.00000000 21.00000000 3.50000000
v 21.00000000 21.00000000 5.50000000
v 21.00000000 22.00000000 0.50000000
v 21.00000000 22.00000000 1.50000000
v 21.00000000 21.50000000 2.00000000
v 21.00000000 21.50000000 4.00000000
v 21.00000000 22.00000000 4.50000000
v 21.00000000 22.00000000 5.50000000
v 21.00000000 23.00000000 0.50000000
v 21.00000000 22.50000000 2.00000000
v 21.00000000 23.00000000 2.50000000
v 21.00000000 22.50000000 4.00000000
v 21.00000000 23.00000000 3.50000000
v 21.00000000 23.00000000 5.50000000
v 21.00000000 23.50000000 1.00000000
v 21.00000000 24.00000000 1.50000000
v 21.00000000 23.50000000 3.00000000
v 21.00000000 24.00000000 4.50000000
v 21.00000000 23.50000000 5.00000000
v 21.00000000 24.50000000 2.00000000
v 21.00000000 24.50000000 3.00000000
v 21.00000000 24.50000000 4.00000000
v 21.50000000 0.00000000 2.00000000
v 21.50000000 0.00000000 3.00000000
v 21.50000000 0.00000000 4.00000000
v 21.50000000 1.00000000 1.00000000
v 22.00000000 1.00000000 1.50000000
v 22.00000000 0.50000000 2.00000000
v 22.00000000 0.50000000 3.00000000
v 22.00000000 0.50000000 4.00000000
v 21.50000000 1.00000000 5.00000000
v 22.00000000 1.00000000 4.50000000
v 21.50000000 2.00000000 1.00000000
v 22.00000000 2.00000000 1.50000000
v 21.50000000 2.00000000 5.00000000
v 22.00000000 2.00000000 4.50000000
v 21.50000000 3.00000000 1.00000000
v 22.00000000 3.00000000 1.50000000
v 22.00000000 3.00000000 2.50000000
v 22.00000000 2.50000000 3.00000000
v 22.00000000 3.00000000 3.50000000
v 21.50000000 3.00000000 5.00000000
v 22.00000000 3.00000000 4.50000000
v 21.50000000 4.00000000 1.00000000
v 22.00000000 4.00000000 1.50000000
v 22.00000000 3.50000000 3.00000000
v 21.50000000 4.00000000 5.00000000
v 22.00000000 4.00000000 4.50000000
v 22.00000000 4.50000000 2.00000000
v 22.00000000 4.50000000 3.00000000
v 21.50000000 5.00000000 3.00000000
v 22.00000000 4.50000000 4.00000000
v 21.50000000 10.00000000 1.00000000
v 21.50000000 10.00000000 2.00000000
v 21.50000000 10.00000000 3.00000000
v 21.50000000 10.00000000 4.00000000
v 21.50000000 11.00000000 1.00000000
v 22.00000000 11.00000000 1.50000000
v 22.00000000 10.50000000 2.00000000
v 22.00000000 10.50000000 3.00000000
v 21.50000000 11.00000000 4.00000000
v 22.00000000 11.00000000 3.50000000
v 21.50000000 11.00000000 5.00000000
v 21.50000000 12.00000000 1.00000000
v 22.00000000 12.00000000 1.50000000
v 22.00000000 11.50000000 4.00000000
v 21.50000000 12.00000000 5.00000000
v 22.00000000 12.00000000 4.50000000
v 21.50000000 13.00000000 1.00000000
v 22.00000000 12.50000000 2.00000000
v 21.50000000 13.00000000 2.00000000
v 22.00000000 12.50000000 3.00000000
v 21.50000000 13.00000000 3.00000000
v 22.00000000 12.50000000 4.00000000
v 21.50000000 13.00000000 4.00000000
v 21.50000000 13.00000000 5.00000000
v 21.50000000 14.00000000 1.00000000
v 21.50000000 14.00000000 2.00000000
v 22.00000000 14.00000000 2.50000000
v 22.00000000 13.50000000 3.00000000
v 21.50000000 14.00000000 4.00000000
v 22.00000000 14.00000000 3.50000000
v 21.50000000 15.00000000 1.00000000
v 22.00000000 15.00000000 1.50000000
v 22.00000000 14.50000000 2.00000000
v 21.50000000 15.00000000 3.00000000
v 22.00000000 14.50000000 4.00000000
v 21.50000000 15.00000000 5.00000000
v 22.00000000 15.00000000 4.50000000
v 21.50000000 16.00000000 1.00000000
v 22.00000000 16.00000000 1.50000000
v 21.50000000 16.00000000 3.00000000
v 22.00000000 15.50000000 5.00000000
v 22.00000000 16.00000000 5.50000000
v 22.00000000 16.50000000 1.00000000
v 22.00000000 17.00000000 0.50000000
v 21.50000000 17.00000000 3.00000000
v 21.50000000 17.00000000 4.00000000
v 21.50000000 17.00000000 6.00000000
v 22.00000000 17.00000000 5.50000000
v 22.00000000 18.00000000 0.50000000
v 21.50000000 18.00000000 2.00000000
v 21.50000000 18.00000000 3.00000000
v 21.50000000 18.00000000 4.00000000
v 21.50000000 18.00000000 6.00000000
v 22.00000000 18.00000000 5.50000000
v 22.00000000 19.00000000 0.50000000
v 21.50000000 19.00000000 3.00000000
v 22.00000000 19.00000000 5.50000000
v 22.00000000 20.00000000 0.50000000
v 22.00000000 20.00000000 2.50000000
v 22.00000000 19.50000000 3.00000000
v 22.00000000 20.00000000 3.50000000
v 22.00000000 20.00000000 5.50000000
v 22.00000000 21.00000000 0.50000000
v 21.50000000 21.00000000 2.00000000
v 22.00000000 21.00000000 1.50000000
v 22.00000000 20.50000000 2.00000000
v 22.00000000 20.50000000 4.00000000
v 21.50000000 21.00000000 4.00000000
v 22.00000000 21.00000000 4.50000000
v 22.00000000 21.00000000 5.50000000
v 22.00000000 22.00000000 0.50000000
v 22.00000000 22.00000000 1.50000000
v 22.00000000 22.00000000 3.50000000
v 21.50000000 22.00000000 4.00000000
v 22.00000000 21.50000000 4.00000000
v 22.00000000 22.00000000 5.50000000
v 22.00000000 23.00000000 0.50000000
v 22.00000000 22.50000000 2.00000000
v 21.50000000 23.00000000 3.00000000
v 22.00000000 22.50000000 3.00000000
v 22.00000000 23.00000000 5.50000000
v 22.00000000 23.50000000 1.00000000
v 22.00000000 24.00000000 1.50000000
v 22.00000000 24.00000000 4.50000000
v 22.00000000 23.50000000 5.00000000
v 22.00000000 24.50000000 2.00000000
v 22.00000000 24.50000000 3.00000000
v 22.00000000 24.50000000 4.00000000
v 22.50000000 0.00000000 2.00000000
v 23.00000000 -0.50000000 2.00000000
v 23.00000000 0.00000000 1.50000000
v 22.50000000 0.00000000 3.00000000
v 23.00000000 -0.50000000 3.00000000
v 22.50000000 0.00000000 4.00000000
v 23.00000000 -0.50000000 4.00000000
v 23.00000000 0.00000000 4.50000000
v 22.50000000 1.00000000 1.00000000
v 23.00000000 0.50000000 1.00000000
v 23.00000000 1.00000000 0.50000000
v 22.50000000 1.00000000 5.00000000
v 23.00000000 0.50000000 5.00000000
v 23.00000000 1.00000000 5.50000000
v 22.50000000 2.00000000 1.00000000
v 23.00000000 2.00000000 0.50000000
v 22.50000000 2.00000000 3.00000000
v 23.00000000 2.00000000 2.50000000
v 23.00000000 1.50000000 3.00000000
v 23.00000000 2.00000000 3.50000000
v 22.50000000 2.00000000 5.00000000
v 23.00000000 2.00000000 5.50000000
v 23.00000000 2.50000000 1.00000000
v 23.00000000 3.00000000 1.50000000
v 23.00000000 3.00000000 2.50000000
v 23.00000000 3.00000000 3.50000000
v 22.50000000 3.00000000 5.00000000
v 23.00000000 3.00000000 5.50000000
v 23.00000000 4.00000000 1.50000000
v 23.00000000 3.50000000 3.00000000
v 23.00000000 4.00000000 4.50000000
v 23.00000000 3.50000000 5.00000000
v 23.00000000 4.50000000 2.00000000
v 23.00000000 4.50000000 3.00000000
v 23.00000000 4.50000000 4.00000000
v 22.50000000 11.00000000 2.00000000
v 22.50000000 11.00000000 3.00000000
v 22.50000000 12.00000000 2.00000000
v 22.50000000 12.00000000 3.00000000
v 22.50000000 12.00000000 4.00000000
v 22.50000000 14.00000000 3.00000000
v 22.50000000 15.00000000 2.00000000
v 22.50000000 15.00000000 3.00000000
v 22.50000000 15.00000000 4.00000000
v 22.50000000 16.00000000 2.00000000
v 22.50000000 16.00000000 3.00000000
v 22.50000000 16.00000000 4.00000000
v 22.50000000 16.00000000 5.00000000
v 22.50000000 17.00000000 1.00000000
v 22.50000000 17.00000000 2.00000000
v 23.00000000 17.00000000 2.50000000
v 23.00000000 16.50000000 3.00000000
v 23.00000000 16.50000000 4.00000000
v 22.50000000 17.00000000 5.00000000
v 23.00000000 17.00000000 4.50000000
v 22.50000000 18.00000000 1.00000000
v 23.00000000 18.00000000 1.50000000
v 23.00000000 17.50000000 2.00000000
v 22.50000000 18.00000000 5.00000000
v 23.00000000 18.00000000 4.50000000
v 23.00000000 18.50000000 1.00000000
v 23.00000000 19.00000000 0.50000000
v 22.50000000 19.00000000 5.00000000
v 23.00000000 19.00000000 4.50000000
v 23.00000000 20.00000000 0.50000000
v 23.00000000 20.00000000 2.50000000
v 23.00000000 19.50000000 3.00000000
v 23.00000000 20.00000000 3.50000000
v 23.00000000 19.50000000 5.00000000
v 23.00000000 20.00000000 5.50000000
v 23.00000000 21.00000000 0.50000000
v 23.00000000 21.00000000 1.50000000
v 23.00000000 20.50000000 2.00000000
v 22.50000000 21.00000000 4.00000000
v 23.00000000 21.00000000 3.50000000
v 23.00000000 21.00000000 5.50000000
v 23.00000000 22.00000000 0.50000000
v 23.00000000 22.00000000 1.50000000
v 23.00000000 22.00000000 3.50000000
v 23.00000000 22.00000000 5.50000000
v 23.00000000 23.00000000 0.50000000
v 23.00000000 22.50000000 2.00000000
v 22.50000000 23.00000000 3.00000000
v 23.00000000 23.00000000 2.50000000
v 23.00000000 23.00000000 3.50000000
v 23.00000000 23.00000000 5.50000000
v 23.00000000 23.50000000 1.00000000
v 23.00000000 24.00000000 1.50000000
v 23.00000000 23.50000000 3.00000000
v 22.50000000 24.00000000 5.00000000
v 23.00000000 24.00000000 5.50000000
v 23.00000000 24.50000000 2.00000000
v 23.00000000 24.50000000 3.00000000
v 23.00000000 24.50000000 4.00000000
v 23.00000000 24.50000000 5.00000000
v 24.00000000 -0.50000000 2.00000000
v 24.00000000 0.00000000 1.50000000
v 24.00000000 -0.50000000 3.00000000
v 24.00000000 -0.50000000 4.00000000
v 23.50000000 0.00000000 5.00000000
v 24.00000000 -0.50000000 5.00000000
v 24.00000000 0.00000000 5.50000000
v 24.00000000 0.50000000 1.00000000
v 24.00000000 1.00000000 0.50000000
v 23.50000000 1.00000000 3.00000000
v 24.00000000 1.00000000 2.50000000
v 24.00000000 0.50000000 3.00000000
v 24.00000000 0.50000000 4.00000000
v 23.50000000 1.00000000 4.00000000
v 24.00000000 1.00000000 4.50000000
v 24.00000000 1.00000000 5.50000000
v 24.00000000 2.00000000 0.50000000
v 24.00000000 2.00000000 2.50000000
v 23.50000000 2.00000000 4.00000000
v 24.00000000 2.00000000 4.50000000
v 24.00000000 2.00000000 5.50000000
v 23.50000000 3.00000000 1.00000000
v 24.00000000 3.00000000 0.50000000
v 24.00000000 3.00000000 2.50000000
v 24.00000000 2.50000000 4.00000000
v 24.00000000 3.00000000 3.50000000
v 24.00000000 3.00000000 5.50000000
v 24.00000000 3.50000000 1.00000000
v 24.00000000 4.00000000 1.50000000
v 24.00000000 3.50000000 3.00000000
v 24.00000000 4.00000000 4.50000000
v 24.00000000 3.50000000 5.00000000
v 24.00000000 4.50000000 2.00000000
v 24.00000000 4.50000000 3.00000000
v 24.00000000 4.50000000 4.00000000
v 23.50000000 17.00000000 2.00000000
v 24.00000000 16.50000000 2.00000000
v 24.00000000 17.00000000 1.50000000
v 24.00000000 16.50000000 3.00000000
v 24.00000000 16.50000000 4.00000000
v 24.00000000 17.00000000 4.50000000
v 23.50000000 18.00000000 1.00000000
v 24.00000000 17.50000000 1.00000000
v 24.00000000 18.00000000 0.50000000
v 24.00000000 17.50000000 5.00000000
v 23.50000000 18.00000000 5.00000000
v 24.00000000 18.00000000 5.50000000
v 24.00000000 19.00000000 0.50000000
v 24.00000000 18.50000000 2.00000000
v 23.50000000 19.00000000 2.00000000
v 24.00000000 19.00000000 1.50000000
v 24.00000000 18.50000000 3.00000000
v 23.50000000 19.00000000 3.00000000
v 24.00000000 19.00000000 3.50000000
v 23.50000000 19.00000000 5.00000000
v 24.00000000 19.00000000 5.50000000
v 24.00000000 20.00000000 0.50000000
v 23.50000000 20.00000000 2.00000000
v 24.00000000 20.00000000 1.50000000
v 24.00000000 20.00000000 3.50000000
v 24.00000000 20.00000000 5.50000000
v 24.00000000 21.00000000 0.50000000
v 24.00000000 21.00000000 1.50000000
v 24.00000000 21.00000000 3.50000000
v 24.00000000 21.00000000 5.50000000
v 24.00000000 22.00000000 0.50000000
v 24.00000000 21.50000000 2.00000000
v 23.50000000 22.00000000 2.00000000
v 24.00000000 22.00000000 2.50000000
v 24.00000000 22.00000000 3.50000000
v 24.00000000 22.00000000 5.50000000
v 24.00000000 23.00000000 0.50000000
v 24.00000000 23.00000000 2.50000000
v 24.00000000 22.50000000 4.00000000
v 23.50000000 23.00000000 4.00000000
v 24.00000000 23.00000000 4.50000000
v 24.00000000 23.00000000 5.50000000
v 24.00000000 23.50000000 1.00000000
v 24.00000000 24.00000000 1.50000000
v 24.00000000 23.50000000 3.00000000
v 24.00000000 23.50000000 4.00000000
v 24.00000000 24.00000000 5.50000000
v 24.00000000 24.50000000 2.00000000
v 24.00000000 24.50000000 3.00000000
v 24.00000000 24.50000000 4.00000000
v 24.00000000 24.50000000 5.00000000
v 25.00000000 -0.50000000 2.00000000
v 25.00000000 0.00000000 1.50000000
v 25.00000000 -0.50000000 3.00000000
v 25.00000000 -0.50000000 4.00000000
v 24.50000000 0.00000000 5.00000000
v 25.00000000 0.00000000 4.50000000
v 25.00000000 0.50000000 1.00000000
v 25.00000000 1.00000000 0.50000000
v 24.50000000 1.00000000 3.00000000
v 24.50000000 1.00000000 4.00000000
v 25.00000000 0.50000000 5.00000000
v 25.00000000 1.00000000 5.50000000
v 25.00000000 2.00000000 0.50000000
v 25.00000000 2.00000000 2.50000000
v 25.00000000 1.50000000 3.00000000
v 25.00000000 2.00000000 3.50000000
v 24.50000000 2.00000000 4.00000000
v 25.00000000 2.00000000 5.50000000
v 25.00000000 3.00000000 0.50000000
v 25.00000000 3.00000000 2.50000000
v 25.00000000 3.00000000 3.50000000
v 25.00000000 3.00000000 5.50000000
v 25.00000000 3.50000000 1.00000000
v 25.00000000 4.00000000 1.50000000
v 25.00000000 3.50000000 3.00000000
v 24.50000000 4.00000000 5.00000000
v 25.00000000 4.00000000 5.50000000
v 24.50000000 5.00000000 2.00000000
v 25.00000000 5.00000000 1.50000000
v 24.50000000 5.00000000 3.00000000
v 24.50000000 5.00000000 4.00000000
v 25.00000000 5.00000000 4.50000000
v 25.00000000 4.50000000 5.00000000
v 25.00000000 5.50000000 2.00000000
v 25.00000000 5.50000000 3.00000000
v 25.00000000 5.50000000 4.00000000
v 24.50000000 8.00000000 2.00000000
v 25.00000000 7.50000000 2.00000000
v 25.00000000 8.00000000 1.50000000
v 24.50000000 8.00000000 3.00000000
v 25.00000000 7.50000000 3.00000000
v 24.50000000 8.00000000 4.00000000
v 25.00000000 7.50000000 4.00000000
v 25.00000000 8.00000000 4.50000000
v 24.50000000 9.00000000 2.00000000
v 25.00000000 9.00000000 1.50000000
v 24.50000000 9.00000000 3.00000000
v 24.50000000 9.00000000 4.00000000
v 25.00000000 9.00000000 4.50000000
v 24.50000000 10.00000000 2.00000000
v 25.00000000 10.00000000 1.50000000
v 24.50000000 10.00000000 3.00000000
v 24.50000000 10.00000000 4.00000000
v 25.00000000 10.00000000 4.50000000
v 25.00000000 10.50000000 2.00000000
v 25.00000000 10.50000000 3.00000000
v 25.00000000 10.50000000 4.00000000
v 24.50000000 17.00000000 1.00000000
v 25.00000000 16.50000000 1.00000000
v 25.00000000 17.00000000 0.50000000
v 25.00000000 16.50000000 2.00000000
v 25.00000000 16.50000000 3.00000000
v 25.00000000 16.50000000 4.00000000
v 24.50000000 17.00000000 5.00000000
v 25.00000000 16.50000000 5.00000000
v 25.00000000 17.00000000 5.50000000
v 25.00000000 18.00000000 0.50000000
v 25.00000000 17.50000000 2.00000000
v 24.50000000 18.00000000 2.00000000
v 25.00000000 18.00000000 1.50000000
v 25.00000000 17.50000000 3.00000000
v 24.50000000 18.00000000 3.00000000
v 25.00000000 17.50000000 4.00000000
v 24.50000000 18.00000000 4.00000000
v 25.00000000 18.00000000 4.50000000
v 25.00000000 18.00000000 5.50000000
v 25.00000000 19.00000000 0.50000000
v 25.00000000 19.00000000 1.50000000
v 24.50000000 19.00000000 4.00000000
v 25.00000000 19.00000000 4.50000000
v 25.00000000 19.00000000 5.50000000
v 25.00000000 20.00000000 0.50000000
v 25.00000000 19.50000000 2.00000000
v 24.50000000 20.00000000 2.00000000
v 25.00000000 20.00000000 2.50000000
v 25.00000000 19.50000000 4.00000000
v 25.00000000 20.00000000 3.50000000
v 25.00000000 20.00000000 5.50000000
v 25.00000000 21.00000000 0.50000000
v 24.50000000 21.00000000 2.00000000
v 25.00000000 20.50000000 3.00000000
v 24.50000000 21.00000000 3.00000000
v 24.50000000 21.00000000 5.00000000
v 25.00000000 21.00000000 4.50000000
v 25.00000000 20.50000000 5.00000000
v 25.00000000 22.00000000 0.50000000
v 24.50000000 22.00000000 3.00000000
v 25.00000000 21.50000000 5.00000000
v 25.00000000 22.00000000 5.50000000
v 25.00000000 23.00000000 0.50000000
v 24.50000000 23.00000000 3.00000000
v 24.50000000 23.00000000 4.00000000
v 25.00000000 23.00000000 5.50000000
v 25.00000000 23.50000000 1.00000000
v 25.00000000 24.00000000 1.50000000
v 25.00000000 23.50000000 5.00000000
v 24.50000000 24.00000000 5.00000000
v 25.00000000 24.00000000 4.50000000
v 25.00000000 24.50000000 2.00000000
v 25.00000000 24.50000000 3.00000000
v 25.00000000 24.50000000 4.00000000
v 25.50000000 0.00000000 2.00000000
v 25.50000000 0.00000000 3.00000000
v 25.50000000 0.00000000 4.00000000
v 25.50000000 1.00000000 1.00000000
v 26.00000000 1.00000000 1.50000000
v 26.00000000 0.50000000 2.00000000
v 26.00000000 0.50000000 3.00000000
v 26.00000000 0.50000000 4.00000000
v 25.50000000 1.00000000 5.00000000
v 26.00000000 1.00000000 4.50000000
v 25.50000000 2.00000000 1.00000000
v 26.00000000 2.00000000 1.50000000
v 25.50000000 2.00000000 3.00000000
v 26.00000000 1.50000000 5.00000000
v 26.00000000 2.00000000 5.50000000
v 26.00000000 2.50000000 1.00000000
v 26.00000000 3.00000000 0.50000000
v 26.00000000 3.00000000 2.50000000
v 26.00000000 2.50000000 3.00000000
v 26.00000000 2.50000000 4.00000000
v 25.50000000 3.00000000 4.00000000
v 26.00000000 3.00000000 4.50000000
v 26.00000000 3.00000000 5.50000000
v 25.50000000 4.00000000 1.00000000
v 26.00000000 4.00000000 0.50000000
v 25.50000000 4.00000000 3.00000000
v 26.00000000 4.00000000 2.50000000
v 26.00000000 4.00000000 3.50000000
v 26.00000000 3.50000000 4.00000000
v 26.00000000 4.00000000 5.50000000
v 25.50000000 5.00000000 1.00000000
v 26.00000000 5.00000000 0.50000000
v 26.00000000 4.50000000 3.00000000
v 26.00000000 5.00000000 4.50000000
v 26.00000000 4.50000000 5.00000000
v 26.00000000 5.50000000 1.00000000
v 25.50000000 6.00000000 2.00000000
v 26.00000000 6.00000000 1.50000000
v 25.50000000 6.00000000 3.00000000
v 26.00000000 6.00000000 3.50000000
v 26.00000000 5.50000000 4.00000000
v 25.50000000 7.00000000 2.00000000
v 26.00000000 7.00000000 1.50000000
v 25.50000000 7.00000000 3.00000000
v 26.00000000 6.50000000 4.00000000
v 25.50000000 7.00000000 4.00000000
v 26.00000000 7.00000000 4.50000000
v 26.00000000 8.00000000 1.50000000
v 26.00000000 8.00000000 4.50000000
v 26.00000000 9.00000000 1.50000000
v 25.50000000 9.00000000 3.00000000
v 26.00000000 9.00000000 2.50000000
v 26.00000000 8.50000000 3.00000000
v 26.00000000 9.00000000 3.50000000
v 26.00000000 9.00000000 4.50000000
v 26.00000000 10.00000000 1.50000000
v 26.00000000 9.50000000 3.00000000
v 26.00000000 10.00000000 4.50000000
v 25.50000000 11.00000000 2.00000000
v 26.00000000 11.00000000 1.50000000
v 25.50000000 11.00000000 3.00000000
v 25.50000000 11.00000000 4.00000000
v 26.00000000 11.00000000 4.50000000
v 25.50000000 12.00000000 2.00000000
v 26.00000000 12.00000000 1.50000000
v 25.50000000 12.00000000 3.00000000
v 25.50000000 12.00000000 4.00000000
v 26.00000000 12.00000000 4.50000000
v 26.00000000 12.50000000 2.00000000
v 26.00000000 12.50000000 3.00000000
v 26.00000000 12.50000000 4.00000000
v 26.00000000 16.50000000 1.00000000
v 26.00000000 17.00000000 0.50000000
v 26.00000000 16.50000000 2.00000000
v 26.00000000 16.50000000 3.00000000
v 26.00000000 16.50000000 4.00000000
v 25.50000000 17.00000000 5.00000000
v 26.00000000 17.00000000 4.50000000
v 26.00000000 18.00000000 0.50000000
v 25.50000000 18.00000000 2.00000000
v 26.00000000 18.00000000 2.50000000
v 26.00000000 17.50000000 3.00000000
v 25.50000000 18.00000000 4.00000000
v 26.00000000 18.00000000 3.50000000
v 26.00000000 17.50000000 5.00000000
v 26.00000000 18.00000000 5.50000000
v 26.00000000 19.00000000 0.50000000
v 26.00000000 19.00000000 1.50000000
v 26.00000000 18.50000000 2.00000000
v 25.50000000 19.00000000 4.00000000
v 26.00000000 19.00000000 3.50000000
v 26.00000000 19.00000000 5.50000000
v 26.00000000 20.00000000 0.50000000
v 26.00000000 19.50000000 2.00000000
v 26.00000000 20.00000000 2.50000000
v 26.00000000 20.00000000 3.50000000
v 26.00000000 20.00000000 5.50000000
v 26.00000000 20.50000000 1.00000000
v 25.50000000 21.00000000 1.00000000
v 26.00000000 21.00000000 1.50000000
v 26.00000000 20.50000000 3.00000000
v 26.00000000 21.00000000 4.50000000
v 26.00000000 20.50000000 5.00000000
v 25.50000000 22.00000000 1.00000000
v 26.00000000 22.00000000 1.50000000
v 25.50000000 22.00000000 5.00000000
v 26.00000000 22.00000000 4.50000000
v 25.50000000 23.00000000 1.00000000
v 26.00000000 22.50000000 2.00000000
v 25.50000000 23.00000000 2.00000000
v 26.00000000 23.00000000 2.50000000
v 25.50000000 23.00000000 4.00000000
v 26.00000000 23.00000000 3.50000000
v 26.00000000 22.50000000 4.00000000
v 25.50000000 23.00000000 5.00000000
v 25.50000000 24.00000000 2.00000000
v 26.00000000 23.50000000 3.00000000
v 25.50000000 24.00000000 3.00000000
v 25.50000000 24.00000000 4.00000000
v 26.50000000 1.00000000 2.00000000
v 27.00000000 1.00000000 2.50000000
v 27.00000000 0.50000000 3.00000000
v 26.50000000 1.00000000 4.00000000
v 27.00000000 1.00000000 3.50000000
v 27.00000000 1.50000000 2.00000000
v 27.00000000 2.00000000 1.50000000
v 27.00000000 1.50000000 4.00000000
v 27.00000000 1.50000000 5.00000000
v 27.00000000 2.00000000 5.50000000
v 26.50000000 3.00000000 1.00000000
v 27.00000000 3.00000000 1.50000000
v 26.50000000 3.00000000 3.00000000
v 26.50000000 3.00000000 4.00000000
v 27.00000000 3.00000000 5.50000000
v 27.00000000 3.50000000 1.00000000
v 27.00000000 4.00000000 0.50000000
v 27.00000000 4.00000000 2.50000000
v 27.00000000 3.50000000 3.00000000
v 27.00000000 4.00000000 3.50000000
v 27.00000000 4.00000000 5.50000000
v 27.00000000 5.00000000 0.50000000
v 27.00000000 4.50000000 3.00000000
v 27.00000000 5.00000000 4.50000000
v 27.00000000 4.50000000 5.00000000
v 27.00000000 5.50000000 1.00000000
v 27.00000000 6.00000000 1.50000000
v 26.50000000 6.00000000 4.00000000
v 27.00000000 6.00000000 4.50000000
v 27.00000000 7.00000000 1.50000000
v 27.00000000 7.00000000 4.50000000
v 27.00000000 8.00000000 1.50000000
v 26.50000000 8.00000000 3.00000000
v 27.00000000 8.00000000 2.50000000
v 27.00000000 7.50000000 3.00000000
v 27.00000000 8.00000000 3.50000000
v 27.00000000 8.00000000 4.50000000
v 27.00000000 9.00000000 1.50000000
v 26.50000000 9.00000000 3.00000000
v 27.00000000 8.50000000 3.00000000
v 27.00000000 9.00000000 4.50000000
v 26.50000000 10.00000000 1.00000000
v 27.00000000 9.50000000 1.00000000
v 27.00000000 10.00000000 0.50000000
v 27.00000000 9.50000000 5.00000000
v 26.50000000 10.00000000 5.00000000
v 27.00000000 10.00000000 5.50000000
v 26.50000000 11.00000000 1.00000000
v 27.00000000 11.00000000 0.50000000
v 26.50000000 11.00000000 3.00000000
v 27.00000000 11.00000000 2.50000000
v 27.00000000 10.50000000 3.00000000
v 27.00000000 11.00000000 3.50000000
v 26.50000000 11.00000000 5.00000000
v 27.00000000 11.00000000 5.50000000
v 26.50000000 12.00000000 1.00000000
v 27.00000000 12.00000000 0.50000000
v 27.00000000 11.50000000 3.00000000
v 26.50000000 12.00000000 5.00000000
v 27.00000000 12.00000000 5.50000000
v 27.00000000 12.50000000 1.00000000
v 26.50000000 13.00000000 2.00000000
v 27.00000000 13.00000000 1.50000000
v 26.50000000 13.00000000 3.00000000
v 26.50000000 13.00000000 4.00000000
v 26.50000000 13.00000000 5.00000000
v 27.00000000 13.00000000 5.50000000
v 27.00000000 13.50000000 2.00000000
v 27.00000000 13.50000000 3.00000000
v 27.00000000 13.50000000 4.00000000
v 27.00000000 13.50000000 5.00000000
v 26.50000000 17.00000000 1.00000000
v 27.00000000 17.00000000 1.50000000
v 27.00000000 16.50000000 2.00000000
v 27.00000000 16.50000000 3.00000000
v 27.00000000 16.50000000 4.00000000
v 27.00000000 17.00000000 4.50000000
v 27.00000000 17.50000000 1.00000000
v 27.00000000 18.00000000 0.50000000
v 26.50000000 18.00000000 3.00000000
v 26.50000000 18.00000000 5.00000000
v 27.00000000 18.00000000 4.50000000
v 27.00000000 19.00000000 0.50000000
v 26.50000000 19.00000000 2.00000000
v 27.00000000 19.00000000 2.50000000
v 27.00000000 18.50000000 3.00000000
v 27.00000000 19.00000000 3.50000000
v 27.00000000 18.50000000 5.00000000
v 27.00000000 19.00000000 5.50000000
v 27.00000000 20.00000000 0.50000000
v 27.00000000 20.00000000 2.50000000
v 27.00000000 20.00000000 3.50000000
v 27.00000000 20.00000000 5.50000000
v 26.50000000 21.00000000 1.00000000
v 27.00000000 21.00000000 0.50000000
v 26.50000000 21.00000000 3.00000000
v 27.00000000 21.00000000 2.50000000
v 27.00000000 21.00000000 3.50000000
v 27.00000000 21.00000000 4.50000000
v 27.00000000 20.50000000 5.00000000
v 27.00000000 21.50000000 1.00000000
v 27.00000000 22.00000000 1.50000000
v 27.00000000 21.50000000 3.00000000
v 27.00000000 22.00000000 4.50000000
v 27.00000000 22.50000000 2.00000000
v 27.00000000 22.50000000 3.00000000
v 26.50000000 23.00000000 3.00000000
v 27.00000000 22.50000000 4.00000000
v 27.50000000 1.00000000 3.00000000
v 27.50000000 2.00000000 2.00000000
v 27.50000000 2.00000000 3.00000000
v 27.50000000 2.00000000 4.00000000
v 27.50000000 2.00000000 5.00000000
v 28.00000000 2.50000000 2.00000000
v 28.00000000 3.00000000 1.50000000
v 28.00000000 2.50000000 3.00000000
v 28.00000000 2.50000000 4.00000000
v 27.50000000 3.00000000 5.00000000
v 28.00000000 3.00000000 4.50000000
v 27.50000000 4.00000000 1.00000000
v 28.00000000 4.00000000 1.50000000
v 27.50000000 4.00000000 3.00000000
v 27.50000000 4.00000000 5.00000000
v 28.00000000 4.00000000 4.50000000
v 27.50000000 5.00000000 1.00000000
v 28.00000000 5.00000000 1.50000000
v 28.00000000 5.00000000 2.50000000
v 27.50000000 5.00000000 3.00000000
v 28.00000000 4.50000000 3.00000000
v 28.00000000 5.00000000 3.50000000
v 28.00000000 5.00000000 4.50000000
v 28.00000000 6.00000000 1.50000000
v 27.50000000 6.00000000 3.00000000
v 28.00000000 6.00000000 2.50000000
v 28.00000000 6.00000000 3.50000000
v 28.00000000 6.00000000 4.50000000
v 28.00000000 7.00000000 1.50000000
v 27.50000000 7.00000000 3.00000000
v 28.00000000 7.00000000 2.50000000
v 28.00000000 7.00000000 3.50000000
v 28.00000000 7.00000000 4.50000000
v 28.00000000 8.00000000 1.50000000
v 27.50000000 8.00000000 3.00000000
v 28.00000000 7.50000000 3.00000000
v 28.00000000 8.00000000 4.50000000
v 28.00000000 9.00000000 1.50000000
v 28.00000000 9.00000000 4.50000000
v 28.00000000 9.50000000 1.00000000
v 28.00000000 10.00000000 0.50000000
v 28.00000000 9.50000000 5.00000000
v 28.00000000 10.00000000 5.50000000
v 28.00000000 11.00000000 0.50000000
v 27.50000000 11.00000000 2.00000000
v 28.00000000 11.00000000 1.50000000
v 28.00000000 10.50000000 2.00000000
v 28.00000000 10.50000000 3.00000000
v 28.00000000 10.50000000 4.00000000
v 27.50000000 11.00000000 4.00000000
v 28.00000000 11.00000000 4.50000000
v 28.00000000 11.00000000 5.50000000
v 28.00000000 12.00000000 0.50000000
v 28.00000000 11.50000000 2.00000000
v 27.50000000 12.00000000 3.00000000
v 28.00000000 12.00000000 2.50000000
v 27.50000000 12.00000000 4.00000000
v 28.00000000 12.00000000 4.50000000
v 28.00000000 12.00000000 5.50000000
v 27.50000000 13.00000000 1.00000000
v 28.00000000 13.00000000 0.50000000
v 28.00000000 12.50000000 3.00000000
v 28.00000000 12.50000000 4.00000000
v 28.00000000 13.00000000 5.50000000
v 28.00000000 13.50000000 1.00000000
v 28.00000000 13.50000000 2.00000000
v 28.00000000 13.50000000 3.00000000
v 28.00000000 13.50000000 4.00000000
v 28.00000000 13.50000000 5.00000000
v 27.50000000 17.00000000 2.00000000
v 27.50000000 17.00000000 3.00000000
v 27.50000000 17.00000000 4.00000000
v 28.00000000 17.50000000 1.00000000
v 28.00000000 18.00000000 0.50000000
v 28.00000000 17.50000000 2.00000000
v 28.00000000 17.50000000 3.00000000
v 28.00000000 17.50000000 4.00000000
v 28.00000000 18.00000000 4.50000000
v 28.00000000 19.00000000 0.50000000
v 28.00000000 19.00000000 2.50000000
v 28.00000000 18.50000000 3.00000000
v 28.00000000 19.00000000 3.50000000
v 28.00000000 18.50000000 5.00000000
v 28.00000000 19.00000000 5.50000000
v 28.00000000 20.00000000 0.50000000
v 28.00000000 20.00000000 2.50000000
v 28.00000000 20.00000000 3.50000000
v 28.00000000 20.00000000 5.50000000
v 28.00000000 21.00000000 0.50000000
v 28.00000000 21.00000000 2.50000000
v 28.00000000 21.00000000 3.50000000
v 27.50000000 21.00000000 5.00000000
v 28.00000000 21.00000000 5.50000000
v 28.00000000 21.50000000 1.00000000
v 28.00000000 22.00000000 1.50000000
v 28.00000000 21.50000000 3.00000000
v 27.50000000 22.00000000 5.00000000
v 28.00000000 22.00000000 5.50000000
v 28.00000000 22.50000000 2.00000000
v 28.00000000 22.50000000 3.00000000
v 28.00000000 22.50000000 4.00000000
v 28.00000000 22.50000000 5.00000000
v 28.50000000 3.00000000 2.00000000
v 28.50000000 3.00000000 3.00000000
v 28.50000000 3.00000000 4.00000000
v 29.00000000 3.50000000 2.00000000
v 29.00000000 4.00000000 1.50000000
v 29.00000000 3.50000000 3.00000000
v 28.50000000 4.00000000 4.00000000
v 29.00000000 4.00000000 3.50000000
v 29.00000000 5.00000000 1.50000000
v 28.50000000 5.00000000 3.00000000
v 29.00000000 4.50000000 4.00000000
v 29.00000000 5.00000000 4.50000000
v 29.00000000 6.00000000 1.50000000
v 28.50000000 6.00000000 3.00000000
v 29.00000000 6.00000000 4.50000000
v 29.00000000 7.00000000 1.50000000
v 28.50000000 7.00000000 3.00000000
v 29.00000000 7.00000000 4.50000000
v 29.00000000 8.00000000 1.50000000
v 29.00000000 8.00000000 4.50000000
v 29.00000000 9.00000000 1.50000000
v 29.00000000 9.00000000 4.50000000
v 29.00000000 9.50000000 1.00000000
v 29.00000000 10.00000000 0.50000000
v 29.00000000 9.50000000 5.00000000
v 29.00000000 10.00000000 5.50000000
v 29.00000000 11.00000000 0.50000000
v 28.50000000 11.00000000 2.00000000
v 29.00000000 11.00000000 2.50000000
v 29.00000000 10.50000000 3.00000000
v 29.00000000 10.50000000 4.00000000
v 29.00000000 11.00000000 4.50000000
v 29.00000000 11.00000000 5.50000000
v 29.00000000 12.00000000 0.50000000
v 29.00000000 12.00000000 2.50000000
v 28.50000000 12.00000000 4.00000000
v 29.00000000 11.50000000 4.00000000
v 29.00000000 12.00000000 3.50000000
v 29.00000000 12.00000000 5.50000000
v 29.00000000 13.00000000 0.50000000
v 29.00000000 12.50000000 3.00000000
v 29.00000000 13.00000000 5.50000000
v 29.00000000 13.50000000 1.00000000
v 29.00000000 13.50000000 2.00000000
v 29.00000000 13.50000000 3.00000000
v 29.00000000 13.50000000 4.00000000
v 29.00000000 13.50000000 5.00000000
v 29.00000000 17.50000000 1.00000000
v 29.00000000 18.00000000 0.50000000
v 29.00000000 17.50000000 2.00000000
v 29.00000000 17.50000000 3.00000000
v 29.00000000 17.50000000 4.00000000
v 29.00000000 18.00000000 4.50000000
v 29.00000000 19.00000000 0.50000000
v 28.50000000 19.00000000 2.00000000
v 29.00000000 19.00000000 1.50000000
v 29.00000000 18.50000000 2.00000000
v 29.00000000 18.50000000 3.00000000
v 29.00000000 19.00000000 3.50000000
v 29.00000000 18.50000000 5.00000000
v 29.00000000 19.00000000 5.50000000
v 29.00000000 20.00000000 0.50000000
v 28.50000000 20.00000000 2.00000000
v 29.00000000 20.00000000 1.50000000
v 29.00000000 19.50000000 4.00000000
v 28.50000000 20.00000000 4.00000000
v 29.00000000 20.00000000 4.50000000
v 29.00000000 20.00000000 5.50000000
v 29.00000000 21.00000000 0.50000000
v 29.00000000 20.50000000 2.00000000
v 29.00000000 21.00000000 2.50000000
v 28.50000000 21.00000000 4.00000000
v 29.00000000 21.00000000 4.50000000
v 29.00000000 21.00000000 5.50000000
v 29.00000000 21.50000000 1.00000000
v 29.00000000 22.00000000 1.50000000
v 29.00000000 21.50000000 3.00000000
v 29.00000000 21.50000000 4.00000000
v 29.00000000 22.00000000 5.50000000
v 29.00000000 22.50000000 2.00000000
v 29.00000000 22.50000000 3.00000000
v 29.00000000 22.50000000 4.00000000
v 29.00000000 22.50000000 5.00000000
v 29.50000000 4.00000000 2.00000000
v 29.50000000 4.00000000 3.00000000
v 30.00000000 4.50000000 2.00000000
v 30.00000000 5.00000000 1.50000000
v 30.00000000 4.50000000 3.00000000
v 29.50000000 5.00000000 4.00000000
v 30.00000000 5.00000000 3.50000000
v 30.00000000 6.00000000 1.50000000
v 29.50000000 6.00000000 4.00000000
v 30.00000000 6.00000000 3.50000000
v 30.00000000 6.50000000 2.00000000
v 29.50000000 7.00000000 2.00000000
v 30.00000000 7.00000000 2.50000000
v 29.50000000 7.00000000 4.00000000
v 30.00000000 7.00000000 3.50000000
v 29.50000000 8.00000000 2.00000000
v 30.00000000 7.50000000 3.00000000
v 29.50000000 8.00000000 3.00000000
v 29.50000000 8.00000000 4.00000000
v 29.50000000 9.00000000 2.00000000
v 29.50000000 9.00000000 3.00000000
v 29.50000000 9.00000000 4.00000000
v 29.50000000 10.00000000 1.00000000
v 30.00000000 10.00000000 1.50000000
v 30.00000000 9.50000000 2.00000000
v 30.00000000 9.50000000 3.00000000
v 30.00000000 9.50000000 4.00000000
v 29.50000000 10.00000000 5.00000000
v 30.00000000 10.00000000 4.50000000
v 30.00000000 10.50000000 1.00000000
v 30.00000000 11.00000000 0.50000000
v 29.50000000 11.00000000 3.00000000
v 29.50000000 11.00000000 4.00000000
v 30.00000000 10.50000000 5.00000000
v 30.00000000 11.00000000 5.50000000
v 30.00000000 12.00000000 0.50000000
v 29.50000000 12.00000000 3.00000000
v 30.00000000 12.00000000 5.50000000
v 30.00000000 12.50000000 1.00000000
v 29.50000000 13.00000000 1.00000000
v 30.00000000 13.00000000 1.50000000
v 29.50000000 13.00000000 5.00000000
v 30.00000000 13.00000000 4.50000000
v 30.00000000 12.50000000 5.00000000
v 30.00000000 13.50000000 2.00000000
v 30.00000000 13.50000000 3.00000000
v 30.00000000 13.50000000 4.00000000
v 30.00000000 17.50000000 1.00000000
v 30.00000000 18.00000000 0.50000000
v 30.00000000 17.50000000 2.00000000
v 30.00000000 17.50000000 3.00000000
v 30.00000000 17.50000000 4.00000000
v 30.00000000 18.00000000 4.50000000
v 30.00000000 19.00000000 0.50000000
v 29.50000000 19.00000000 2.00000000
v 29.50000000 19.00000000 3.00000000
v 30.00000000 18.50000000 5.00000000
v 30.00000000 19.00000000 5.50000000
v 30.00000000 20.00000000 0.50000000
v 29.50000000 20.00000000 2.00000000
v 30.00000000 20.00000000 2.50000000
v 30.00000000 19.50000000 3.00000000
v 30.00000000 19.50000000 4.00000000
v 30.00000000 20.00000000 4.50000000
v 30.00000000 20.00000000 5.50000000
v 30.00000000 21.00000000 0.50000000
v 30.00000000 21.00000000 2.50000000
v 29.50000000 21.00000000 4.00000000
v 30.00000000 20.50000000 4.00000000
v 30.00000000 21.00000000 3.50000000
v 30.00000000 21.00000000 5.50000000
v 30.00000000 21.50000000 1.00000000
v 30.00000000 22.00000000 1.50000000
v 30.00000000 21.50000000 3.00000000
v 30.00000000 22.00000000 5.50000000
v 30.00000000 22.50000000 2.00000000
v 30.00000000 22.50000000 3.00000000
v 30.00000000 22.50000000 4.00000000
v 30.00000000 22.50000000 5.00000000
v 30.50000000 5.00000000 2.00000000
v 30.50000000 5.00000000 3.00000000
v 30.50000000 6.00000000 2.00000000
v 30.50000000 6.00000000 3.00000000
v 30.50000000 7.00000000 3.00000000
v 30.50000000 10.00000000 2.00000000
v 30.50000000 10.00000000 3.00000000
v 30.50000000 10.00000000 4.00000000
v 30.50000000 11.00000000 1.00000000
v 30.50000000 11.00000000 2.00000000
v 30.50000000 11.00000000 3.00000000
v 30.50000000 11.00000000 4.00000000
v 30.50000000 11.00000000 5.00000000
v 30.50000000 12.00000000 1.00000000
v 30.50000000 12.00000000 2.00000000
v 30.50000000 12.00000000 3.00000000
v 30.50000000 12.00000000 4.00000000
v 30.50000000 12.00000000 5.00000000
v 30.50000000 13.00000000 2.00000000
v 30.50000000 13.00000000 3.00000000
v 30.50000000 13.00000000 4.00000000
v 30.50000000 18.00000000 1.00000000
v 30.50000000 18.00000000 2.00000000
v 30.50000000 18.00000000 3.00000000
v 30.50000000 18.00000000 4.00000000
v 30.50000000 19.00000000 1.00000000
v 31.00000000 19.00000000 1.50000000
v 31.00000000 18.50000000 2.00000000
v 31.00000000 18.50000000 3.00000000
v 31.00000000 18.50000000 4.00000000
v 30.50000000 19.00000000 5.00000000
v 31.00000000 19.00000000 4.50000000
v 31.00000000 19.50000000 1.00000000
v 31.00000000 20.00000000 0.50000000
v 30.50000000 20.00000000 3.00000000
v 30.50000000 20.00000000 4.00000000
v 31.00000000 19.50000000 5.00000000
v 31.00000000 20.00000000 5.50000000
v 31.00000000 21.00000000 0.50000000
v 30.50000000 21.00000000 3.00000000
v 31.00000000 21.00000000 5.50000000
v 31.00000000 21.50000000 1.00000000
v 31.00000000 22.00000000 1.50000000
v 30.50000000 22.00000000 5.00000000
v 31.00000000 22.00000000 4.50000000
v 31.00000000 21.50000000 5.00000000
v 31.00000000 22.50000000 2.00000000
v 31.00000000 22.50000000 3.00000000
v 31.00000000 22.50000000 4.00000000
v 31.50000000 19.00000000 2.00000000
v 31.50000000 19.00000000 3.00000000
v 31.50000000 19.00000000 4.00000000
v 31.50000000 20.00000000 1.00000000
v 31.50000000 20.00000000 2.00000000
v 31.50000000 20.00000000 3.00000000
v 31.50000000 20.00000000 4.00000000
v 31.50000000 20.00000000 5.00000000
v 31.50000000 21.00000000 1.00000000
v 31.50000000 21.00000000 2.00000000
v 31.50000000 21.00000000 3.00000000
v 31.50000000 21.00000000 4.00000000
v 31.50000000 21.00000000 5.00000000
v 31.50000000 22.00000000 2.00000000
v 31.50000000 22.00000000 3.00000000
v 31.50000000 22.00000000 4.00000000
vn -0.96225047 -0.19245009 -0.19245009
vn -0.48795003 -0.78072006 -0.39036003
vn -0.28221625 -0.18814418 -0.94072086
vn -0.97014248 -0.24253562 -0.00000000
vn -0.44721359 -0.89442718 -0.00000000
vn -0.92450035 -0.09245003 0.36980012
vn -0.50709254 -0.84515423 0.16903085
vn -0.40824831 -0.40824831 0.81649661
vn -0.93632919 -0.00000000 -0.35112345
vn -0.44721359 -0.00000000 -0.89442718
vn -1.00000000 -0.00000000 -0.00000000
vn -0.99654573 -0.08304548 -0.00000000
vn -0.39056674 -0.65094453 0.65094453
vn -0.95782626 -0.00000000 0.28734788
vn -0.15617377 -0.31234753 0.93704259
vn -0.93632919 -0.00000000 -0.35112345
vn -0.44721359 -0.00000000 -0.89442718
vn -1.00000000 -0.00000000 -0.00000000
vn -1.00000000 -0.00000000 -0.00000000
vn -0.93704259 0.31234753 0.15617377
vn -0.20507579 0.20507579 0.95702028
vn -0.93632919 -0.00000000 -0.35112345
vn -0.44721359 -0.00000000 -0.89442718
vn -1.00000000 -0.00000000 -0.00000000
vn -0.91287094 0.18257418 0.36514837
vn -0.43193421 0.25916052 0.86386842
vn -0.39056674 0.65094453 0.65094453
vn -0.85714287 0.28571430 -0.42857143
vn -0.43643579 0.21821789 -0.87287158
vn -0.97014248 0.24253562 -0.00000000
vn -0.94072086 0.28221625 0.18814418
vn -0.43643579 0.21821789 0.87287158
vn -0.36760733 0.88225752 -0.29408586
vn -0.44721359 0.89442718 -0.00000000
vn -0.36650833 0.85518610 0.36650833
vn -0.95770425 -0.15961738 -0.23942606
vn -0.34815532 -0.87038827 -0.34815532
vn -0.40824831 -0.40824831 -0.81649661
vn -0.92450035 -0.09245003 0.36980012
vn -0.38851434 -0.87415725 0.29138577
vn -0.40824831 -0.40824831 0.81649661
vn -0.98639393 -0.00000000 -0.16439898
vn -0.49236596 -0.61545748 -0.61545748
vn -0.23570226 -0.23570226 -0.94280905
vn -0.99503720 -0.09950372 -0.00000000
vn -0.99654573 -0.08304548 -0.00000000
vn -0.46499056 -0.81373346 0.34874290
vn -0.98994946 -0.14142136 -0.00000000
vn -0.92998111 -0.11624764 0.34874290
vn -0.62017369 -0.74420840 0.24806947
vn -0.43193421 -0.25916052 0.86386842
vn -0.93632919 -0.00000000 -0.35112345
vn -0.44721359 -0.00000000 -0.89442718
vn -1.00000000 -0.00000000 -0.00000000
vn -1.00000000 -0.00000000 -0.00000000
vn -1.00000000 -0.00000000 -0.00000000
vn -0.95782626 -0.00000000 0.28734788
vn -0.44721359 -0.00000000 0.89442718
vn -0.89442718 0.35777089 -0.26832816
vn -0.43643579 0.21821789 -0.87287158
vn -0.97014248 -0.24253562 -0.00000000
vn -0.97014248 -0.24253562 -0.00000000
vn -0.96152395 -0.27472112 -0.00000000
vn -0.95782626 -0.00000000 0.28734788
vn -0.44721359 -0.00000000 0.89442718
vn -0.22941573 0.68824720 -0.68824720
vn -0.12403473 -0.00000000 -0.99227786
vn -0.60920769 -0.50767308 0.60920769
vn -0.44721359 -0.00000000 0.89442718
vn -0.62469506 -0.00000000 -0.78086883
vn -0.39056674 -0.65094453 -0.65094453
vn -0.23570226 -0.23570226 -0.94280905
vn 0.94280905 0.23570226 0.23570226
vn 0.23570226 0.23570226 0.94280905
vn 0.21938172 0.95065415 0.21938172
vn 0.44022545 0.88045090 -0.17609018
vn 0.91287094 -0.36514837 -0.18257418
vn -0.24077171 0.12038586 -0.96308684
vn -0.00000000 -0.00000000 1.00000000
vn -0.55470020 -0.00000000 -0.83205032
vn -0.24253562 -0.00000000 -0.97014248
vn 0.93704259 -0.31234753 -0.15617377
vn 0.24253562 -0.00000000 0.97014248
vn 0.43193421 -0.25916052 -0.86386842
vn -0.00000000 -0.70710677 -0.70710677
vn -0.00000000 -0.00000000 1.00000000
vn -0.55470020 -0.00000000 -0.83205032
vn -0.24253562 -0.00000000 -0.97014248
vn 0.87287158 -0.43643579 0.21821789
vn 0.44022545 -0.17609018 0.88045090
vn 0.43643579 -0.21821789 -0.87287158
vn -0.80000001 -0.00000000 0.60000002
vn -0.27472112 -0.00000000 0.96152395
vn -0.61885273 0.30942637 -0.72199488
vn -0.13608277 0.27216554 -0.95257932
vn 0.27216554 -0.95257932 0.13608277
vn -0.66666669 0.33333334 0.66666669
vn -0.20507579 0.20507579 0.95702028
vn -0.63636363 0.54545456 -0.54545456
vn -0.71713716 0.59761429 -0.35856858
vn -0.40824831 0.40824831 -0.81649661
vn -0.89442718 0.44721359 -0.00000000
vn -0.84515423 0.50709254 0.16903085
vn -0.40824831 0.40824831 0.81649661
vn -0.50767308 0.60920769 0.60920769
vn -0.50709254 0.84515423 -0.16903085
vn -0.44721359 0.89442718 -0.00000000
vn -0.36650833 0.85518610 0.36650833
vn -0.45584232 -0.68376344 -0.56980288
vn -0.00000000 -0.96476382 -0.26311740
vn -0.31234753 -0.15617377 -0.93704259
vn -0.09950372 -0.99503720 -0.00000000
vn -0.08304548 -0.99654573 -0.00000000
vn -0.80845207 -0.56591648 0.16169041
vn -0.07124705 -0.99745870 -0.00000000
vn -0.85714287 -0.42857143 0.28571430
vn -0.23570226 -0.94280905 0.23570226
vn -0.18823674 -0.43921906 0.87843812
vn -0.20180184 -0.26906911 -0.94174188
vn 0.99014753 -0.09901475 -0.09901475
vn 0.40824831 0.40824831 0.81649661
vn 0.57735026 0.80829036 0.11547005
vn 0.40824831 0.40824831 -0.81649661
vn -0.79602975 -0.09950372 0.59702229
vn -0.00000000 -0.70710677 0.70710677
vn -0.18814418 -0.28221625 0.94072086
vn -0.62469506 -0.00000000 -0.78086883
vn -0.39056674 -0.65094453 -0.65094453
vn -0.23570226 -0.23570226 -0.94280905
vn 0.98639393 -0.00000000 0.16439898
vn 0.23570226 0.23570226 0.94280905
vn 0.49236596 0.61545748 0.61545748
vn 0.98058069 0.19611613 -0.00000000
vn 0.67269158 0.52320457 -0.52320457
vn 0.95782626 -0.00000000 -0.28734788
vn 0.43193421 0.25916052 -0.86386842
vn -0.80000001 -0.00000000 0.60000002
vn -0.24253562 -0.00000000 0.97014248
vn -0.61885273 0.30942637 -0.72199488
vn -0.15961738 0.23942606 -0.95770425
vn 0.88345224 -0.33129457 0.33129457
vn 0.13608277 -0.27216554 0.95257932
vn 1.00000000 -0.00000000 -0.00000000
vn 0.95782626 -0.00000000 -0.28734788
vn 0.44721359 -0.00000000 -0.89442718
vn -0.80000001 -0.00000000 0.60000002
vn -0.24253562 -0.00000000 0.97014248
vn -0.63636363 0.54545456 -0.54545456
vn -0.61721343 -0.15430336 -0.77151674
vn -0.26906911 0.20180184 -0.94174188
vn 0.49236596 -0.61545748 0.61545748
vn 0.93704259 0.15617377 0.31234753
vn 0.44444445 -0.11111111 0.88888890
vn 0.97014248 -0.00000000 -0.24253562
vn 0.30769232 -0.23076923 -0.92307693
vn -0.71713716 0.35856858 0.59761429
vn -0.23942606 0.15961738 0.95770425
vn -0.00000000 -0.00000000 -1.00000000
vn -0.00000000 -0.00000000 1.00000000
vn 0.57735026 0.57735026 -0.57735026
vn -0.61885273 0.30942637 -0.72199488
vn -0.24253562 -0.00000000 -0.97014248
vn 0.36563620 -0.65814519 -0.65814519
vn -0.00000000 0.27472112 0.96152395
vn -0.22941573 0.68824720 0.68824720
vn -0.00000000 -0.00000000 -1.00000000
vn -0.00000000 0.27472112 0.96152395
vn 0.80000001 -0.00000000 -0.60000002
vn -0.33333334 0.66666669 -0.66666669
vn 0.05345225 0.26726124 -0.96214050
vn -0.00000000 -0.00000000 1.00000000
vn -0.00000000 -0.00000000 -1.00000000
vn 0.66666669 -0.33333334 0.66666669
vn 0.16222142 -0.16222142 0.97332853
vn -0.00000000 0.70710677 0.70710677
vn 0.66666669 -0.33333334 -0.66666669
vn 0.23570226 -0.23570226 -0.94280905
vn -0.00000000 -0.00000000 1.00000000
vn -0.00000000 -0.00000000 -1.00000000
vn 0.63636363 -0.54545456 0.54545456
vn 0.61721343 -0.77151674 0.15430336
vn 0.40824831 -0.40824831 0.81649661
vn 0.40824831 -0.40824831 -0.81649661
vn 0.50767308 -0.60920769 -0.60920769
vn -0.00000000 -0.00000000 1.00000000
vn -0.70710677 -0.00000000 -0.70710677
vn -0.27472112 -0.00000000 -0.96152395
vn 0.50709254 -0.84515423 -0.16903085
vn -0.66666669 0.33333334 0.66666669
vn -0.23862000 0.17896500 0.95447999
vn -0.84799832 0.42399916 -0.31799936
vn -0.13608277 0.27216554 -0.95257932
vn -0.99745870 0.07124705 -0.00000000
vn -0.97014248 0.24253562 -0.00000000
vn -0.92057461 0.27617240 0.27617240
vn -0.42857143 0.28571430 0.85714287
vn -0.50767308 0.60920769 0.60920769
vn -0.57735026 0.57735026 -0.57735026
vn -0.40824831 0.40824831 -0.81649661
vn -0.68376344 0.56980288 -0.45584232
vn -0.97014248 0.24253562 -0.00000000
vn -0.94072086 0.28221625 0.18814418
vn -0.44232586 0.14744195 0.88465172
vn -0.50709254 0.84515423 -0.16903085
vn -0.44721359 0.89442718 -0.00000000
vn -0.54882127 0.76834983 0.32929277
vn -0.00000000 -0.94868332 -0.31622776
vn -0.00000000 -0.44721359 -0.89442718
vn -0.00000000 -1.00000000 -0.00000000
vn -0.00000000 -1.00000000 -0.00000000
vn -0.00000000 -1.00000000 -0.00000000
vn -0.00000000 -0.94868332 0.31622776
vn -0.00000000 -0.44721359 0.89442718
vn -0.59628481 -0.29814240 -0.74535596
vn -0.00000000 -0.70710677 -0.70710677
vn -0.31234753 -0.15617377 -0.93704259
vn 0.45584232 0.68376344 0.56980288
vn 0.07053456 0.14106913 0.98748386
vn -0.00000000 0.98639393 0.16439898
vn 0.09950372 0.99503720 -0.00000000
vn -0.00000000 0.98058069 -0.19611613
vn 0.57735026 0.57735026 -0.57735026
vn 0.16539535 0.44105428 -0.88210857
vn -0.00000000 -0.70710677 0.70710677
vn -0.00000000 -0.24253562 0.97014248
vn -0.00000000 -0.00000000 -1.00000000
vn -0.00000000 -0.00000000 1.00000000
vn -0.00000000 0.70710677 -0.70710677
vn 0.79602975 0.09950372 -0.59702229
vn -0.09759001 0.19518001 -0.97590005
vn -0.00000000 -0.00000000 1.00000000
vn -0.00000000 0.24253562 -0.97014248
vn -0.00000000 -0.00000000 1.00000000
vn 0.71713716 -0.35856858 -0.59761429
vn 0.09759001 -0.19518001 -0.97590005
vn -0.00000000 -0.00000000 1.00000000
vn -0.00000000 0.70710677 -0.70710677
vn -0.00000000 0.24253562 -0.97014248
vn 0.59628481 -0.29814240 0.74535596
vn -0.07053456 -0.14106913 0.98748386
vn -0.14002801 -0.70014006 -0.70014006
vn -0.00000000 -0.44721359 -0.89442718
vn -0.00000000 0.24253562 0.97014248
vn -0.00000000 -0.00000000 -1.00000000
vn -0.37463433 -0.65561008 0.65561008
vn -0.23570226 -0.23570226 0.94280905
vn -0.29002094 -0.67671555 -0.67671555
vn -0.26906911 -0.20180184 -0.94174188
vn -0.00000000 0.24253562 0.97014248
vn -0.00000000 0.70710677 0.70710677
vn -0.00000000 -0.00000000 -1.00000000
vn -0.00000000 0.28734788 0.95782626
vn -0.59628481 0.29814240 -0.74535596
vn -0.23570226 0.23570226 -0.94280905
vn -0.00000000 -0.00000000 1.00000000
vn -0.00000000 -0.00000000 -1.00000000
vn -0.00000000 0.28734788 0.95782626
vn -0.00000000 0.70710677 0.70710677
vn -0.39056674 0.65094453 -0.65094453
vn -0.00000000 0.31622776 -0.94868332
vn -0.00000000 -0.00000000 1.00000000
vn -0.00000000 -0.00000000 -1.00000000
vn 0.70710677 -0.00000000 0.70710677
vn 0.27472112 -0.00000000 0.96152395
vn 0.66666669 -0.33333334 -0.66666669
vn 0.27216554 -0.13608277 -0.95257932
vn -0.00000000 -0.00000000 1.00000000
vn -0.27472112 -0.00000000 -0.96152395
vn 0.84799832 -0.42399916 0.31799936
vn 0.13608277 -0.27216554 0.95257932
vn 0.96698755 -0.08058230 -0.24174689
vn 0.30151135 -0.30151135 -0.90453404
vn 0.45083481 -0.63116872 -0.63116872
vn -0.00000000 -0.00000000 1.00000000
vn -0.28734788 -0.00000000 -0.95782626
vn 0.57735026 -0.57735026 0.57735026
vn 0.59628481 -0.74535596 0.29814240
vn 0.40824831 -0.40824831 0.81649661
vn 0.44360697 -0.12674485 -0.88721395
vn -0.80000001 -0.00000000 0.60000002
vn -0.44721359 -0.00000000 0.89442718
vn -0.70710677 -0.00000000 -0.70710677
vn -0.44721359 -0.00000000 -0.89442718
vn 0.70014006 -0.70014006 -0.14002801
vn -0.81923193 -0.00000000 0.57346237
vn -0.44721359 -0.00000000 0.89442718
vn -0.84799832 0.42399916 -0.31799936
vn -0.43643579 0.21821789 -0.87287158
vn -0.99745870 0.07124705 -0.00000000
vn -0.97014248 0.24253562 -0.00000000
vn -0.98639393 0.16439898 -0.00000000
vn -0.88045090 0.44022545 0.17609018
vn -0.43643579 0.21821789 0.87287158
vn -0.45083481 0.63116872 -0.63116872
vn -0.40824831 0.40824831 -0.81649661
vn -0.68376344 0.56980288 -0.45584232
vn -0.97014248 0.24253562 -0.00000000
vn -0.86386842 0.43193421 0.25916052
vn -0.40824831 0.40824831 0.81649661
vn -0.39056674 0.65094453 0.65094453
vn -0.25445667 0.93300784 -0.25445667
vn -0.24253562 0.97014248 -0.00000000
vn -0.21821789 0.87287158 0.43643579
vn -1.00000000 -0.00000000 -0.00000000
vn -0.76200074 -0.63500065 -0.12700012
vn -0.40824831 -0.40824831 -0.81649661
vn -0.43193421 -0.25916052 0.86386842
vn -0.98639393 -0.00000000 -0.16439898
vn -0.57735026 -0.57735026 -0.57735026
vn -0.43921906 -0.18823674 -0.87843812
vn -0.92998111 -0.11624764 0.34874290
vn -0.44721359 -0.00000000 0.89442718
vn -0.85714287 0.28571430 -0.42857143
vn -0.43643579 0.21821789 -0.87287158
vn -0.94072086 0.28221625 0.18814418
vn -0.44232586 0.14744195 0.88465172
vn -0.36760733 0.88225752 -0.29408586
vn -0.54882127 0.76834983 0.32929277
vn -0.00000000 -0.98058069 -0.19611613
vn 0.21821789 -0.43643579 -0.87287158
vn 0.08304548 -0.99654573 -0.00000000
vn -0.00000000 -1.00000000 -0.00000000
vn -0.00000000 -1.00000000 -0.00000000
vn -0.00000000 -0.94868332 0.31622776
vn -0.00000000 -0.44721359 0.89442718
vn -0.00000000 -0.70710677 -0.70710677
vn 0.15961738 -0.23942606 -0.95770425
vn -0.64699662 0.53916389 0.53916389
vn -0.40824831 0.40824831 0.81649661
vn -0.38851434 0.87415725 0.29138577
vn -0.10482848 0.94345635 -0.31448546
vn -0.31234753 0.15617377 -0.93704259
vn -0.00000000 -0.70710677 0.70710677
vn 0.23942606 -0.15961738 0.95770425
vn 0.24253562 -0.00000000 -0.97014248
vn -0.13608277 0.27216554 0.95257932
vn -0.27216554 0.68041384 0.68041384
vn -0.62469506 -0.00000000 -0.78086883
vn -0.31622776 -0.00000000 -0.94868332
vn 0.24253562 -0.00000000 0.97014248
vn 0.28221625 0.18814418 -0.94072086
vn -0.23570226 -0.23570226 0.94280905
vn -0.53452247 -0.26726124 -0.80178374
vn -0.27472112 -0.00000000 -0.96152395
vn 0.24253562 -0.00000000 0.97014248
vn 0.22941573 0.68824720 -0.68824720
vn -0.00000000 0.27472112 -0.96152395
vn -0.57735026 -0.57735026 0.57735026
vn -0.66666669 -0.33333334 0.66666669
vn -0.40824831 -0.40824831 0.81649661
vn -0.23570226 -0.23570226 -0.94280905
vn 0.18814418 0.28221625 0.94072086
vn 0.29827499 -0.00000000 -0.95447999
vn -0.94868332 -0.31622776 -0.00000000
vn -0.18257418 -0.91287094 0.36514837
vn -0.34188172 -0.91168463 -0.22792116
vn 0.26171196 0.20936957 0.94216305
vn 0.46852130 0.62469506 0.62469506
vn -0.00000000 -0.00000000 -1.00000000
vn -0.19494808 0.43863317 0.87726635
vn -0.50709254 0.84515423 -0.16903085
vn -0.17609018 0.44022545 -0.88045090
vn -0.00000000 -0.00000000 1.00000000
vn -0.00000000 -0.00000000 -1.00000000
vn -0.15961738 0.23942606 0.95770425
vn -0.00000000 0.70710677 0.70710677
vn -0.00000000 0.70710677 -0.70710677
vn -0.23942606 0.15961738 -0.95770425
vn -0.00000000 -0.00000000 1.00000000
vn -0.00000000 -0.27472112 -0.96152395
vn -0.27472112 -0.00000000 0.96152395
vn -0.23076923 -0.30769232 -0.92307693
vn -0.00000000 -0.00000000 1.00000000
vn -0.62469506 -0.00000000 -0.78086883
vn -0.00000000 -0.70710677 -0.70710677
vn -0.28221625 -0.18814418 -0.94072086
vn -0.00000000 -0.00000000 1.00000000
vn -0.39056674 -0.65094453 -0.65094453
vn 0.16439898 -0.00000000 -0.98639393
vn -0.26906911 -0.20180184 0.94174188
vn -0.55470020 -0.00000000 -0.83205032
vn -0.24253562 -0.00000000 -0.97014248
vn 0.70710677 -0.00000000 0.70710677
vn 0.44721359 -0.00000000 0.89442718
vn 0.27216554 0.68041384 -0.68041384
vn 0.81923193 -0.00000000 -0.57346237
vn 0.15617377 0.31234753 -0.93704259
vn -0.27216554 -0.68041384 0.68041384
vn -0.80000001 -0.00000000 0.60000002
vn -0.15617377 -0.31234753 0.93704259
vn -0.55470020 -0.00000000 -0.83205032
vn -0.24253562 -0.00000000 -0.97014248
vn 0.84799832 -0.42399916 0.31799936
vn 0.43643579 -0.21821789 0.87287158
vn 1.00000000 -0.00000000 -0.00000000
vn 0.88045090 -0.44022545 -0.17609018
vn 0.43863317 -0.19494808 -0.87726635
vn -0.80000001 -0.00000000 0.60000002
vn -0.24253562 -0.00000000 0.97014248
vn -0.61885273 0.30942637 -0.72199488
vn -0.15961738 0.23942606 -0.95770425
vn 0.45083481 -0.63116872 0.63116872
vn 0.49236596 -0.86164045 0.12309149
vn 0.40824831 -0.40824831 0.81649661
vn 0.40824831 -0.40824831 -0.81649661
vn 0.39056674 -0.65094453 -0.65094453
vn -0.66666669 0.33333334 0.66666669
vn -0.23942606 0.15961738 0.95770425
vn -0.63636363 0.54545456 -0.54545456
vn -0.52981293 0.52981293 -0.66226619
vn -0.14744195 0.44232586 -0.88465172
vn 0.27216554 -0.95257932 -0.13608277
vn -0.68376344 0.45584232 0.56980288
vn -0.28571430 0.42857143 0.85714287
vn -0.45083481 0.63116872 0.63116872
vn -0.44022545 0.88045090 -0.17609018
vn -0.16439898 0.98639393 -0.00000000
vn -0.24253562 0.97014248 -0.00000000
vn -0.07124705 0.99745870 -0.00000000
vn -0.38851434 0.87415725 0.29138577
vn -0.95770425 -0.15961738 -0.23942606
vn -0.61885273 -0.72199488 -0.30942637
vn -0.40824831 -0.40824831 -0.81649661
vn -0.92998111 -0.11624764 0.34874290
vn -0.62017369 -0.74420840 0.24806947
vn -0.43193421 -0.25916052 0.86386842
vn -0.98639393 -0.00000000 -0.16439898
vn -0.57735026 -0.57735026 -0.57735026
vn -0.44232586 -0.14744195 -0.88465172
vn -0.99503720 -0.09950372 -0.00000000
vn -0.95782626 -0.00000000 0.28734788
vn -0.44721359 -0.00000000 0.89442718
vn -0.93632919 -0.00000000 -0.35112345
vn -0.44721359 -0.00000000 -0.89442718
vn -1.00000000 -0.00000000 -0.00000000
vn -0.95782626 -0.00000000 0.28734788
vn -0.44721359 -0.00000000 0.89442718
vn -0.89442718 -0.00000000 -0.44721359
vn -0.44721359 -0.00000000 -0.89442718
vn -0.95447999 -0.29827499 -0.00000000
vn -0.95782626 -0.00000000 0.28734788
vn -0.44721359 -0.00000000 0.89442718
vn -0.57436651 -0.50257069 -0.64616233
vn -0.43193421 -0.25916052 -0.86386842
vn -0.73960024 -0.18490006 0.64715022
vn -0.44721359 -0.00000000 0.89442718
vn -0.51214755 -0.38411063 -0.76822126
vn -0.39056674 -0.65094453 -0.65094453
vn -0.23570226 -0.23570226 -0.94280905
vn -0.80000001 -0.00000000 0.60000002
vn -0.44721359 -0.00000000 0.89442718
vn -0.61885273 0.30942637 -0.72199488
vn -0.13608277 0.27216554 -0.95257932
vn -0.81923193 -0.00000000 0.57346237
vn -0.44721359 -0.00000000 0.89442718
vn -0.63636363 0.54545456 -0.54545456
vn -0.71713716 0.59761429 -0.35856858
vn -0.40824831 0.40824831 -0.81649661
vn -0.94174188 0.33633640 -0.00000000
vn -0.87287158 0.43643579 0.21821789
vn -0.28221625 0.18814418 0.94072086
vn -0.25445667 0.93300784 -0.25445667
vn -0.24253562 0.97014248 -0.00000000
vn -0.25400025 0.88900089 0.38100037
vn 0.57735026 -0.57735026 -0.57735026
vn 0.40824831 -0.40824831 -0.81649661
vn 0.38851434 -0.87415725 -0.29138577
vn 0.24253562 -0.97014248 -0.00000000
vn 0.24253562 -0.97014248 -0.00000000
vn 0.10482848 -0.94345635 0.31448546
vn 0.31234753 -0.15617377 0.93704259
vn 0.79602975 -0.09950372 -0.59702229
vn 0.42857143 -0.28571430 -0.85714287
vn 0.50767308 -0.60920769 -0.60920769
vn -0.85714287 0.42857143 0.28571430
vn -0.88045090 0.44022545 -0.17609018
vn 0.62469506 -0.00000000 0.78086883
vn 0.31622776 -0.00000000 0.94868332
vn 0.80000001 -0.00000000 -0.60000002
vn 0.44721359 -0.00000000 -0.89442718
vn -0.79602975 0.09950372 0.59702229
vn -0.42857143 0.28571430 0.85714287
vn -0.57436651 0.78975397 0.21538745
vn -0.46499056 0.81373346 -0.34874290
vn -0.20507579 0.20507579 -0.95702028
vn 0.55470020 -0.00000000 0.83205032
vn 0.24253562 -0.00000000 0.97014248
vn 0.71713716 0.35856858 -0.59761429
vn 0.44721359 -0.00000000 -0.89442718
vn -0.66666669 -0.33333334 0.66666669
vn -0.43921906 -0.18823674 0.87843812
vn -0.15617377 -0.31234753 -0.93704259
vn 0.55470020 -0.00000000 0.83205032
vn 0.24253562 -0.00000000 0.97014248
vn 0.23570226 0.23570226 -0.94280905
vn -0.84515423 -0.50709254 0.16903085
vn -0.31799936 -0.84799832 0.42399916
vn -0.81649661 -0.40824831 -0.40824831
vn -0.36514837 -0.91287094 -0.18257418
vn 0.66666669 0.33333334 0.66666669
vn 0.43643579 0.21821789 0.87287158
vn 0.27216554 0.68041384 -0.68041384
vn 0.71713716 -0.35856858 -0.59761429
vn -0.20507579 0.20507579 -0.95702028
vn 0.39056674 0.65094453 0.65094453
vn 0.55470020 -0.00000000 0.83205032
vn 0.14106913 -0.07053456 0.98748386
vn -0.14002801 -0.70014006 -0.70014006
vn -0.00000000 -0.29827499 -0.95447999
vn -0.88465172 0.44232586 -0.14744195
vn 0.39056674 -0.65094453 0.65094453
vn 0.23862000 -0.17896500 0.95447999
vn -0.00000000 -0.00000000 -1.00000000
vn -0.79602975 0.09950372 0.59702229
vn -0.43328911 0.24759379 0.86657822
vn -0.81649661 0.57154763 -0.08164966
vn -0.59628481 0.29814240 -0.74535596
vn -0.44360697 0.12674485 -0.88721395
vn -0.00000000 -0.00000000 1.00000000
vn -0.00000000 -0.24253562 -0.97014248
vn -0.71713716 0.35856858 0.59761429
vn -0.28221625 0.18814418 0.94072086
vn -0.65079135 -0.00000000 -0.75925660
vn -0.18814418 0.28221625 -0.94072086
vn -0.00000000 -0.27472112 0.96152395
vn -0.00000000 -0.70710677 -0.70710677
vn -0.00000000 -0.24253562 -0.97014248
vn -0.00000000 0.44721359 0.89442718
vn -0.22941573 0.68824720 0.68824720
vn 0.71713716 0.35856858 -0.59761429
vn -0.33333334 0.66666669 -0.66666669
vn 0.30151135 0.30151135 -0.90453404
vn -0.00000000 -0.70710677 0.70710677
vn -0.71713716 -0.35856858 0.59761429
vn -0.23570226 -0.23570226 0.94280905
vn -0.00000000 -0.00000000 -1.00000000
vn 0.62469506 -0.00000000 0.78086883
vn 0.09759001 0.19518001 0.97590005
vn -0.00000000 0.70710677 0.70710677
vn -0.00000000 0.27472112 -0.96152395
vn -0.00000000 -0.00000000 1.00000000
vn -0.00000000 -0.00000000 -1.00000000
vn 0.61885273 -0.30942637 0.72199488
vn -0.09759001 -0.19518001 0.97590005
vn -0.00000000 0.70710677 -0.70710677
vn 0.66666669 -0.33333334 -0.66666669
vn 0.19518001 0.09759001 -0.97590005
vn -0.00000000 -0.00000000 1.00000000
vn -0.00000000 0.24253562 -0.97014248
vn -0.00000000 -0.70710677 0.70710677
vn 0.52981293 -0.52981293 0.66226619
vn -0.08908708 -0.44543540 0.89087081
vn 0.68376344 -0.45584232 -0.56980288
vn 0.28571430 -0.42857143 -0.85714287
vn 0.45083481 -0.63116872 -0.63116872
vn -0.00000000 0.24253562 0.97014248
vn -0.00000000 0.70710677 -0.70710677
vn -0.00000000 0.44721359 -0.89442718
vn 0.28221625 -0.94072086 0.18814418
vn -0.00000000 -1.00000000 -0.00000000
vn 0.38851434 -0.87415725 -0.29138577
vn -0.00000000 0.44721359 0.89442718
vn -0.00000000 0.70710677 0.70710677
vn -0.29002094 0.67671555 -0.67671555
vn -0.78072006 0.48795003 -0.39036003
vn -0.44543540 -0.08908708 -0.89087081
vn -0.99745870 -0.07124705 -0.00000000
vn -0.94280905 0.23570226 0.23570226
vn -0.44721359 -0.00000000 0.89442718
vn -0.22941573 0.68824720 0.68824720
vn -0.98058069 -0.00000000 -0.19611613
vn -0.49236596 -0.61545748 -0.61545748
vn -0.23570226 -0.23570226 -0.94280905
vn -0.70436072 -0.61631566 -0.35218036
vn -0.79602975 -0.09950372 0.59702229
vn -0.11704115 -0.70224690 0.70224690
vn -0.15617377 -0.31234753 0.93704259
vn -0.46499056 -0.34874290 -0.81373346
vn -0.44721359 -0.00000000 -0.89442718
vn 0.70710677 0.70710677 -0.00000000
vn 0.97332853 -0.16222142 -0.16222142
vn 0.43921906 0.18823674 0.87843812
vn 0.43193421 0.25916052 -0.86386842
vn -0.80000001 -0.00000000 0.60000002
vn -0.44721359 -0.00000000 0.89442718
vn -0.55470020 -0.00000000 -0.83205032
vn -0.44721359 -0.00000000 -0.89442718
vn 1.00000000 -0.00000000 -0.00000000
vn 0.44721359 -0.00000000 0.89442718
vn 0.44721359 -0.00000000 -0.89442718
vn -0.80000001 -0.00000000 0.60000002
vn -0.44721359 -0.00000000 0.89442718
vn -0.55470020 -0.00000000 -0.83205032
vn -0.28734788 -0.00000000 -0.95782626
vn 1.00000000 -0.00000000 -0.00000000
vn 0.44721359 -0.00000000 0.89442718
vn 0.44721359 -0.00000000 -0.89442718
vn -0.80000001 -0.00000000 0.60000002
vn -0.28734788 -0.00000000 0.95782626
vn -0.53452247 -0.26726124 -0.80178374
vn -0.27472112 -0.00000000 -0.96152395
vn 1.00000000 -0.00000000 -0.00000000
vn 0.44721359 -0.00000000 0.89442718
vn 0.28734788 -0.00000000 -0.95782626
vn -0.80000001 -0.00000000 0.60000002
vn -0.24253562 -0.00000000 0.97014248
vn -0.00000000 -0.00000000 -1.00000000
vn 1.00000000 -0.00000000 -0.00000000
vn 0.44721359 -0.00000000 0.89442718
vn 0.24253562 -0.00000000 -0.97014248
vn -0.80000001 -0.00000000 0.60000002
vn -0.24253562 -0.00000000 0.97014248
vn -0.00000000 -0.00000000 -1.00000000
vn 0.87287158 -0.43643579 0.21821789
vn 0.18814418 -0.28221625 0.94072086
vn 0.23942606 -0.15961738 -0.95770425
vn -0.71713716 0.35856858 0.59761429
vn -0.23942606 0.15961738 0.95770425
vn -0.59628481 0.29814240 -0.74535596
vn -0.20507579 0.20507579 -0.95702028
vn 0.36514837 -0.91287094 -0.18257418
vn -0.00000000 0.44721359 0.89442718
vn -0.22941573 0.68824720 0.68824720
vn -0.44022545 0.88045090 -0.17609018
vn -0.16439898 0.98639393 -0.00000000
vn -0.24253562 0.97014248 -0.00000000
vn -0.10482848 0.94345635 0.31448546
vn 0.85714287 -0.42857143 -0.28571430
vn 0.89442718 -0.44721359 -0.00000000
vn 0.89442718 -0.44721359 -0.00000000
vn 0.88045090 -0.44022545 0.17609018
vn 0.79602975 -0.09950372 -0.59702229
vn 0.42857143 -0.28571430 -0.85714287
vn 0.57436651 -0.78975397 -0.21538745
vn 0.44721359 -0.89442718 -0.00000000
vn 0.44721359 -0.89442718 -0.00000000
vn 0.46499056 -0.81373346 0.34874290
vn 0.20507579 -0.20507579 0.95702028
vn 0.80000001 -0.00000000 -0.60000002
vn 0.44721359 -0.00000000 -0.89442718
vn -0.95346260 0.09534626 0.28603879
vn -0.94280905 0.23570226 -0.23570226
vn 0.24253562 -0.00000000 0.97014248
vn 0.80000001 -0.00000000 -0.60000002
vn 0.44721359 -0.00000000 -0.89442718
vn -0.91168463 -0.34188172 0.22792116
vn -0.91168463 -0.22792116 -0.34188172
vn 0.15617377 0.31234753 0.93704259
vn 0.76822126 -0.00000000 -0.64018440
vn -0.00000000 -0.18428853 -0.98287219
vn 0.39056674 0.65094453 0.65094453
vn 0.61721343 0.15430336 0.77151674
vn -0.00000000 0.24253562 0.97014248
vn -0.26906911 -0.20180184 -0.94174188
vn -0.66666669 -0.33333334 -0.66666669
vn -0.00000000 -0.70710677 -0.70710677
vn -0.28734788 -0.00000000 0.95782626
vn -0.00000000 -0.00000000 -1.00000000
vn 0.59628481 -0.29814240 0.74535596
vn -0.00000000 -0.16439898 0.98639393
vn -0.00000000 -0.00000000 -1.00000000
vn -0.88465172 0.44232586 0.14744195
vn 0.14002801 -0.70014006 0.70014006
vn -0.00000000 -0.29827499 0.95447999
vn -0.00000000 -0.27472112 -0.96152395
vn 0.12674485 0.44360697 0.88721395
vn 0.64715022 0.73960024 -0.18490006
vn 0.21821789 0.43643579 -0.87287158
vn -0.00000000 -0.27472112 0.96152395
vn -0.00000000 -0.70710677 -0.70710677
vn 0.20507579 -0.20507579 -0.95702028
vn -0.00000000 0.31622776 0.94868332
vn 0.39056674 0.65094453 0.65094453
vn 0.22941573 0.68824720 -0.68824720
vn -0.00000000 0.27472112 -0.96152395
vn -0.00000000 -0.70710677 0.70710677
vn 0.27216554 -0.13608277 0.95257932
vn -0.00000000 -0.00000000 -1.00000000
vn -0.80000001 -0.00000000 0.60000002
vn -0.27472112 -0.00000000 0.96152395
vn -0.00000000 0.27472112 -0.96152395
vn -0.00000000 -0.00000000 1.00000000
vn -0.00000000 -0.00000000 -1.00000000
vn -0.66666669 -0.33333334 0.66666669
vn -0.44105428 -0.16539535 0.88210857
vn -0.00000000 0.70710677 -0.70710677
vn -0.19518001 -0.09759001 -0.97590005
vn -0.00000000 -0.00000000 1.00000000
vn 0.31234753 0.15617377 -0.93704259
vn -0.71554178 -0.44721359 0.53665632
vn -0.52615219 -0.60131681 0.60131681
vn -0.43193421 -0.25916052 0.86386842
vn -0.33333334 -0.66666669 -0.66666669
vn -0.18823674 -0.43921906 -0.87843812
vn 0.23570226 0.23570226 0.94280905
vn 0.22941573 0.68824720 -0.68824720
vn -0.00000000 0.31622776 -0.94868332
vn 0.12403473 -0.00000000 0.99227786
vn 0.88465172 -0.44232586 -0.14744195
vn 0.09534626 -0.28603879 -0.95346260
vn -0.33333334 -0.66666669 -0.66666669
vn -0.00000000 0.31622776 0.94868332
vn 0.39056674 0.65094453 0.65094453
vn -0.59628481 -0.29814240 -0.74535596
vn -0.29827499 -0.00000000 -0.95447999
vn 0.99227786 -0.00000000 -0.12403473
vn 0.44721359 -0.00000000 0.89442718
vn 0.44360697 0.12674485 -0.88721395
vn -0.71713716 -0.35856858 0.59761429
vn -0.29827499 -0.00000000 0.95447999
vn -0.00000000 -0.27472112 -0.96152395
vn 0.85201287 0.42600644 0.30429032
vn 0.43193421 0.25916052 0.86386842
vn 0.49236596 0.61545748 -0.61545748
vn 0.95346260 -0.09534626 -0.28603879
vn 0.15617377 0.31234753 -0.93704259
vn -0.00000000 -0.27472112 0.96152395
vn -0.62469506 -0.00000000 -0.78086883
vn -0.00000000 -0.70710677 -0.70710677
vn -0.28221625 -0.18814418 -0.94072086
vn 0.51214755 0.38411063 0.76822126
vn 0.23570226 0.23570226 0.94280905
vn 0.39056674 0.65094453 0.65094453
vn 0.73960024 0.18490006 -0.64715022
vn 0.24253562 -0.00000000 -0.97014248
vn -0.00000000 -0.70710677 0.70710677
vn -0.80000001 -0.00000000 0.60000002
vn -0.18814418 -0.28221625 0.94072086
vn -0.53452247 0.26726124 -0.80178374
vn -0.13608277 0.27216554 -0.95257932
vn 0.55470020 -0.00000000 0.83205032
vn 0.24253562 -0.00000000 0.97014248
vn 0.80000001 -0.00000000 -0.60000002
vn 0.24253562 -0.00000000 -0.97014248
vn -0.71713716 0.35856858 0.59761429
vn -0.20507579 0.20507579 0.95702028
vn -0.39056674 0.65094453 -0.65094453
vn -0.23862000 0.17896500 -0.95447999
vn 0.55470020 -0.00000000 0.83205032
vn 0.24253562 -0.00000000 0.97014248
vn 0.71713716 -0.35856858 -0.59761429
vn 0.23942606 -0.15961738 -0.95770425
vn -0.17896500 0.23862000 0.95447999
vn -0.27216554 0.68041384 0.68041384
vn -0.00000000 -0.00000000 -1.00000000
vn 0.55470020 -0.00000000 0.83205032
vn -0.07124705 -0.00000000 0.99745870
vn 0.22941573 -0.68824720 -0.68824720
vn -0.00000000 -0.27472112 -0.96152395
vn -0.00000000 -0.00000000 1.00000000
vn -0.00000000 -0.00000000 -1.00000000
vn 0.53452247 -0.26726124 0.80178374
vn -0.09759001 -0.19518001 0.97590005
vn -0.27472112 -0.00000000 -0.96152395
vn 0.27472112 -0.00000000 0.96152395
vn -0.00000000 -0.00000000 -1.00000000
vn -0.00000000 -0.70710677 0.70710677
vn -0.24759379 -0.43328911 0.86657822
vn -0.23076923 -0.30769232 -0.92307693
vn 0.18814418 0.28221625 0.94072086
vn 0.31234753 0.15617377 -0.93704259
vn -0.49236596 -0.86164045 0.12309149
vn -0.00000000 0.31622776 0.94868332
vn 0.39056674 0.65094453 0.65094453
vn -0.10050378 0.70352650 -0.70352650
vn -0.80812204 0.50507629 -0.30304575
vn -0.20180184 0.26906911 -0.94174188
vn -0.97014248 0.24253562 -0.00000000
vn -0.94072086 0.18814418 0.28221625
vn -0.27472112 -0.00000000 0.96152395
vn -0.93632919 -0.00000000 -0.35112345
vn -0.24253562 -0.00000000 -0.97014248
vn -1.00000000 -0.00000000 -0.00000000
vn -0.95782626 -0.00000000 0.28734788
vn -0.24253562 -0.00000000 0.97014248
vn -0.93632919 -0.00000000 -0.35112345
vn -0.24253562 -0.00000000 -0.97014248
vn -1.00000000 -0.00000000 -0.00000000
vn -0.95782626 -0.00000000 0.28734788
vn -0.44721359 -0.00000000 0.89442718
vn -0.93632919 -0.00000000 -0.35112345
vn -0.44721359 -0.00000000 -0.89442718
vn -1.00000000 -0.00000000 -0.00000000
vn -0.95782626 -0.00000000 0.28734788
vn -0.44721359 -0.00000000 0.89442718
vn -0.88345224 0.33129457 -0.33129457
vn -0.43193421 0.25916052 -0.86386842
vn -1.00000000 -0.00000000 -0.00000000
vn -0.95782626 -0.00000000 0.28734788
vn -0.44721359 -0.00000000 0.89442718
vn -0.64699662 0.53916389 -0.53916389
vn -0.40824831 0.40824831 -0.81649661
vn -0.68376344 0.56980288 -0.45584232
vn -0.94072086 0.28221625 0.18814418
vn -0.44232586 0.14744195 0.88465172
vn -0.25445667 0.93300784 -0.25445667
vn -0.21821789 0.87287158 0.43643579
vn 0.95346260 -0.09534626 -0.28603879
vn 0.97014248 -0.24253562 -0.00000000
vn 0.97014248 -0.24253562 -0.00000000
vn 0.94280905 -0.23570226 0.23570226
vn 0.95782626 -0.00000000 -0.28734788
vn 1.00000000 -0.00000000 -0.00000000
vn 1.00000000 -0.00000000 -0.00000000
vn 0.93632919 -0.00000000 0.35112345
vn 0.87038827 -0.34815532 -0.34815532
vn 0.97014248 -0.24253562 -0.00000000
vn 0.95447999 -0.29827499 -0.00000000
vn 0.93632919 -0.00000000 0.35112345
vn -0.62469506 -0.46852130 -0.62469506
vn -0.00000000 -0.96476382 -0.26311740
vn -0.31234753 -0.15617377 -0.93704259
vn -0.14142136 -0.98994946 -0.00000000
vn -0.00000000 -1.00000000 -0.00000000
vn -0.18428853 -0.98287219 -0.00000000
vn -0.73960024 -0.18490006 0.64715022
vn 0.30151135 -0.90453404 0.30151135
vn -0.18814418 -0.28221625 0.94072086
vn -0.27472112 -0.00000000 -0.96152395
vn 1.00000000 -0.00000000 -0.00000000
vn 0.40824831 0.40824831 0.81649661
vn 0.57735026 0.80829036 0.11547005
vn 0.43193421 0.25916052 -0.86386842
vn -0.80000001 -0.00000000 0.60000002
vn -0.24253562 -0.00000000 0.97014248
vn -0.24253562 -0.00000000 -0.97014248
vn 0.98639393 -0.00000000 0.16439898
vn 0.23570226 0.23570226 0.94280905
vn 0.49236596 0.61545748 0.61545748
vn 0.92998111 0.11624764 -0.34874290
vn 0.44721359 -0.00000000 -0.89442718
vn -0.71713716 -0.35856858 0.59761429
vn -0.27472112 -0.00000000 0.96152395
vn -0.27472112 -0.00000000 -0.96152395
vn 0.89442718 -0.00000000 0.44721359
vn 0.24253562 -0.00000000 0.97014248
vn 0.94072086 0.28221625 -0.18814418
vn 0.43921906 0.18823674 -0.87843812
vn -0.00000000 -0.00000000 1.00000000
vn -0.00000000 -0.00000000 -1.00000000
vn 0.42163703 0.52704626 0.73786479
vn -0.00000000 -0.00000000 1.00000000
vn 0.22941573 0.68824720 -0.68824720
vn 0.68376344 0.45584232 -0.56980288
vn -0.15855493 0.26425821 -0.95132959
vn -0.00000000 -0.00000000 1.00000000
vn 0.71713716 -0.35856858 -0.59761429
vn 0.23862000 -0.17896500 -0.95447999
vn -0.24253562 -0.00000000 0.97014248
vn -0.24253562 -0.00000000 -0.97014248
vn 0.59628481 -0.29814240 0.74535596
vn 0.17896500 -0.23862000 0.95447999
vn 0.27216554 -0.68041384 -0.68041384
vn 0.13608277 -0.27216554 -0.95257932
vn -0.23570226 -0.23570226 0.94280905
vn -0.28734788 -0.00000000 -0.95782626
vn 0.39056674 -0.65094453 0.65094453
vn 0.20507579 -0.20507579 0.95702028
vn 0.23570226 0.23570226 -0.94280905
vn -0.39056674 -0.65094453 0.65094453
vn -0.66666669 -0.33333334 0.66666669
vn -0.40824831 -0.40824831 0.81649661
vn -0.70436072 -0.35218036 -0.61631566
vn -0.43643579 -0.21821789 -0.87287158
vn 0.15617377 0.31234753 0.93704259
vn 0.57735026 0.57735026 -0.57735026
vn 0.71713716 0.35856858 -0.59761429
vn 0.43643579 0.21821789 -0.87287158
vn -0.92057461 -0.27617240 0.27617240
vn -0.31799936 -0.84799832 0.42399916
vn -0.70436072 -0.61631566 -0.35218036
vn -0.44022545 -0.88045090 -0.17609018
vn 0.39056674 0.65094453 0.65094453
vn 0.61721343 0.15430336 0.77151674
vn 0.26906911 0.20180184 0.94174188
vn 0.27472112 -0.00000000 -0.96152395
vn -0.95770425 0.23942606 -0.15961738
vn -0.00000000 -0.00000000 1.00000000
vn -0.00000000 -0.00000000 -1.00000000
vn 0.69631064 0.17407766 0.69631064
vn 0.09759001 0.19518001 0.97590005
vn -0.00000000 0.98994946 0.14142136
vn -0.24253562 0.97014248 -0.00000000
vn -0.00000000 0.98639393 -0.16439898
vn 0.68376344 0.45584232 -0.56980288
vn -0.00000000 0.16439898 -0.98639393
vn -0.00000000 -0.00000000 1.00000000
vn -0.00000000 -0.24253562 -0.97014248
vn 0.53452247 0.26726124 0.80178374
vn -0.00000000 -0.00000000 1.00000000
vn -0.27472112 -0.00000000 -0.96152395
vn -0.00000000 -0.24253562 0.97014248
vn -0.00000000 -0.70710677 -0.70710677
vn -0.00000000 -0.24253562 -0.97014248
vn -0.00000000 -0.00000000 1.00000000
vn -0.00000000 -0.00000000 -1.00000000
vn -0.00000000 -0.70710677 0.70710677
vn -0.00000000 -0.24253562 0.97014248
vn -0.00000000 -0.00000000 -1.00000000
vn -0.00000000 -0.00000000 1.00000000
vn -0.00000000 -0.00000000 -1.00000000
vn -0.00000000 -0.00000000 1.00000000
vn -0.59628481 0.29814240 -0.74535596
vn -0.20507579 0.20507579 -0.95702028
vn -0.26906911 -0.20180184 0.94174188
vn -0.23570226 -0.23570226 -0.94280905
vn -0.71713716 0.35856858 0.59761429
vn -0.07053456 0.14106913 0.98748386
vn -0.39056674 0.65094453 -0.65094453
vn -0.00000000 0.27472112 -0.96152395
vn -0.57735026 -0.57735026 0.57735026
vn -0.81923193 -0.00000000 0.57346237
vn -0.40824831 -0.40824831 0.81649661
vn -0.46852130 -0.62469506 -0.62469506
vn -0.16539535 -0.44105428 -0.88210857
vn -0.00000000 0.44721359 0.89442718
vn 0.14002801 0.70014006 0.70014006
vn 0.27472112 -0.00000000 -0.96152395
vn -0.88045090 -0.44022545 0.17609018
vn -0.50709254 -0.84515423 0.16903085
vn -0.93632919 -0.00000000 -0.35112345
vn 0.62469506 -0.00000000 0.78086883
vn 0.44360697 0.12674485 0.88721395
vn 0.29002094 0.67671555 0.67671555
vn 0.23570226 0.23570226 -0.94280905
vn -0.97014248 -0.24253562 -0.00000000
vn 0.53452247 0.26726124 0.80178374
vn 0.31622776 -0.00000000 0.94868332
vn 0.27216554 0.68041384 -0.68041384
vn 0.71713716 0.35856858 -0.59761429
vn 0.20180184 0.26906911 -0.94174188
vn 0.26726124 0.05345225 0.96214050
vn 0.89442718 -0.44721359 -0.00000000
vn -0.36514837 0.91287094 0.18257418
vn 0.26425821 0.15855493 -0.95132959
vn -0.00000000 -0.00000000 1.00000000
vn -0.00000000 -0.00000000 -1.00000000
vn 0.36514837 -0.91287094 -0.18257418
vn -0.00000000 -0.00000000 1.00000000
vn -0.00000000 -0.00000000 -1.00000000
vn 0.98639393 -0.00000000 -0.16439898
vn -0.06967330 0.20901990 0.97542620
vn 0.50709254 0.84515423 0.16903085
vn -0.25854385 0.25854385 -0.93075782
vn -0.00000000 -0.27472112 0.96152395
vn -0.20180184 -0.26906911 -0.94174188
vn 1.00000000 -0.00000000 -0.00000000
vn 0.28734788 -0.00000000 0.95782626
vn 0.28734788 -0.00000000 -0.95782626
vn -0.00000000 -0.70710677 0.70710677
vn -0.80000001 -0.00000000 0.60000002
vn -0.18814418 -0.28221625 0.94072086
vn -0.62469506 -0.00000000 -0.78086883
vn -0.39056674 -0.65094453 -0.65094453
vn -0.23570226 -0.23570226 -0.94280905
vn 1.00000000 -0.00000000 -0.00000000
vn 0.24253562 -0.00000000 0.97014248
vn 0.44721359 -0.00000000 -0.89442718
vn -0.80000001 -0.00000000 0.60000002
vn -0.24253562 -0.00000000 0.97014248
vn -0.65079135 -0.00000000 -0.75925660
vn -0.24253562 -0.00000000 -0.97014248
vn 0.87287158 -0.43643579 0.21821789
vn 0.43643579 -0.21821789 0.87287158
vn 0.44232586 -0.14744195 -0.88465172
vn -0.80000001 -0.00000000 0.60000002
vn -0.24253562 -0.00000000 0.97014248
vn -0.81649661 0.40824831 -0.40824831
vn -0.15961738 0.23942606 -0.95770425
vn -0.97332853 0.16222142 -0.16222142
vn 0.14002801 -0.98019606 -0.14002801
vn -0.71713716 0.35856858 0.59761429
vn -0.23942606 0.15961738 0.95770425
vn -0.43643579 0.87287158 -0.21821789
vn -0.35112345 0.93632919 -0.00000000
vn -0.28734788 0.95782626 -0.00000000
vn -0.07124705 0.99745870 -0.00000000
vn -0.38851434 0.87415725 0.29138577
vn -0.96225047 -0.19245009 -0.19245009
vn -0.34815532 -0.87038827 -0.34815532
vn -0.44232586 -0.14744195 -0.88465172
vn -0.97014248 -0.24253562 -0.00000000
vn -0.24253562 -0.97014248 -0.00000000
vn -0.92998111 -0.11624764 0.34874290
vn -0.38851434 -0.87415725 0.29138577
vn -0.43193421 -0.25916052 0.86386842
vn -0.88345224 -0.33129457 -0.33129457
vn -0.43193421 -0.25916052 -0.86386842
vn -0.97014248 -0.24253562 -0.00000000
vn -0.92057461 -0.27617240 0.27617240
vn -0.44232586 -0.14744195 0.88465172
vn -0.22941573 -0.68824720 -0.68824720
vn -0.00000000 -0.44721359 -0.89442718
vn -0.10050378 -0.70352650 0.70352650
vn -0.00000000 -0.27472112 0.96152395
vn -0.62469506 -0.00000000 -0.78086883
vn -0.00000000 -0.70710677 -0.70710677
vn -0.28221625 -0.18814418 -0.94072086
vn 0.45584232 0.68376344 0.56980288
vn 0.26906911 0.20180184 0.94174188
vn 0.30151135 0.90453404 0.30151135
vn 0.44721359 0.89442718 -0.00000000
vn 0.23942606 0.95770425 -0.15961738
vn 0.78446454 0.19611613 -0.58834839
vn 0.15617377 0.31234753 -0.93704259
vn -0.00000000 -0.00000000 1.00000000
vn -0.55470020 -0.00000000 -0.83205032
vn -0.24253562 -0.00000000 -0.97014248
vn -0.00000000 -0.00000000 1.00000000
vn 0.80000001 -0.00000000 -0.60000002
vn 0.24253562 -0.00000000 -0.97014248
vn -0.00000000 -0.00000000 1.00000000
vn -0.53452247 0.26726124 -0.80178374
vn -0.15961738 0.23942606 -0.95770425
vn -0.00000000 -0.27472112 0.96152395
vn 0.76822126 -0.00000000 -0.64018440
vn 0.26906911 -0.20180184 -0.94174188
vn -0.00000000 -0.00000000 1.00000000
vn -0.39056674 0.65094453 -0.65094453
vn -0.00000000 0.27472112 -0.96152395
vn -0.22941573 -0.68824720 0.68824720
vn -0.80000001 -0.00000000 0.60000002
vn -0.43193421 -0.25916052 0.86386842
vn -0.44232586 -0.14744195 -0.88465172
vn -0.70710677 -0.00000000 -0.70710677
vn -0.00000000 -0.70710677 -0.70710677
vn -0.00000000 -0.00000000 1.00000000
vn 0.31622776 -0.00000000 -0.94868332
vn -0.81923193 -0.00000000 0.57346237
vn -0.44232586 -0.14744195 0.88465172
vn -0.65079135 -0.00000000 -0.75925660
vn -0.43193421 -0.25916052 -0.86386842
vn 0.31622776 -0.00000000 0.94868332
vn 0.80000001 -0.00000000 -0.60000002
vn 0.44721359 -0.00000000 -0.89442718
vn -0.88045090 -0.44022545 0.17609018
vn -0.61721343 -0.77151674 0.15430336
vn -1.00000000 -0.00000000 -0.00000000
vn -0.88465172 -0.14744195 -0.44232586
vn 0.62469506 -0.00000000 0.78086883
vn 0.44721359 -0.00000000 0.89442718
vn 0.66666669 0.33333334 -0.66666669
vn 0.43921906 0.18823674 -0.87843812
vn -0.80812204 -0.50507629 0.30304575
vn -0.91168463 -0.22792116 -0.34188172
vn 0.53452247 0.26726124 0.80178374
vn 0.44721359 -0.00000000 0.89442718
vn 0.33333334 0.66666669 -0.66666669
vn 0.79602975 0.09950372 -0.59702229
vn 0.43193421 0.25916052 -0.86386842
vn 0.24253562 -0.00000000 0.97014248
vn 0.71713716 -0.35856858 -0.59761429
vn 0.43643579 -0.21821789 -0.87287158
vn 0.24253562 -0.00000000 0.97014248
vn 0.14002801 -0.70014006 -0.70014006
vn 0.17896500 -0.23862000 -0.95447999
vn -0.79602975 0.09950372 0.59702229
vn -0.43643579 0.21821789 0.87287158
vn -0.57735026 0.80829036 -0.11547005
vn -0.52981293 0.52981293 -0.66226619
vn -0.44360697 0.12674485 -0.88721395
vn 0.27472112 -0.00000000 0.96152395
vn -0.00000000 -0.31622776 -0.94868332
vn -0.71713716 0.35856858 0.59761429
vn -0.28221625 0.18814418 0.94072086
vn -0.53452247 0.26726124 -0.80178374
vn -0.15617377 0.31234753 -0.93704259
vn -0.00000000 -0.31622776 0.94868332
vn -0.00000000 -0.70710677 -0.70710677
vn 0.15961738 -0.23942606 -0.95770425
vn -0.00000000 0.27472112 0.96152395
vn -0.22941573 0.68824720 0.68824720
vn -0.39056674 0.65094453 -0.65094453
vn -0.20507579 0.20507579 -0.95702028
vn -0.00000000 -0.70710677 0.70710677
vn 0.23942606 -0.15961738 0.95770425
vn 0.24253562 -0.00000000 -0.97014248
vn -0.26906911 -0.20180184 0.94174188
vn -0.15617377 -0.31234753 -0.93704259
vn 0.15617377 0.31234753 0.93704259
vn 0.28221625 0.18814418 -0.94072086
vn -0.39056674 -0.65094453 0.65094453
vn -0.66666669 -0.33333334 0.66666669
vn -0.40824831 -0.40824831 0.81649661
vn -0.70436072 -0.35218036 -0.61631566
vn -0.57735026 -0.57735026 -0.57735026
vn -0.40824831 -0.40824831 -0.81649661
vn 0.59628481 0.29814240 0.74535596
vn 0.26906911 0.20180184 0.94174188
vn 0.39056674 0.65094453 0.65094453
vn 0.52615219 0.60131681 -0.60131681
vn 0.21821789 0.43643579 -0.87287158
vn -0.53452247 -0.80178374 -0.26726124
vn -0.30151135 -0.90453404 0.30151135
vn 0.23570226 0.23570226 0.94280905
vn 0.57735026 0.57735026 -0.57735026
vn 0.80000001 -0.00000000 -0.60000002
vn 0.43643579 0.21821789 -0.87287158
vn 0.26832816 0.89442718 0.35777089
vn 0.61721343 0.15430336 0.77151674
vn 0.44543540 -0.08908708 0.89087081
vn 0.44022545 0.88045090 0.17609018
vn 0.71713716 0.35856858 -0.59761429
vn 0.31622776 -0.00000000 -0.94868332
vn 0.33333334 -0.66666669 0.66666669
vn -0.00000000 -0.27472112 0.96152395
vn -0.00000000 -0.00000000 -1.00000000
vn -0.23570226 0.23570226 0.94280905
vn -0.00000000 0.98058069 -0.19611613
vn -0.31234753 0.15617377 -0.93704259
vn -0.00000000 -0.00000000 1.00000000
vn -0.00000000 -0.00000000 -1.00000000
vn 1.00000000 -0.00000000 -0.00000000
vn 0.27244598 -0.31785363 0.90815324
vn 0.29012942 -0.23210354 -0.92841417
vn -0.00000000 -0.00000000 1.00000000
vn -0.00000000 -0.27472112 -0.96152395
vn -0.85714287 0.42857143 0.28571430
vn 0.42857143 -0.85714287 -0.28571430
vn -0.00000000 -0.24253562 0.97014248
vn -0.59628481 -0.29814240 -0.74535596
vn -0.00000000 -0.70710677 -0.70710677
vn -0.31234753 -0.15617377 -0.93704259
vn -0.00000000 0.29827499 0.95447999
vn -0.00000000 1.00000000 -0.00000000
vn -0.00000000 0.44721359 -0.89442718
vn -0.00000000 -0.70710677 0.70710677
vn -0.00000000 -0.24253562 0.97014248
vn -0.00000000 -0.00000000 -1.00000000
vn -0.00000000 0.27472112 0.96152395
vn -0.00000000 0.70710677 -0.70710677
vn 0.80000001 -0.00000000 -0.60000002
vn -0.09759001 0.19518001 -0.97590005
vn -0.00000000 -0.00000000 1.00000000
vn -0.00000000 -0.00000000 -1.00000000
vn 0.59628481 -0.29814240 0.74535596
vn 0.19518001 -0.09759001 0.97590005
vn -0.00000000 0.70710677 0.70710677
vn 0.71713716 -0.35856858 -0.59761429
vn 0.09759001 -0.19518001 -0.97590005
vn -0.00000000 -0.00000000 1.00000000
vn -0.00000000 0.24253562 -0.97014248
vn 0.31234753 -0.93704259 0.15617377
vn -0.00000000 -1.00000000 -0.00000000
vn -0.08192319 -0.98307830 -0.16384639
vn -0.00000000 0.24253562 0.97014248
vn -0.29002094 0.67671555 -0.67671555
vn -0.61885273 0.72199488 -0.30942637
vn -0.14744195 0.44232586 -0.88465172
vn -0.89442718 0.44721359 -0.00000000
vn -0.80845207 0.56591648 0.16169041
vn -0.08908708 0.44543540 0.89087081
vn 0.08804509 0.70436072 0.70436072
vn -0.28221625 0.94072086 -0.18814418
vn -0.28734788 0.95782626 -0.00000000
vn 0.19245009 0.96225047 0.19245009
vn -0.52981293 -0.52981293 -0.66226619
vn -0.00000000 -0.94868332 -0.31622776
vn -0.28221625 -0.18814418 -0.94072086
vn -0.38461539 -0.92307693 -0.00000000
vn -0.24253562 -0.97014248 -0.00000000
vn -0.33633640 -0.94174188 -0.00000000
vn -0.78446454 -0.19611613 0.58834839
vn -0.00000000 -0.98058069 0.19611613
vn -0.18814418 -0.28221625 0.94072086
vn -0.53452247 -0.26726124 -0.80178374
vn -0.44721359 -0.00000000 -0.89442718
vn 0.99503720 -0.00000000 -0.09950372
vn 0.40824831 0.40824831 0.81649661
vn 0.57735026 0.80829036 0.11547005
vn 0.40824831 0.40824831 -0.81649661
vn -0.71713716 -0.35856858 0.59761429
vn -0.27472112 -0.00000000 0.96152395
vn -0.18814418 -0.28221625 -0.94072086
vn 0.49236596 0.61545748 0.61545748
vn 0.97332853 0.16222142 0.16222142
vn 0.26906911 0.20180184 0.94174188
vn 0.89442718 0.44721359 -0.00000000
vn 0.49236596 0.61545748 -0.61545748
vn 0.94072086 0.18814418 -0.28221625
vn 0.20180184 0.26906911 -0.94174188
vn -0.00000000 -0.00000000 1.00000000
vn -0.39056674 -0.65094453 -0.65094453
vn -0.00000000 -0.27472112 -0.96152395
vn -0.00000000 -0.00000000 1.00000000
vn -0.00000000 -0.00000000 -1.00000000
vn -0.00000000 -0.00000000 1.00000000
vn 0.27472112 -0.00000000 -0.96152395
vn -0.27472112 -0.00000000 0.96152395
vn -0.00000000 -0.00000000 -1.00000000
vn -0.00000000 -0.00000000 1.00000000
vn 0.28221625 0.18814418 -0.94072086
vn -0.28221625 -0.18814418 0.94072086
vn -0.23570226 -0.23570226 -0.94280905
vn -0.00000000 -0.00000000 1.00000000
vn 0.22941573 0.68824720 -0.68824720
vn -0.00000000 0.44721359 -0.89442718
vn -0.36650833 -0.85518610 0.36650833
vn -0.70710677 -0.70710677 -0.00000000
vn -0.18428853 -0.98287219 -0.00000000
vn -0.43643579 -0.87287158 -0.21821789
vn -0.00000000 0.27472112 0.96152395
vn 0.22941573 0.68824720 -0.68824720
vn 0.81923193 -0.00000000 -0.57346237
vn 0.40824831 0.40824831 -0.81649661
vn -0.87287158 -0.43643579 -0.21821789
vn 0.62469506 -0.00000000 0.78086883
vn 0.44232586 0.14744195 0.88465172
vn 0.29002094 0.67671555 0.67671555
vn 0.95346260 0.09534626 -0.28603879
vn 0.57735026 0.57735026 -0.57735026
vn 0.94573247 -0.07881104 -0.31524417
vn 0.40824831 0.40824831 -0.81649661
vn 0.65079135 -0.00000000 0.75925660
vn 0.43193421 0.25916052 0.86386842
vn 0.91287094 0.36514837 -0.18257418
vn 0.99654573 0.08304548 -0.00000000
vn 0.54882127 0.76834983 -0.32929277
vn 0.98994946 0.14142136 -0.00000000
vn 0.50709254 0.84515423 0.16903085
vn 0.99745870 0.07124705 -0.00000000
vn 0.88465172 0.14744195 0.44232586
vn 0.87287158 0.21821789 -0.43643579
vn 0.96152395 -0.27472112 -0.00000000
vn 0.96152395 -0.27472112 -0.00000000
vn 0.93632919 -0.00000000 0.35112345
vn 0.52981293 -0.52981293 -0.66226619
vn 0.08908708 -0.44543540 -0.89087081
vn 0.07881104 -0.94573247 -0.31524417
vn 0.54882127 -0.76834983 0.32929277
vn 0.46499056 -0.34874290 0.81373346
vn 0.23570226 -0.23570226 0.94280905
vn 0.68376344 -0.45584232 -0.56980288
vn 0.06375767 -0.44630370 -0.89260739
vn 0.14002801 -0.70014006 -0.70014006
vn -0.93704259 0.31234753 0.15617377
vn 0.53452247 -0.26726124 0.80178374
vn -0.16222142 -0.16222142 0.97332853
vn -0.14002801 -0.70014006 -0.70014006
vn -0.00000000 -0.33633640 -0.94174188
vn -0.00000000 0.44721359 0.89442718
vn -0.44721359 0.89442718 -0.00000000
vn -0.00000000 0.31622776 -0.94868332
vn 0.14002801 -0.70014006 0.70014006
vn -0.00000000 -0.33633640 0.94174188
vn 0.80000001 -0.00000000 -0.60000002
vn 0.27472112 -0.00000000 -0.96152395
vn -0.00000000 -0.07124705 0.99745870
vn -0.00000000 0.70710677 0.70710677
vn -0.70710677 -0.00000000 -0.70710677
vn -0.26906911 -0.20180184 -0.94174188
vn 0.62469506 -0.00000000 0.78086883
vn 0.27472112 -0.00000000 0.96152395
vn 0.80000001 -0.00000000 -0.60000002
vn 0.24253562 -0.00000000 -0.97014248
vn -0.10482848 -0.94345635 0.31448546
vn -0.88465172 -0.44232586 0.14744195
vn -0.99654573 -0.08304548 -0.00000000
vn -0.30151135 -0.90453404 -0.30151135
vn -0.84799832 -0.42399916 -0.31799936
vn 0.53452247 0.26726124 0.80178374
vn 0.44721359 -0.00000000 0.89442718
vn 0.66666669 0.33333334 -0.66666669
vn 0.44105428 0.16539535 -0.88210857
vn -0.49236596 -0.86164045 -0.12309149
vn 0.15617377 0.31234753 0.93704259
vn 0.52615219 0.60131681 -0.60131681
vn 0.62469506 0.46852130 -0.62469506
vn 0.40824831 0.40824831 -0.81649661
vn 0.59628481 0.29814240 0.74535596
vn 0.40824831 0.40824831 0.81649661
vn 0.57735026 0.57735026 0.57735026
vn 0.31799936 0.84799832 -0.42399916
vn 0.95782626 -0.00000000 -0.28734788
vn 0.33633640 0.94174188 -0.00000000
vn 0.91168463 0.22792116 0.34188172
vn 0.38851434 0.87415725 0.29138577
vn 0.44022545 -0.88045090 -0.17609018
vn 0.17896500 -0.23862000 -0.95447999
vn 0.44721359 -0.89442718 -0.00000000
vn 0.13018891 -0.91132236 0.39056674
vn 0.27216554 -0.13608277 0.95257932
vn -0.00000000 -0.00000000 -1.00000000
vn -0.88465172 0.44232586 0.14744195
vn -0.00000000 -0.00000000 1.00000000
vn -0.00000000 -0.00000000 -1.00000000
vn -0.15617377 0.31234753 0.93704259
vn -0.50709254 0.84515423 -0.16903085
vn -0.23570226 0.23570226 -0.94280905
vn -0.00000000 -0.00000000 1.00000000
vn -0.00000000 -0.27472112 -0.96152395
vn 0.89442718 0.44721359 -0.00000000
vn 0.05547002 -0.00000000 0.99846035
vn 0.05547002 -0.00000000 -0.99846035
vn -0.00000000 -0.27472112 0.96152395
vn -0.00000000 -0.70710677 -0.70710677
vn 0.20507579 -0.20507579 -0.95702028
vn -0.00000000 -0.00000000 1.00000000
vn -0.00000000 -0.00000000 -1.00000000
vn -0.00000000 -0.70710677 0.70710677
vn 0.27216554 -0.13608277 0.95257932
vn -0.00000000 -0.00000000 -1.00000000
vn -0.26906911 0.20180184 0.94174188
vn -0.62469506 -0.00000000 -0.78086883
vn -0.44721359 -0.00000000 -0.89442718
vn -0.00000000 -0.00000000 1.00000000
vn -0.00000000 -0.00000000 -1.00000000
vn -0.19518001 0.09759001 0.97590005
vn -0.27216554 0.68041384 0.68041384
vn -0.53452247 -0.26726124 -0.80178374
vn -0.43193421 -0.25916052 -0.86386842
vn -0.00000000 -0.00000000 1.00000000
vn -0.00000000 0.24253562 -0.97014248
vn -0.25400025 -0.88900089 0.38100037
vn -0.25445667 -0.93300784 -0.25445667
vn 0.23570226 0.23570226 0.94280905
vn 0.19802950 0.69310325 -0.69310325
vn 0.25916052 0.43193421 -0.86386842
vn 0.45584232 0.68376344 0.56980288
vn 0.40824831 0.40824831 0.81649661
vn 0.26832816 0.89442718 0.35777089
vn 0.44022545 0.88045090 0.17609018
vn 0.25400025 0.88900089 -0.38100037
vn 0.25445667 0.93300784 0.25445667
vn -0.99503720 -0.00000000 0.09950372
vn -0.76200074 -0.63500065 -0.12700012
vn -0.40824831 -0.40824831 -0.81649661
vn -0.40824831 -0.40824831 0.81649661
vn -0.95770425 -0.23942606 -0.15961738
vn -0.49236596 -0.61545748 -0.61545748
vn -0.21821789 -0.43643579 -0.87287158
vn -0.89442718 -0.44721359 -0.00000000
vn -0.57735026 -0.57735026 0.57735026
vn -0.92057461 -0.27617240 0.27617240
vn -0.40824831 -0.40824831 0.81649661
vn -0.00000000 -0.70710677 -0.70710677
vn -0.00000000 -0.44721359 -0.89442718
vn -0.19802950 -0.69310325 0.69310325
vn -0.00000000 -0.27472112 0.96152395
vn -0.62469506 -0.00000000 -0.78086883
vn -0.00000000 -0.70710677 -0.70710677
vn -0.28221625 -0.18814418 -0.94072086
vn 0.45584232 0.68376344 0.56980288
vn 0.31234753 0.15617377 0.93704259
vn -0.00000000 0.94868332 0.31622776
vn 0.38461539 0.92307693 -0.00000000
vn -0.00000000 0.98994946 -0.14142136
vn 0.64699662 0.53916389 -0.53916389
vn -0.07053456 0.14106913 -0.98748386
vn -0.00000000 -0.00000000 1.00000000
vn -0.53452247 -0.26726124 -0.80178374
vn -0.27472112 -0.00000000 -0.96152395
vn -0.00000000 -0.00000000 1.00000000
vn -0.00000000 -0.00000000 -1.00000000
vn -0.00000000 -0.00000000 1.00000000
vn -0.00000000 0.27472112 -0.96152395
vn -0.00000000 -0.27472112 0.96152395
vn -0.00000000 -0.00000000 -1.00000000
vn -0.00000000 -0.00000000 1.00000000
vn -0.00000000 0.70710677 -0.70710677
vn 0.80000001 -0.00000000 -0.60000002
vn 0.18814418 0.28221625 -0.94072086
vn -0.22941573 -0.68824720 0.68824720
vn -0.81923193 -0.00000000 0.57346237
vn -0.40824831 -0.40824831 0.81649661
vn -0.20180184 -0.26906911 -0.94174188
vn -0.00000000 -0.00000000 1.00000000
vn 0.71713716 0.35856858 -0.59761429
vn 0.44721359 -0.00000000 -0.89442718
vn -0.87287158 -0.43643579 0.21821789
vn -0.54882127 -0.76834983 0.32929277
vn -0.94174188 -0.33633640 -0.00000000
vn -0.81649661 -0.40824831 -0.40824831
vn -0.44022545 -0.88045090 -0.17609018
vn -0.00000000 -0.00000000 1.00000000
vn 0.28221625 0.18814418 -0.94072086
vn 0.23570226 0.23570226 0.94280905
vn 0.36650833 0.85518610 -0.36650833
vn 0.27472112 0.96152395 -0.00000000
vn 0.82416338 0.54944223 -0.13736056
vn 0.44721359 0.89442718 -0.00000000
vn 0.97014248 0.24253562 -0.00000000
vn 0.33633640 0.94174188 -0.00000000
vn 0.71713716 0.59761429 0.35856858
vn 0.43643579 0.87287158 0.21821789
vn 0.80812204 0.50507629 -0.30304575
vn 0.91168463 0.22792116 0.34188172
vn -0.60131681 -0.60131681 -0.52615219
vn -0.00000000 -0.96476382 -0.26311740
vn -0.25916052 -0.43193421 -0.86386842
vn -0.09950372 -0.99503720 -0.00000000
vn -0.00000000 -0.94868332 0.31622776
vn -0.00000000 -0.44721359 0.89442718
vn -0.45584232 -0.56980288 -0.68376344
vn -0.00000000 -0.70710677 -0.70710677
vn -0.31234753 -0.15617377 -0.93704259
vn -0.00000000 -0.70710677 0.70710677
vn -0.71713716 -0.35856858 0.59761429
vn -0.23570226 -0.23570226 0.94280905
vn -0.00000000 -0.00000000 -1.00000000
vn 0.18823674 0.43921906 0.87843812
vn 0.72428596 0.63375020 -0.27160725
vn 0.23570226 0.23570226 -0.94280905
vn -0.00000000 -0.00000000 1.00000000
vn -0.00000000 -0.00000000 -1.00000000
vn -0.00000000 0.07124705 0.99745870
vn 0.39056674 0.65094453 0.65094453
vn 0.23570226 -0.23570226 -0.94280905
vn -0.00000000 0.29827499 0.95447999
vn -0.00000000 0.27472112 -0.96152395
vn -0.00000000 -0.94868332 0.31622776
vn -0.00000000 -0.92847669 -0.37139067
vn 0.70710677 -0.00000000 0.70710677
vn 0.08908708 0.44543540 0.89087081
vn -0.00000000 0.70710677 0.70710677
vn -0.00000000 0.70710677 -0.70710677
vn 0.66666669 0.33333334 -0.66666669
vn 0.18823674 0.43921906 -0.87843812
vn 0.97014248 -0.00000000 0.24253562
vn 0.25916052 0.43193421 0.86386842
vn 0.10050378 0.70352650 0.70352650
vn 0.84799832 0.42399916 0.31799936
vn 0.09245003 0.92450035 -0.36980012
vn 0.84515423 0.50709254 -0.16903085
vn 0.30151135 0.90453404 0.30151135
vn 0.96152395 0.27472112 -0.00000000
vn 0.63960212 0.63960212 0.42640144
vn 0.84799832 -0.42399916 -0.31799936
vn 0.89442718 -0.44721359 -0.00000000
vn 0.88045090 -0.44022545 0.17609018
vn 0.44022545 -0.88045090 -0.17609018
vn 0.13608277 -0.27216554 -0.95257932
vn 0.44721359 -0.89442718 -0.00000000
vn 0.46499056 -0.81373346 0.34874290
vn 0.20507579 -0.20507579 0.95702028
vn 0.27472112 -0.00000000 -0.96152395
vn -0.98639393 -0.00000000 0.16439898
vn 0.27472112 -0.00000000 0.96152395
vn -0.00000000 -0.00000000 -1.00000000
vn -0.89442718 0.44721359 -0.00000000
vn -0.00000000 -0.00000000 1.00000000
vn 0.71713716 -0.35856858 -0.59761429
vn 0.23862000 -0.17896500 -0.95447999
vn -0.00000000 -0.00000000 1.00000000
vn -0.44721359 0.89442718 -0.00000000
vn -0.00000000 -0.00000000 -1.00000000
vn 0.59628481 -0.29814240 0.74535596
vn 0.17896500 -0.23862000 0.95447999
vn 0.27216554 -0.68041384 -0.68041384
vn 0.13608277 -0.27216554 -0.95257932
vn -0.00000000 -1.00000000 -0.00000000
vn -0.99227786 -0.00000000 0.12403473
vn 0.39056674 -0.65094453 0.65094453
vn 0.20507579 -0.20507579 0.95702028
vn 0.24253562 -0.00000000 -0.97014248
vn -0.94072086 -0.28221625 0.18814418
vn -0.88465172 -0.14744195 -0.44232586
vn 0.15617377 0.31234753 0.93704259
vn 0.28221625 0.18814418 -0.94072086
vn 0.59628481 0.29814240 0.74535596
vn 0.40824831 0.40824831 0.81649661
vn 0.46852130 0.62469506 0.62469506
vn 0.36650833 0.85518610 -0.36650833
vn 0.27472112 0.96152395 -0.00000000
vn 0.80845207 0.56591648 -0.16169041
vn 0.33633640 0.94174188 -0.00000000
vn 0.61885273 0.72199488 0.30942637
vn 0.38851434 0.87415725 0.29138577
vn -0.94280905 -0.23570226 -0.23570226
vn -0.53452247 -0.80178374 -0.26726124
vn -0.43921906 -0.18823674 -0.87843812
vn -0.89442718 -0.44721359 -0.00000000
vn -0.44721359 -0.89442718 -0.00000000
vn -0.92450035 -0.09245003 0.36980012
vn -0.62017369 -0.74420840 0.24806947
vn -0.40824831 -0.40824831 0.81649661
vn -0.42163703 -0.52704626 -0.73786479
vn -0.44721359 -0.00000000 -0.89442718
vn -0.79555726 -0.55689007 0.23866719
vn -0.49236596 -0.61545748 0.61545748
vn -0.95782626 -0.00000000 0.28734788
vn -0.15617377 -0.31234753 0.93704259
vn -0.18814418 -0.28221625 -0.94072086
vn -0.60920769 -0.50767308 0.60920769
vn -0.27472112 -0.00000000 0.96152395
vn -0.39056674 -0.65094453 -0.65094453
vn -0.00000000 -0.44721359 -0.89442718
vn 0.87287158 0.43643579 -0.21821789
vn 0.18823674 0.43921906 0.87843812
vn 0.50709254 0.84515423 0.16903085
vn 0.15617377 0.31234753 -0.93704259
vn 0.29827499 -0.00000000 0.95447999
vn -0.00000000 -0.70710677 -0.70710677
vn 0.15961738 -0.23942606 -0.95770425
vn -0.15961738 0.23942606 0.95770425
vn -0.00000000 0.70710677 0.70710677
vn -0.21199958 0.21199958 -0.95399809
vn -0.62469506 0.46852130 -0.62469506
vn -0.00000000 -0.00000000 1.00000000
vn 0.24253562 -0.00000000 -0.97014248
vn -0.24253562 -0.00000000 0.97014248
vn -0.39056674 0.65094453 -0.65094453
vn -0.20507579 0.20507579 -0.95702028
vn -0.00000000 -0.00000000 1.00000000
vn 0.28221625 0.18814418 -0.94072086
vn -0.28221625 -0.18814418 0.94072086
vn -0.15617377 -0.31234753 -0.93704259
vn -0.00000000 -0.00000000 1.00000000
vn 0.22941573 0.68824720 -0.68824720
vn -0.00000000 0.44721359 -0.89442718
vn -0.36650833 -0.85518610 0.36650833
vn -0.80845207 -0.56591648 0.16169041
vn -0.27472112 -0.96152395 -0.00000000
vn -0.81649661 -0.40824831 -0.40824831
vn -0.36514837 -0.91287094 -0.18257418
vn 0.27472112 -0.00000000 0.96152395
vn 0.22941573 0.68824720 -0.68824720
vn 0.81923193 -0.00000000 -0.57346237
vn 0.40824831 0.40824831 -0.81649661
vn 0.15617377 0.31234753 0.93704259
vn 0.87287158 0.43643579 -0.21821789
vn 0.54882127 0.76834983 -0.32929277
vn 0.94174188 0.33633640 -0.00000000
vn 0.44721359 0.89442718 -0.00000000
vn 0.89442718 0.44721359 -0.00000000
vn 0.44721359 0.89442718 -0.00000000
vn 0.89442718 0.44721359 -0.00000000
vn 0.44022545 0.88045090 0.17609018
vn 0.81649661 0.40824831 0.40824831
vn -0.00000000 -0.94868332 -0.31622776
vn -0.00000000 -0.44721359 -0.89442718
vn -0.00000000 -1.00000000 -0.00000000
vn -0.00000000 -0.94868332 0.31622776
vn -0.00000000 -0.44721359 0.89442718
vn -0.00000000 -0.70710677 -0.70710677
vn -0.00000000 -0.24253562 -0.97014248
vn 0.87287158 0.43643579 0.21821789
vn 0.25916052 0.43193421 0.86386842
vn -0.00000000 0.98058069 0.19611613
vn 0.18823674 0.43921906 -0.87843812
vn -0.00000000 -0.70710677 0.70710677
vn -0.00000000 -0.24253562 0.97014248
vn -0.00000000 -0.00000000 -1.00000000
vn 0.45584232 0.56980288 0.68376344
vn 0.31234753 0.15617377 0.93704259
vn -0.00000000 0.70710677 0.70710677
vn -0.00000000 0.70710677 -0.70710677
vn 0.79602975 0.09950372 -0.59702229
vn 0.18814418 0.28221625 -0.94072086
vn -0.00000000 -0.00000000 1.00000000
vn -0.00000000 -0.00000000 -1.00000000
vn -0.00000000 -0.24253562 0.97014248
vn 0.71713716 -0.35856858 -0.59761429
vn 0.23942606 -0.15961738 -0.95770425
vn -0.00000000 -0.00000000 1.00000000
vn -0.00000000 0.24253562 -0.97014248
vn -0.00000000 -0.94868332 0.31622776
vn -0.00000000 -1.00000000 -0.00000000
vn 0.20628425 -0.92827910 -0.30942637
vn -0.74420840 0.24806947 0.62017369
vn -0.27216554 0.13608277 0.95257932
vn -0.00000000 0.70710677 -0.70710677
vn -0.00000000 0.44721359 -0.89442718
vn -0.00000000 0.44721359 0.89442718
vn -0.00000000 0.94868332 0.31622776
vn -0.30151135 0.90453404 0.30151135
vn -0.00000000 0.94868332 -0.31622776
vn -0.00000000 0.94868332 0.31622776
vn 0.95346260 -0.09534626 -0.28603879
vn 0.97014248 -0.24253562 -0.00000000
vn 0.94280905 -0.23570226 0.23570226
vn 0.88345224 -0.33129457 -0.33129457
vn 0.97014248 -0.24253562 -0.00000000
vn 0.92057461 -0.27617240 0.27617240
vn 0.25445667 -0.93300784 -0.25445667
vn -0.00000000 -0.27472112 -0.96152395
vn 0.24253562 -0.97014248 -0.00000000
vn 0.36650833 -0.85518610 0.36650833
vn -0.00000000 -0.27472112 0.96152395
vn -0.00000000 -0.00000000 -1.00000000
vn -0.00000000 -0.07124705 0.99745870
vn -0.00000000 1.00000000 -0.00000000
vn -0.00000000 -0.07124705 -0.99745870
vn -0.00000000 -0.00000000 1.00000000
vn 0.80000001 -0.00000000 -0.60000002
vn 0.27472112 -0.00000000 -0.96152395
vn -0.00000000 -1.00000000 -0.00000000
vn 0.62469506 -0.00000000 0.78086883
vn 0.27472112 -0.00000000 0.96152395
vn 0.81923193 -0.00000000 -0.57346237
vn 0.17896500 0.23862000 -0.95447999
vn 0.66666669 0.33333334 0.66666669
vn 0.20180184 0.26906911 0.94174188
vn 0.87287158 0.43643579 -0.21821789
vn 0.10482848 0.94345635 -0.31448546
vn 0.94174188 0.33633640 -0.00000000
vn -0.00000000 1.00000000 -0.00000000
vn 0.89442718 0.44721359 -0.00000000
vn 0.10482848 0.94345635 0.31448546
vn 0.63960212 0.63960212 0.42640144
vn -0.86657822 -0.43328911 -0.24759379
vn -0.10482848 -0.94345635 -0.31448546
vn -0.25916052 -0.43193421 -0.86386842
vn -0.89442718 -0.44721359 -0.00000000
vn -0.24253562 -0.97014248 -0.00000000
vn -0.85714287 -0.42857143 0.28571430
vn -0.23570226 -0.94280905 0.23570226
vn -0.18823674 -0.43921906 0.87843812
vn -0.51214755 -0.38411063 -0.76822126
vn -0.00000000 -0.70710677 -0.70710677
vn -0.28221625 -0.18814418 -0.94072086
vn -0.68376344 -0.45584232 0.56980288
vn -0.00000000 -0.70710677 0.70710677
vn -0.23570226 -0.23570226 0.94280905
vn -0.55470020 -0.00000000 -0.83205032
vn -0.24253562 -0.00000000 -0.97014248
vn 0.98639393 -0.00000000 -0.16439898
vn 0.44232586 0.14744195 0.88465172
vn 0.42857143 0.85714287 0.28571430
vn 0.18814418 0.28221625 -0.94072086
vn -0.00000000 -0.00000000 1.00000000
vn -0.53452247 -0.26726124 -0.80178374
vn -0.27472112 -0.00000000 -0.96152395
vn 0.89442718 0.44721359 -0.00000000
vn 0.44721359 -0.00000000 0.89442718
vn 0.27472112 -0.00000000 -0.96152395
vn -0.00000000 0.29827499 0.95447999
vn -0.00000000 -0.00000000 -1.00000000
vn 0.31622776 -0.00000000 0.94868332
vn -0.00000000 -0.00000000 -1.00000000
vn 0.59628481 -0.29814240 0.74535596
vn -0.00000000 -0.00000000 1.00000000
vn -0.00000000 0.70710677 0.70710677
vn 0.80000001 -0.00000000 -0.60000002
vn 0.27472112 -0.00000000 -0.96152395
vn -0.80000001 -0.00000000 0.60000002
vn -0.31622776 -0.00000000 0.94868332
vn -0.00000000 -0.00000000 -1.00000000
vn 0.14002801 -0.70014006 0.70014006
vn -0.00000000 -0.29827499 0.95447999
vn 0.80000001 -0.00000000 -0.60000002
vn 0.44721359 -0.00000000 -0.89442718
vn -0.81923193 -0.00000000 0.57346237
vn -0.44360697 -0.12674485 0.88721395
vn -0.70710677 -0.00000000 -0.70710677
vn -0.43921906 -0.18823674 -0.87843812
vn 0.27472112 -0.00000000 0.96152395
vn 0.71713716 0.35856858 -0.59761429
vn 0.44721359 -0.00000000 -0.89442718
vn -0.87287158 -0.43643579 0.21821789
vn -0.61721343 -0.77151674 0.15430336
vn -0.98287219 -0.18428853 -0.00000000
vn -0.81649661 -0.40824831 -0.40824831
vn 0.15617377 0.31234753 0.93704259
vn 0.28221625 0.18814418 -0.94072086
vn 0.57735026 0.57735026 0.57735026
vn 0.70224690 -0.11704115 0.70224690
vn 0.40824831 0.40824831 0.81649661
vn 0.36650833 0.85518610 -0.36650833
vn 0.27472112 0.96152395 -0.00000000
vn 0.80845207 0.56591648 -0.16169041
vn 0.44721359 0.89442718 -0.00000000
vn 0.89442718 0.44721359 -0.00000000
vn 0.50709254 0.84515423 0.16903085
vn 0.96152395 0.27472112 -0.00000000
vn 0.81649661 0.40824831 0.40824831
vn -0.00000000 -0.94868332 -0.31622776
vn -0.00000000 -0.44721359 -0.89442718
vn 0.09950372 -0.99503720 -0.00000000
vn -0.00000000 -0.96476382 0.26311740
vn 0.25916052 -0.43193421 0.86386842
vn -0.00000000 -0.70710677 -0.70710677
vn -0.00000000 -0.24253562 -0.97014248
vn -0.21821789 0.43643579 0.87287158
vn -0.00000000 0.98058069 -0.19611613
vn -0.21821789 0.43643579 -0.87287158
vn -0.00000000 -0.70710677 0.70710677
vn -0.00000000 -0.24253562 0.97014248
vn -0.00000000 -0.00000000 -1.00000000
vn -0.15961738 0.23942606 0.95770425
vn -0.00000000 0.70710677 0.70710677
vn -0.00000000 0.70710677 -0.70710677
vn -0.23942606 0.15961738 -0.95770425
vn -0.00000000 -0.00000000 1.00000000
vn -0.00000000 -0.00000000 -1.00000000
vn -0.28221625 -0.18814418 0.94072086
vn -0.18814418 -0.28221625 -0.94072086
vn -0.00000000 -0.00000000 1.00000000
vn -0.00000000 0.24253562 -0.97014248
vn -0.30151135 -0.90453404 0.30151135
vn -0.00000000 -1.00000000 -0.00000000
vn -0.31234753 -0.93704259 -0.15617377
vn -0.00000000 0.24253562 0.97014248
vn -0.00000000 0.70710677 -0.70710677
vn -0.00000000 0.44721359 -0.89442718
vn -0.14744195 0.44232586 0.88465172
vn -0.00000000 0.98058069 0.19611613
vn -0.10482848 0.94345635 0.31448546
vn -0.20628425 0.92827910 -0.30942637
vn -0.30151135 0.90453404 0.30151135
vn -0.00000000 -0.94868332 -0.31622776
vn -0.00000000 -0.24253562 -0.97014248
vn 0.09950372 -0.99503720 -0.00000000
vn -0.00000000 -0.96476382 0.26311740
vn 0.27216554 -0.13608277 0.95257932
vn -0.00000000 -0.00000000 -1.00000000
vn -0.18814418 0.28221625 0.94072086
vn -0.00000000 0.98058069 -0.19611613
vn -0.28221625 0.18814418 -0.94072086
vn -0.00000000 -0.00000000 1.00000000
vn -0.00000000 -0.00000000 -1.00000000
vn 0.87287158 -0.43643579 0.21821789
vn -0.00000000 -0.16439898 0.98639393
vn 0.16222142 -0.16222142 -0.97332853
vn -0.00000000 -0.00000000 1.00000000
vn -0.00000000 -0.00000000 -1.00000000
vn -0.00000000 -1.00000000 -0.00000000
vn -0.00000000 -0.00000000 1.00000000
vn -0.92998111 0.11624764 -0.34874290
vn -0.27472112 -0.00000000 -0.96152395
vn -0.95782626 0.28734788 -0.00000000
vn -0.88465172 0.44232586 0.14744195
vn -0.23862000 0.17896500 0.95447999
vn -0.85714287 0.28571430 -0.42857143
vn -0.15961738 0.23942606 -0.95770425
vn -0.86386842 0.43193421 0.25916052
vn -0.40824831 0.40824831 0.81649661
vn -0.39056674 0.65094453 0.65094453
vn -0.28221625 0.94072086 -0.18814418
vn -0.21821789 0.87287158 0.43643579
vn -0.00000000 -0.94868332 -0.31622776
vn -0.00000000 -0.44721359 -0.89442718
vn 0.09950372 -0.99503720 -0.00000000
vn -0.00000000 -0.96476382 0.26311740
vn 0.21821789 -0.43643579 0.87287158
vn -0.00000000 -0.70710677 -0.70710677
vn -0.00000000 -0.24253562 -0.97014248
vn -0.00000000 -0.70710677 0.70710677
vn 0.27216554 -0.13608277 0.95257932
vn -0.00000000 -0.00000000 -1.00000000
vn 0.52981293 0.52981293 0.66226619
vn 0.28221625 0.18814418 0.94072086
vn -0.00000000 0.96476382 0.26311740
vn 0.13018891 0.91132236 -0.39056674
vn -0.00000000 0.24253562 -0.97014248
vn -0.00000000 -0.00000000 1.00000000
vn -0.00000000 -0.00000000 -1.00000000
vn 0.55470020 -0.00000000 0.83205032
vn 0.24253562 -0.00000000 0.97014248
vn -0.00000000 -0.00000000 -1.00000000
vn -0.00000000 -0.00000000 1.00000000
vn -0.00000000 -0.00000000 -1.00000000
vn 0.53452247 -0.26726124 0.80178374
vn -0.16222142 -0.16222142 0.97332853
vn -0.00000000 -0.00000000 -1.00000000
vn -0.71713716 -0.35856858 0.59761429
vn -0.29827499 -0.00000000 0.95447999
vn -0.00000000 0.27472112 -0.96152395
vn -0.37463433 -0.65561008 0.65561008
vn -0.18823674 -0.43921906 0.87843812
vn -0.20180184 -0.26906911 -0.94174188
vn -0.00000000 0.27472112 0.96152395
vn -0.00000000 0.70710677 -0.70710677
vn 0.80000001 -0.00000000 -0.60000002
vn 0.18814418 0.28221625 -0.94072086
vn -0.36514837 -0.91287094 0.18257418
vn -0.87287158 -0.43643579 -0.21821789
vn 0.70710677 -0.00000000 0.70710677
vn 0.25916052 0.43193421 0.86386842
vn -0.00000000 0.70710677 0.70710677
vn 0.81923193 -0.00000000 -0.57346237
vn 0.44360697 0.12674485 -0.88721395
vn 0.37463433 0.65561008 0.65561008
vn 0.96698755 -0.08058230 0.24174689
vn 0.40824831 0.40824831 0.81649661
vn 0.84799832 0.42399916 0.31799936
vn 0.87287158 0.43643579 -0.21821789
vn 0.54882127 0.76834983 -0.32929277
vn 0.94174188 0.33633640 -0.00000000
vn 0.50709254 0.84515423 0.16903085
vn 0.96152395 0.27472112 -0.00000000
vn 0.63960212 0.63960212 0.42640144
vn 0.23570226 -0.94280905 -0.23570226
vn 0.21821789 -0.43643579 -0.87287158
vn 0.34815532 -0.87038827 0.34815532
vn 0.45584232 -0.68376344 0.56980288
vn 0.40824831 -0.40824831 0.81649661
vn -0.00000000 -0.70710677 -0.70710677
vn 0.15961738 -0.23942606 -0.95770425
vn -0.93704259 0.31234753 -0.15617377
vn 0.33104235 -0.91036648 0.24828176
vn -0.00000000 -0.94868332 0.31622776
vn 0.23942606 -0.15961738 0.95770425
vn 0.24253562 -0.00000000 -0.97014248
vn -0.79602975 0.09950372 0.59702229
vn -0.30151135 0.30151135 0.90453404
vn -0.78086883 0.62469506 -0.00000000
vn -0.59628481 0.29814240 -0.74535596
vn -0.23570226 0.23570226 -0.94280905
vn 0.24253562 -0.00000000 0.97014248
vn 0.24253562 -0.00000000 -0.97014248
vn -0.71713716 -0.35856858 0.59761429
vn -0.17896500 -0.23862000 0.95447999
vn -0.53452247 -0.26726124 -0.80178374
vn -0.20180184 -0.26906911 -0.94174188
vn 0.24253562 -0.00000000 0.97014248
vn 0.28221625 0.18814418 -0.94072086
vn -0.00000000 -1.00000000 -0.00000000
vn 0.18814418 0.28221625 0.94072086
vn 0.22941573 0.68824720 -0.68824720
vn -0.00000000 0.31622776 -0.94868332
vn -0.80845207 0.16169041 0.56591648
vn -0.23076923 0.30769232 0.92307693
vn 0.11704115 0.70224690 0.70224690
vn -0.92998111 0.11624764 -0.34874290
vn -0.27472112 -0.00000000 -0.96152395
vn -0.98994946 0.14142136 -0.00000000
vn -0.92998111 0.11624764 0.34874290
vn -0.44721359 -0.00000000 0.89442718
vn -0.93632919 -0.00000000 -0.35112345
vn -0.24253562 -0.00000000 -0.97014248
vn -1.00000000 -0.00000000 -0.00000000
vn -0.95782626 -0.00000000 0.28734788
vn -0.28734788 -0.00000000 0.95782626
vn -0.85714287 0.28571430 -0.42857143
vn -0.15961738 0.23942606 -0.95770425
vn -0.97014248 0.24253562 -0.00000000
vn -0.94072086 0.28221625 0.18814418
vn -0.23942606 0.15961738 0.95770425
vn -0.28221625 0.94072086 -0.18814418
vn -0.24253562 0.97014248 -0.00000000
vn -0.25400025 0.88900089 0.38100037
vn 0.23570226 -0.94280905 -0.23570226
vn 0.15961738 -0.23942606 -0.95770425
vn 0.34815532 -0.87038827 0.34815532
vn 0.45584232 -0.68376344 0.56980288
vn 0.40824831 -0.40824831 0.81649661
vn 0.24253562 -0.00000000 -0.97014248
vn -0.97332853 -0.16222142 0.16222142
vn 0.39056674 -0.65094453 0.65094453
vn 0.20507579 -0.20507579 0.95702028
vn 0.27472112 -0.00000000 -0.96152395
vn -0.87287158 -0.43643579 -0.21821789
vn 0.27472112 -0.00000000 0.96152395
vn -0.00000000 -0.00000000 -1.00000000
vn -0.00000000 -0.00000000 1.00000000
vn -0.00000000 -0.00000000 -1.00000000
vn -0.00000000 -0.00000000 1.00000000
vn -0.00000000 0.24253562 -0.97014248
vn -0.71713716 0.35856858 0.59761429
vn -0.27216554 0.13608277 0.95257932
vn -0.00000000 0.94868332 -0.31622776
vn -0.00000000 1.00000000 -0.00000000
vn -0.30151135 0.90453404 0.30151135
vn -0.00000000 -0.94868332 -0.31622776
vn -0.00000000 -0.44721359 -0.89442718
vn 0.08247861 -0.90726471 0.41239306
vn 0.54545456 -0.63636363 0.54545456
vn -0.08908708 -0.44543540 0.89087081
vn -0.00000000 -0.70710677 -0.70710677
vn -0.00000000 -0.24253562 -0.97014248
vn 0.57735026 -0.57735026 0.57735026
vn 0.52981293 -0.52981293 0.66226619
vn 0.12674485 -0.44360697 0.88721395
vn -0.00000000 -0.00000000 -1.00000000
vn -0.00000000 0.24253562 0.97014248
vn -0.00000000 0.91914505 0.39391929
vn 0.28718325 0.93334562 -0.21538745
vn -0.00000000 0.27472112 -0.96152395
vn 0.39056674 -0.65094453 0.65094453
vn -0.00000000 -0.27472112 0.96152395
vn -0.00000000 -0.00000000 -1.00000000
vn -0.26906911 -0.20180184 0.94174188
vn -0.00000000 -0.00000000 -1.00000000
vn -0.00000000 -0.00000000 1.00000000
vn -0.00000000 -0.00000000 -1.00000000
vn -0.57735026 -0.57735026 0.57735026
vn -0.66666669 -0.33333334 0.66666669
vn -0.40824831 -0.40824831 0.81649661
vn -0.20180184 -0.26906911 -0.94174188
vn -0.00000000 -0.00000000 1.00000000
vn 0.31234753 0.15617377 -0.93704259
vn -0.78446454 -0.58834839 -0.19611613
vn -0.30151135 -0.90453404 0.30151135
vn 0.23570226 0.23570226 0.94280905
vn 0.52615219 0.60131681 -0.60131681
vn 0.21821789 0.43643579 -0.87287158
vn 0.18823674 0.43921906 0.87843812
vn 0.46852130 0.62469506 0.62469506
vn 0.36650833 0.85518610 -0.36650833
vn 0.88045090 0.44022545 -0.17609018
vn 0.33633640 0.94174188 -0.00000000
vn 0.61885273 0.72199488 0.30942637
vn 0.43643579 0.87287158 0.21821789
vn 0.85714287 -0.42857143 -0.28571430
vn 0.88045090 -0.44022545 0.17609018
vn 0.79602975 -0.09950372 -0.59702229
vn 0.30151135 -0.30151135 -0.90453404
vn 0.42857143 -0.85714287 -0.28571430
vn 0.27472112 -0.96152395 -0.00000000
vn 0.31799936 -0.84799832 0.42399916
vn 0.52981293 -0.52981293 0.66226619
vn 0.23570226 -0.23570226 0.94280905
vn 0.80000001 -0.00000000 -0.60000002
vn 0.24253562 -0.00000000 -0.97014248
vn -0.15961738 0.23942606 0.95770425
vn -0.00000000 0.98058069 -0.19611613
vn -0.23942606 0.15961738 -0.95770425
vn 0.55470020 -0.00000000 0.83205032
vn 0.24253562 -0.00000000 0.97014248
vn 0.80000001 -0.00000000 -0.60000002
vn 0.24253562 -0.00000000 -0.97014248
vn -0.28734788 -0.00000000 0.95782626
vn -0.28734788 -0.00000000 -0.95782626
vn 0.55470020 -0.00000000 0.83205032
vn 0.24253562 -0.00000000 0.97014248
vn 0.71713716 0.35856858 -0.59761429
vn 0.27472112 -0.00000000 -0.96152395
vn 1.00000000 -0.00000000 -0.00000000
vn 0.07124705 -0.00000000 0.99745870
vn 0.07124705 -0.00000000 -0.99745870
vn 0.53452247 0.26726124 0.80178374
vn 0.27472112 -0.00000000 0.96152395
vn -0.00000000 -0.00000000 -1.00000000
vn 1.00000000 -0.00000000 -0.00000000
vn -0.00000000 -0.00000000 1.00000000
vn -0.00000000 -0.00000000 -1.00000000
vn -0.00000000 -0.29827499 0.95447999
vn -0.00000000 -0.00000000 -1.00000000
vn 1.00000000 -0.00000000 -0.00000000
vn -0.00000000 -0.00000000 1.00000000
vn -0.00000000 -0.00000000 -1.00000000
vn -0.00000000 -0.70710677 0.70710677
vn -0.71713716 0.35856858 0.59761429
vn -0.00000000 -0.00000000 1.00000000
vn -0.00000000 -0.00000000 -1.00000000
vn 0.87287158 -0.43643579 0.21821789
vn -0.09759001 -0.19518001 0.97590005
vn 0.09759001 -0.19518001 -0.97590005
vn -0.00000000 0.29827499 0.95447999
vn 0.14002801 0.70014006 0.70014006
vn -0.00000000 0.24253562 -0.97014248
vn -0.00000000 -1.00000000 -0.00000000
vn -0.00000000 0.24253562 0.97014248
vn -0.00000000 0.94868332 -0.31622776
vn -0.00000000 1.00000000 -0.00000000
vn -0.00000000 0.94868332 0.31622776
vn 0.95346260 -0.09534626 -0.28603879
vn 0.94072086 -0.18814418 0.28221625
vn 0.93632919 -0.00000000 -0.35112345
vn 0.93632919 -0.35112345 -0.00000000
vn 0.98058069 -0.00000000 0.19611613
vn 0.60920769 -0.50767308 -0.60920769
vn 0.08908708 -0.44543540 -0.89087081
vn 0.12403473 -0.99227786 -0.00000000
vn 0.42163703 -0.52704626 0.73786479
vn -0.08908708 -0.44543540 0.89087081
vn -0.17407766 -0.69631064 -0.69631064
vn -0.20936957 -0.26171196 -0.94216305
vn -0.37463433 -0.65561008 0.65561008
vn -0.20180184 -0.26906911 0.94174188
vn -0.27472112 -0.00000000 -0.96152395
vn -0.27472112 -0.00000000 0.96152395
vn -0.00000000 0.28734788 -0.95782626
vn -0.00000000 0.28734788 0.95782626
vn -0.00000000 0.94868332 -0.31622776
vn -0.00000000 1.00000000 -0.00000000
vn -0.00000000 0.94868332 0.31622776
vn -0.00000000 -0.94868332 -0.31622776
vn -0.00000000 -0.44721359 -0.89442718
vn -0.08304548 -0.99654573 -0.00000000
vn -0.64699662 -0.53916389 0.53916389
vn -0.00000000 -0.98058069 0.19611613
vn -0.23570226 -0.23570226 0.94280905
vn -0.00000000 -0.70710677 -0.70710677
vn -0.00000000 -0.24253562 -0.97014248
vn 0.93704259 0.31234753 -0.15617377
vn 0.21821789 0.43643579 0.87287158
vn -0.00000000 0.98058069 0.19611613
vn 0.23570226 0.23570226 -0.94280905
vn -0.31234753 -0.15617377 0.93704259
vn -0.00000000 -0.00000000 -1.00000000
vn -0.16439898 -0.00000000 0.98639393
vn -0.00000000 0.70710677 0.70710677
vn -0.00000000 -0.00000000 -1.00000000
vn -0.22941573 -0.68824720 0.68824720
vn -0.00000000 -0.27472112 0.96152395
vn -0.00000000 -0.00000000 -1.00000000
vn -0.57735026 -0.57735026 0.57735026
vn -0.66666669 -0.33333334 0.66666669
vn -0.40824831 -0.40824831 0.81649661
vn -0.20180184 -0.26906911 -0.94174188
vn 0.27472112 -0.00000000 0.96152395
vn 0.26906911 0.20180184 -0.94174188
vn -0.78446454 -0.58834839 -0.19611613
vn -0.30151135 -0.90453404 0.30151135
vn 0.15617377 0.31234753 0.93704259
vn 0.57735026 0.57735026 -0.57735026
vn 0.66666669 0.33333334 -0.66666669
vn 0.40824831 0.40824831 -0.81649661
vn 0.70436072 0.35218036 0.61631566
vn 0.40824831 0.40824831 0.81649661
vn 0.46852130 0.62469506 0.62469506
vn 0.31799936 0.84799832 -0.42399916
vn 0.84515423 0.50709254 -0.16903085
vn 0.44721359 0.89442718 -0.00000000
vn 0.89442718 0.44721359 -0.00000000
vn 0.44022545 0.88045090 0.17609018
vn 0.63960212 0.63960212 0.42640144
vn -0.15617377 -0.93704259 -0.31234753
vn 0.15961738 -0.23942606 -0.95770425
vn -0.00000000 -1.00000000 -0.00000000
vn -0.08737040 -0.96107447 0.26211122
vn 0.23942606 -0.15961738 0.95770425
vn 0.24253562 -0.00000000 -0.97014248
vn -0.98639393 -0.00000000 0.16439898
vn 0.24253562 -0.00000000 0.97014248
vn 0.24253562 -0.00000000 -0.97014248
vn -1.00000000 -0.00000000 -0.00000000
vn 0.24253562 -0.00000000 0.97014248
vn 0.27472112 -0.00000000 -0.96152395
vn -1.00000000 -0.00000000 -0.00000000
vn 0.27472112 -0.00000000 0.96152395
vn -0.00000000 -0.00000000 -1.00000000
vn -1.00000000 -0.00000000 -0.00000000
vn -0.00000000 -0.00000000 1.00000000
vn -0.27472112 -0.00000000 -0.96152395
vn -1.00000000 -0.00000000 -0.00000000
vn 0.59628481 0.29814240 0.74535596
vn 0.05547002 -0.00000000 0.99846035
vn -0.27472112 -0.00000000 -0.96152395
vn -0.87287158 -0.43643579 -0.21821789
vn -0.27472112 -0.00000000 0.96152395
vn -0.00000000 0.28734788 -0.95782626
vn -0.00000000 0.28734788 0.95782626
vn -0.00000000 0.94868332 -0.31622776
vn -0.00000000 1.00000000 -0.00000000
vn -0.00000000 0.94868332 0.31622776
vn -0.60131681 -0.60131681 -0.52615219
vn -0.00000000 -0.96476382 -0.26311740
vn -0.25916052 -0.43193421 -0.86386842
vn -0.19611613 -0.98058069 -0.00000000
vn -0.57735026 -0.57735026 0.57735026
vn -0.00000000 -0.98058069 0.19611613
vn -0.18823674 -0.43921906 0.87843812
vn -0.51214755 -0.38411063 -0.76822126
vn -0.00000000 -0.70710677 -0.70710677
vn -0.28221625 -0.18814418 -0.94072086
vn -0.79602975 -0.09950372 0.59702229
vn -0.00000000 -0.70710677 0.70710677
vn -0.18814418 -0.28221625 0.94072086
vn -0.53452247 0.26726124 -0.80178374
vn -0.15961738 0.23942606 -0.95770425
vn 0.89442718 -0.44721359 -0.00000000
vn 0.16439898 -0.00000000 0.98639393
vn 0.50709254 0.84515423 0.16903085
vn 0.16222142 0.16222142 -0.97332853
vn -0.71713716 0.35856858 0.59761429
vn -0.20507579 0.20507579 0.95702028
vn -0.39056674 0.65094453 -0.65094453
vn -0.00000000 0.44721359 -0.89442718
vn 0.36514837 -0.91287094 -0.18257418
vn -0.12674485 0.44360697 0.88721395
vn -0.27216554 0.68041384 0.68041384
vn -0.00000000 0.94868332 -0.31622776
vn -0.00000000 1.00000000 -0.00000000
vn -0.00000000 0.92847669 0.37139067
vn -0.00000000 -0.94868332 -0.31622776
vn -0.00000000 -0.44721359 -0.89442718
vn -0.00000000 -1.00000000 -0.00000000
vn -0.00000000 -0.94868332 0.31622776
vn -0.00000000 -0.44721359 0.89442718
vn -0.00000000 -0.70710677 -0.70710677
vn -0.00000000 -0.24253562 -0.97014248
vn -0.00000000 0.28734788 0.95782626
vn -0.00000000 1.00000000 -0.00000000
vn -0.00000000 0.24253562 -0.97014248
vn -0.00000000 -0.70710677 0.70710677
vn -0.71713716 -0.35856858 0.59761429
vn -0.23570226 -0.23570226 0.94280905
vn -0.00000000 -0.00000000 -1.00000000
vn -0.66666669 -0.33333334 0.66666669
vn -0.26171196 -0.20936957 0.94216305
vn -0.00000000 -0.27472112 -0.96152395
vn -0.00000000 0.29827499 0.95447999
vn -0.00000000 0.29827499 -0.95447999
vn -0.78446454 -0.58834839 -0.19611613
vn -0.00000000 -0.98994946 0.14142136
vn 0.62469506 -0.00000000 0.78086883
vn 0.09759001 0.19518001 0.97590005
vn -0.00000000 0.70710677 0.70710677
vn -0.00000000 0.70710677 -0.70710677
vn 0.66666669 0.33333334 -0.66666669
vn -0.00000000 0.44721359 -0.89442718
vn 0.66666669 0.33333334 0.66666669
vn -0.00000000 0.24253562 0.97014248
vn 0.08247861 0.90726471 -0.41239306
vn 0.84515423 0.50709254 -0.16903085
vn 0.24253562 0.97014248 -0.00000000
vn 0.89442718 0.44721359 -0.00000000
vn 0.18257418 0.91287094 0.36514837
vn 0.63960212 0.63960212 0.42640144
vn -0.95770425 -0.15961738 -0.23942606
vn -0.61885273 -0.72199488 -0.30942637
vn -0.40824831 -0.40824831 -0.81649661
vn -0.97014248 -0.24253562 -0.00000000
vn -0.44721359 -0.89442718 -0.00000000
vn -0.92998111 -0.11624764 0.34874290
vn -0.50709254 -0.84515423 0.16903085
vn -0.43193421 -0.25916052 0.86386842
vn -0.98639393 -0.00000000 -0.16439898
vn -0.57735026 -0.57735026 -0.57735026
vn -0.43921906 -0.18823674 -0.87843812
vn -0.99503720 -0.09950372 -0.00000000
vn -1.00000000 -0.00000000 -0.00000000
vn -0.95782626 -0.00000000 0.28734788
vn -0.44721359 -0.00000000 0.89442718
vn -0.88345224 0.33129457 -0.33129457
vn -0.43643579 0.21821789 -0.87287158
vn -1.00000000 -0.00000000 -0.00000000
vn -1.00000000 -0.00000000 -0.00000000
vn -0.95782626 -0.00000000 0.28734788
vn -0.44721359 -0.00000000 0.89442718
vn -0.45083481 0.63116872 -0.63116872
vn -0.44232586 0.14744195 -0.88465172
vn -0.84799832 0.31799936 -0.42399916
vn -1.00000000 -0.00000000 -0.00000000
vn -0.95782626 -0.00000000 0.28734788
vn -0.44721359 -0.00000000 0.89442718
vn -0.89442718 -0.00000000 -0.44721359
vn -0.43193421 0.25916052 -0.86386842
vn -1.00000000 -0.00000000 -0.00000000
vn -0.98058069 -0.00000000 0.19611613
vn -0.20180184 0.26906911 0.94174188
vn 0.97014248 -0.00000000 -0.24253562
vn -0.36514837 0.91287094 -0.18257418
vn -0.24253562 0.97014248 -0.00000000
vn 1.00000000 -0.00000000 -0.00000000
vn -0.42857143 0.85714287 0.28571430
vn 0.94868332 -0.00000000 0.31622776
vn 0.95782626 -0.00000000 -0.28734788
vn 1.00000000 -0.00000000 -0.00000000
vn 0.93632919 -0.00000000 0.35112345
vn 0.95782626 -0.00000000 -0.28734788
vn 1.00000000 -0.00000000 -0.00000000
vn 0.93632919 -0.00000000 0.35112345
vn 0.88345224 -0.33129457 -0.33129457
vn 0.97014248 -0.24253562 -0.00000000
vn 0.92057461 -0.27617240 0.27617240
vn -0.00000000 -0.94868332 -0.31622776
vn -0.00000000 -0.44721359 -0.89442718
vn -0.00000000 -1.00000000 -0.00000000
vn -0.00000000 -0.94868332 0.31622776
vn -0.00000000 -0.44721359 0.89442718
vn -0.62469506 -0.00000000 -0.78086883
vn -0.00000000 -0.70710677 -0.70710677
vn -0.28221625 -0.18814418 -0.94072086
vn 0.89442718 -0.44721359 -0.00000000
vn 0.16222142 -0.16222142 0.97332853
vn -0.00000000 0.98058069 0.19611613
vn 0.16439898 -0.00000000 -0.98639393
vn -0.00000000 -0.70710677 0.70710677
vn -0.80000001 -0.00000000 0.60000002
vn -0.18814418 -0.28221625 0.94072086
vn -0.53452247 0.26726124 -0.80178374
vn -0.15961738 0.23942606 -0.95770425
vn 0.36514837 -0.91287094 -0.18257418
vn -0.71713716 0.35856858 0.59761429
vn -0.23942606 0.15961738 0.95770425
vn -0.39056674 0.65094453 -0.65094453
vn -0.00000000 0.44721359 -0.89442718
vn -0.00000000 0.44721359 0.89442718
vn -0.22941573 0.68824720 0.68824720
vn -0.00000000 0.94868332 -0.31622776
vn -0.00000000 1.00000000 -0.00000000
vn -0.00000000 0.94868332 0.31622776
vn -0.00000000 -0.94868332 -0.31622776
vn -0.00000000 -0.44721359 -0.89442718
vn -0.00000000 -1.00000000 -0.00000000
vn -0.00000000 -0.94868332 0.31622776
vn -0.00000000 -0.44721359 0.89442718
vn -0.00000000 -0.70710677 -0.70710677
vn -0.00000000 -0.24253562 -0.97014248
vn 0.88465172 0.44232586 -0.14744195
vn 0.07053456 0.14106913 0.98748386
vn -0.00000000 1.00000000 -0.00000000
vn -0.07053456 0.14106913 -0.98748386
vn -0.00000000 -0.70710677 0.70710677
vn -0.00000000 -0.24253562 0.97014248
vn -0.00000000 0.24253562 -0.97014248
vn -0.00000000 -0.28734788 0.95782626
vn -0.00000000 -0.28734788 -0.95782626
vn -0.00000000 -0.00000000 1.00000000
vn -0.00000000 0.70710677 -0.70710677
vn -0.00000000 0.44721359 -0.89442718
vn -0.00000000 -1.00000000 -0.00000000
vn -0.71713716 0.35856858 0.59761429
vn -0.27216554 0.13608277 0.95257932
vn -0.00000000 0.94868332 -0.31622776
vn -0.00000000 1.00000000 -0.00000000
vn -0.00000000 1.00000000 -0.00000000
vn -0.30151135 0.90453404 0.30151135
vn -0.26832816 -0.89442718 -0.35777089
vn -0.14744195 -0.44232586 -0.88465172
vn -0.00000000 -1.00000000 -0.00000000
vn -0.18257418 -0.91287094 0.36514837
vn -0.25916052 -0.43193421 0.86386842
vn -0.27216554 -0.68041384 -0.68041384
vn -0.00000000 -0.27472112 -0.96152395
vn 0.20507579 0.20507579 0.95702028
vn 0.39056674 0.91132236 0.13018891
vn -0.00000000 0.24253562 -0.97014248
vn -0.22941573 -0.68824720 0.68824720
vn -0.00000000 -0.27472112 0.96152395
vn -0.27472112 -0.00000000 -0.96152395
vn 0.27617240 -0.27617240 0.92057461
vn 0.26906911 -0.20180184 -0.94174188
vn -0.31622776 -0.00000000 0.94868332
vn -0.31622776 -0.00000000 -0.94868332
vn 0.44721359 -0.89442718 -0.00000000
vn -0.80000001 -0.00000000 0.60000002
vn -0.44721359 -0.00000000 0.89442718
vn -0.59628481 0.29814240 -0.74535596
vn -0.23570226 0.23570226 -0.94280905
vn -0.71713716 0.35856858 0.59761429
vn -0.28221625 0.18814418 0.94072086
vn -0.44022545 0.88045090 -0.17609018
vn -0.16439898 0.98639393 -0.00000000
vn -0.24253562 0.97014248 -0.00000000
vn -0.07124705 0.99745870 -0.00000000
vn -0.38851434 0.87415725 0.29138577
vn -0.94280905 -0.23570226 -0.23570226
vn -0.13018891 -0.91132236 -0.39056674
vn -0.28221625 -0.18814418 -0.94072086
vn -0.89442718 -0.44721359 -0.00000000
vn -0.44721359 -0.89442718 -0.00000000
vn -0.89442718 -0.44721359 -0.00000000
vn -0.44721359 -0.89442718 -0.00000000
vn -0.89442718 -0.44721359 -0.00000000
vn -0.44721359 -0.89442718 -0.00000000
vn -0.92998111 -0.11624764 0.34874290
vn -0.23570226 -0.94280905 0.23570226
vn -0.18814418 -0.28221625 0.94072086
vn -0.57436651 -0.50257069 -0.64616233
vn -0.43643579 -0.21821789 -0.87287158
vn -0.73960024 -0.18490006 0.64715022
vn -0.24253562 -0.00000000 0.97014248
vn -0.51214755 -0.38411063 -0.76822126
vn -0.39056674 -0.65094453 -0.65094453
vn -0.23570226 -0.23570226 -0.94280905
vn 0.98639393 -0.00000000 -0.16439898
vn 0.44232586 0.14744195 0.88465172
vn 0.76200074 0.63500065 0.12700012
vn 0.43193421 0.25916052 -0.86386842
vn -0.80000001 -0.00000000 0.60000002
vn -0.24253562 -0.00000000 0.97014248
vn -0.61885273 0.30942637 -0.72199488
vn -0.15961738 0.23942606 -0.95770425
vn 1.00000000 -0.00000000 -0.00000000
vn 0.44721359 -0.00000000 0.89442718
vn 0.44721359 -0.00000000 -0.89442718
vn -0.80000001 -0.00000000 0.60000002
vn -0.24253562 -0.00000000 0.97014248
vn -0.63636363 0.54545456 -0.54545456
vn -0.59628481 0.29814240 -0.74535596
vn -0.23570226 0.23570226 -0.94280905
vn 0.87287158 -0.43643579 0.21821789
vn 0.43643579 -0.21821789 0.87287158
vn 0.23570226 -0.23570226 -0.94280905
vn -0.71713716 0.35856858 0.59761429
vn -0.20507579 0.20507579 0.95702028
vn -0.65079135 -0.00000000 -0.75925660
vn -0.24253562 -0.00000000 -0.97014248
vn 0.27216554 -0.95257932 0.13608277
vn -0.16222142 0.16222142 0.97332853
vn -0.27216554 0.68041384 0.68041384
vn -0.92998111 0.11624764 -0.34874290
vn -0.24253562 -0.00000000 -0.97014248
vn -0.99745870 0.07124705 -0.00000000
vn -0.97014248 0.24253562 -0.00000000
vn -0.99805260 -0.06237829 -0.00000000
vn -0.66226619 -0.52981293 0.52981293
vn -0.92998111 0.11624764 0.34874290
vn -0.43193421 -0.25916052 0.86386842
vn -0.93632919 -0.00000000 -0.35112345
vn -0.44721359 -0.00000000 -0.89442718
vn -1.00000000 -0.00000000 -0.00000000
vn -1.00000000 -0.00000000 -0.00000000
vn -1.00000000 -0.00000000 -0.00000000
vn -0.95782626 -0.00000000 0.28734788
vn -0.44721359 -0.00000000 0.89442718
vn -0.88345224 0.33129457 -0.33129457
vn -0.15617377 0.31234753 -0.93704259
vn -1.00000000 -0.00000000 -0.00000000
vn -1.00000000 -0.00000000 -0.00000000
vn -1.00000000 -0.00000000 -0.00000000
vn -0.95782626 -0.00000000 0.28734788
vn -0.44721359 -0.00000000 0.89442718
vn -0.57735026 0.57735026 -0.57735026
vn -0.44444445 0.11111111 -0.88888890
vn -0.89442718 -0.00000000 -0.44721359
vn -0.97014248 -0.24253562 -0.00000000
vn -0.96152395 -0.27472112 -0.00000000
vn -0.94280905 0.23570226 0.23570226
vn -0.43643579 0.21821789 0.87287158
vn -0.00000000 -0.31622776 -0.94868332
vn -0.37463433 0.65561008 0.65561008
vn -0.24253562 -0.00000000 0.97014248
vn -0.00000000 -0.70710677 -0.70710677
vn 0.20507579 -0.20507579 -0.95702028
vn -0.00000000 0.31622776 0.94868332
vn 0.44721359 0.89442718 -0.00000000
vn -0.00000000 0.31622776 -0.94868332
vn -0.22941573 -0.68824720 0.68824720
vn -0.00000000 -0.27472112 0.96152395
vn -0.00000000 0.31622776 -0.94868332
vn 0.87287158 -0.43643579 0.21821789
vn 0.20507579 -0.20507579 0.95702028
vn 0.27216554 -0.13608277 -0.95257932
vn 0.23570226 0.23570226 0.94280905
vn -0.00000000 0.70710677 -0.70710677
vn -0.21821789 0.43643579 -0.87287158
vn 0.36514837 -0.91287094 -0.18257418
vn -0.00000000 0.44721359 0.89442718
vn 0.39056674 0.65094453 0.65094453
vn -0.16329932 0.89814621 -0.40824831
vn -0.24253562 0.97014248 -0.00000000
vn -0.10482848 0.94345635 0.31448546
vn 0.23570226 -0.94280905 -0.23570226
vn 0.21821789 -0.43643579 -0.87287158
vn 0.24253562 -0.97014248 -0.00000000
vn 0.10482848 -0.94345635 0.31448546
vn 0.21821789 -0.43643579 0.87287158
vn -0.00000000 -0.70710677 -0.70710677
vn 0.15961738 -0.23942606 -0.95770425
vn -0.88465172 0.44232586 0.14744195
vn -0.00000000 -0.70710677 0.70710677
vn 0.23942606 -0.15961738 0.95770425
vn 0.28221625 0.18814418 -0.94072086
vn -0.16222142 0.16222142 0.97332853
vn -0.50709254 0.84515423 -0.16903085
vn -0.16439898 -0.00000000 -0.98639393
vn 0.24253562 -0.00000000 0.97014248
vn 0.52615219 0.60131681 -0.60131681
vn 0.25916052 0.43193421 -0.86386842
vn -0.19245009 -0.96225047 0.19245009
vn 0.18814418 0.28221625 0.94072086
vn 0.30151135 0.90453404 -0.30151135
vn -0.00000000 1.00000000 -0.00000000
vn -0.00000000 1.00000000 -0.00000000
vn 0.31234753 0.93704259 0.15617377
vn -0.45584232 -0.68376344 -0.56980288
vn -0.00000000 -0.96476382 -0.26311740
vn -0.31234753 -0.15617377 -0.93704259
vn -0.09950372 -0.99503720 -0.00000000
vn -0.00000000 -1.00000000 -0.00000000
vn -0.08304548 -0.99654573 -0.00000000
vn -0.64699662 -0.53916389 0.53916389
vn -0.00000000 -0.98058069 0.19611613
vn -0.23570226 -0.23570226 0.94280905
vn -0.20180184 -0.26906911 -0.94174188
vn -0.00000000 0.96476382 0.26311740
vn 0.56568545 0.42426407 0.70710677
vn 0.28221625 0.18814418 0.94072086
vn 0.31799936 0.84799832 -0.42399916
vn 0.21821789 0.43643579 -0.87287158
vn -0.00000000 -0.27472112 0.96152395
vn -0.62469506 -0.00000000 -0.78086883
vn -0.27216554 -0.68041384 -0.68041384
vn -0.23570226 -0.23570226 -0.94280905
vn 0.65079135 -0.00000000 0.75925660
vn 0.44721359 -0.00000000 0.89442718
vn 0.27216554 0.68041384 -0.68041384
vn 0.81923193 -0.00000000 -0.57346237
vn 0.15617377 0.31234753 -0.93704259
vn -0.00000000 -0.70710677 0.70710677
vn -0.80000001 -0.00000000 0.60000002
vn -0.18814418 -0.28221625 0.94072086
vn -0.53452247 0.26726124 -0.80178374
vn -0.15961738 0.23942606 -0.95770425
vn 0.81649661 -0.40824831 0.40824831
vn 0.18814418 -0.28221625 0.94072086
vn 0.98287219 -0.18428853 -0.00000000
vn 0.87287158 -0.43643579 -0.21821789
vn 0.23942606 -0.15961738 -0.95770425
vn -0.71713716 0.35856858 0.59761429
vn -0.23942606 0.15961738 0.95770425
vn -0.39056674 0.65094453 -0.65094453
vn -0.00000000 0.44721359 -0.89442718
vn 0.43643579 -0.87287158 0.21821789
vn 0.18428853 -0.98287219 -0.00000000
vn 0.36650833 -0.85518610 -0.36650833
vn -0.00000000 0.44721359 0.89442718
vn -0.22941573 0.68824720 0.68824720
vn -0.29002094 0.67671555 -0.67671555
vn -0.61885273 0.72199488 -0.30942637
vn -0.14744195 0.44232586 -0.88465172
vn -0.89442718 0.44721359 -0.00000000
vn -0.80845207 0.56591648 0.16169041
vn -0.25916052 0.43193421 0.86386842
vn -0.19802950 0.69310325 0.69310325
vn -0.28221625 0.94072086 -0.18814418
vn -0.24253562 0.97014248 -0.00000000
vn -0.25400025 0.88900089 0.38100037
vn -0.88045090 -0.44022545 -0.17609018
vn -0.10482848 -0.94345635 -0.31448546
vn -0.25916052 -0.43193421 -0.86386842
vn -0.89442718 -0.44721359 -0.00000000
vn -0.24253562 -0.97014248 -0.00000000
vn -0.84799832 -0.42399916 0.31799936
vn -0.23570226 -0.94280905 0.23570226
vn -0.14744195 -0.44232586 0.88465172
vn -0.00000000 -0.70710677 -0.70710677
vn -0.00000000 -0.44721359 -0.89442718
vn -0.00000000 -0.70710677 0.70710677
vn -0.00000000 -0.24253562 0.97014248
vn -0.59628481 -0.29814240 -0.74535596
vn -0.00000000 -0.70710677 -0.70710677
vn -0.31234753 -0.15617377 -0.93704259
vn 0.94280905 0.23570226 0.23570226
vn 0.28221625 0.18814418 0.94072086
vn 0.13018891 0.91132236 0.39056674
vn 0.44721359 0.89442718 -0.00000000
vn 0.89442718 0.44721359 -0.00000000
vn 0.23570226 0.94280905 -0.23570226
vn 0.92998111 0.11624764 -0.34874290
vn 0.18814418 0.28221625 -0.94072086
vn -0.27472112 -0.00000000 0.96152395
vn -0.00000000 -0.00000000 -1.00000000
vn 0.46499056 0.34874290 0.81373346
vn 0.44721359 -0.00000000 0.89442718
vn 0.73960024 0.18490006 -0.64715022
vn 0.24253562 -0.00000000 -0.97014248
vn -0.27472112 -0.00000000 0.96152395
vn -0.00000000 0.24253562 -0.97014248
vn 0.55470020 -0.00000000 0.83205032
vn 0.28734788 -0.00000000 0.95782626
vn 0.71713716 -0.35856858 -0.59761429
vn 0.23942606 -0.15961738 -0.95770425
vn -0.00000000 -0.00000000 1.00000000
vn -0.00000000 0.70710677 -0.70710677
vn -0.00000000 0.24253562 -0.97014248
vn 0.61885273 -0.30942637 0.72199488
vn 0.13608277 -0.27216554 0.95257932
vn 0.22941573 -0.68824720 -0.68824720
vn -0.00000000 -0.31622776 -0.94868332
vn -0.00000000 -0.00000000 1.00000000
vn -0.00000000 -0.00000000 -1.00000000
vn 0.63636363 -0.54545456 0.54545456
vn 0.94868332 -0.31622776 -0.00000000
vn 0.44232586 -0.14744195 0.88465172
vn 0.27472112 -0.00000000 -0.96152395
vn -0.66666669 -0.33333334 0.66666669
vn -0.26171196 -0.20936957 0.94216305
vn -0.20180184 -0.26906911 -0.94174188
vn 1.00000000 -0.00000000 -0.00000000
vn 0.43193421 0.25916052 0.86386842
vn 0.44360697 0.12674485 -0.88721395
vn -0.79602975 -0.09950372 0.59702229
vn -0.00000000 -0.70710677 0.70710677
vn -0.18814418 -0.28221625 0.94072086
vn -0.59628481 0.29814240 -0.74535596
vn -0.27216554 -0.68041384 -0.68041384
vn -0.14106913 0.07053456 -0.98748386
vn 0.98639393 -0.00000000 0.16439898
vn 0.44105428 0.16539535 0.88210857
vn 0.57735026 0.57735026 0.57735026
vn 0.98058069 0.19611613 -0.00000000
vn 0.67269158 0.52320457 -0.52320457
vn 0.95782626 -0.00000000 -0.28734788
vn 0.43193421 0.25916052 -0.86386842
vn -0.80000001 -0.00000000 0.60000002
vn -0.24253562 -0.00000000 0.97014248
vn -0.39056674 0.65094453 -0.65094453
vn -0.26906911 0.20180184 -0.94174188
vn 0.88345224 -0.33129457 0.33129457
vn 0.18814418 -0.28221625 0.94072086
vn 1.00000000 -0.00000000 -0.00000000
vn 0.93704259 -0.31234753 -0.15617377
vn 0.43643579 -0.21821789 -0.87287158
vn -0.80000001 -0.00000000 0.60000002
vn -0.24253562 -0.00000000 0.97014248
vn -0.61721343 0.15430336 -0.77151674
vn -0.20180184 0.26906911 -0.94174188
vn 0.49236596 -0.61545748 0.61545748
vn 0.76822126 -0.64018440 -0.00000000
vn 0.23570226 -0.23570226 0.94280905
vn 0.43643579 -0.21821789 -0.87287158
vn 0.39056674 -0.65094453 -0.65094453
vn -0.66666669 0.33333334 0.66666669
vn -0.23942606 0.15961738 0.95770425
vn -0.39056674 0.65094453 -0.65094453
vn -0.23570226 0.23570226 -0.94280905
vn 0.89442718 0.44721359 -0.00000000
vn 0.27472112 -0.00000000 0.96152395
vn 0.31622776 -0.00000000 -0.94868332
vn -0.74420840 -0.24806947 0.62017369
vn -0.32478490 0.25982791 0.90939772
vn -0.45083481 0.63116872 0.63116872
vn 0.71713716 -0.35856858 -0.59761429
vn 0.16222142 -0.16222142 -0.97332853
vn -0.00000000 -0.00000000 1.00000000
vn -0.00000000 -0.00000000 -1.00000000
vn 0.20180184 0.26906911 0.94174188
vn -0.14002801 -0.70014006 -0.70014006
vn -0.00000000 -0.33633640 -0.94174188
vn -0.00000000 -0.27472112 0.96152395
vn -0.00000000 -0.27472112 -0.96152395
vn 0.59628481 0.29814240 0.74535596
vn 0.06967330 0.20901990 0.97542620
vn 0.39056674 0.65094453 0.65094453
vn -0.66666669 0.33333334 -0.66666669
vn -0.20507579 0.20507579 -0.95702028
vn -0.00000000 -1.00000000 -0.00000000
vn -0.31622776 -0.00000000 0.94868332
vn -0.63636363 0.54545456 -0.54545456
vn -0.71713716 0.59761429 -0.35856858
vn -0.14744195 0.44232586 -0.88465172
vn -0.89442718 0.44721359 -0.00000000
vn -0.88045090 0.44022545 0.17609018
vn -0.31234753 0.15617377 0.93704259
vn -0.28221625 0.94072086 -0.18814418
vn -0.24253562 0.97014248 -0.00000000
vn -0.25400025 0.88900089 0.38100037
vn 0.85714287 -0.42857143 -0.28571430
vn 0.89442718 -0.44721359 -0.00000000
vn 0.87287158 -0.43643579 0.21821789
vn 0.79602975 -0.09950372 -0.59702229
vn 0.42857143 -0.28571430 -0.85714287
vn 0.57436651 -0.78975397 -0.21538745
vn 0.44721359 -0.89442718 -0.00000000
vn 0.66666669 -0.66666669 0.33333334
vn 0.59628481 -0.29814240 0.74535596
vn 0.44232586 -0.14744195 0.88465172
vn 0.66666669 0.33333334 -0.66666669
vn 0.43921906 0.18823674 -0.87843812
vn -0.89442718 -0.44721359 -0.00000000
vn 0.55470020 -0.00000000 0.83205032
vn 0.44721359 -0.00000000 0.89442718
vn 0.33333334 0.66666669 -0.66666669
vn 0.71713716 0.35856858 -0.59761429
vn 0.40824831 0.40824831 -0.81649661
vn 0.53452247 0.26726124 0.80178374
vn 0.43193421 0.25916052 0.86386842
vn 0.21821789 0.87287158 -0.43643579
vn 0.25445667 0.93300784 0.25445667
vn -0.00000000 -0.94868332 -0.31622776
vn -0.00000000 -0.44721359 -0.89442718
vn -0.00000000 -1.00000000 -0.00000000
vn -0.00000000 -1.00000000 -0.00000000
vn -0.00000000 -1.00000000 -0.00000000
vn -0.00000000 -0.94868332 0.31622776
vn -0.00000000 -0.24253562 0.97014248
vn -0.59628481 -0.29814240 -0.74535596
vn -0.00000000 -0.70710677 -0.70710677
vn -0.31234753 -0.15617377 -0.93704259
vn -0.19494808 0.43863317 0.87726635
vn -0.00000000 0.98058069 0.19611613
vn -0.09950372 0.99503720 -0.00000000
vn -0.00000000 0.98639393 -0.16439898
vn 0.64699662 0.53916389 -0.53916389
vn -0.07053456 0.14106913 -0.98748386
vn -0.00000000 -0.24253562 0.97014248
vn -0.00000000 -0.00000000 -1.00000000
vn -0.00000000 0.70710677 0.70710677
vn 0.56568545 -0.42426407 0.70710677
vn -0.00000000 -0.00000000 1.00000000
vn -0.00000000 -0.00000000 -1.00000000
vn -0.00000000 -0.70710677 0.70710677
vn -0.00000000 -0.24253562 0.97014248
vn -0.00000000 0.24253562 -0.97014248
vn 0.14002801 -0.70014006 0.70014006
vn -0.00000000 -0.44721359 0.89442718
vn -0.00000000 -0.24253562 -0.97014248
vn -0.00000000 0.24253562 0.97014248
vn -0.00000000 0.70710677 -0.70710677
vn -0.00000000 0.44721359 -0.89442718
vn 0.08804509 -0.70436072 0.70436072
vn 0.44444445 -0.88888890 0.11111111
vn -0.08908708 -0.44543540 0.89087081
vn 0.08908708 -0.44543540 -0.89087081
vn -0.08804509 -0.70436072 -0.70436072
vn -0.00000000 0.44721359 0.89442718
vn -0.00000000 0.70710677 0.70710677
vn -0.00000000 0.70710677 -0.70710677
vn -0.00000000 0.44721359 -0.89442718
vn -0.00000000 -1.00000000 -0.00000000
vn -0.00000000 0.44721359 0.89442718
vn -0.00000000 0.70710677 0.70710677
vn -0.00000000 0.94868332 -0.31622776
vn -0.00000000 1.00000000 -0.00000000
vn -0.00000000 0.94868332 0.31622776
vn -0.00000000 -0.94868332 -0.31622776
vn -0.00000000 -0.44721359 -0.89442718
vn -0.00000000 -1.00000000 -0.00000000
vn -0.00000000 -0.94868332 0.31622776
vn -0.00000000 -0.44721359 0.89442718
vn -0.00000000 -0.70710677 -0.70710677
vn -0.00000000 -0.44721359 -0.89442718
vn 0.88465172 0.44232586 -0.14744195
vn 0.08908708 0.44543540 0.89087081
vn -0.00000000 1.00000000 -0.00000000
vn -0.08908708 0.44543540 -0.89087081
vn -0.00000000 -0.70710677 0.70710677
vn -0.00000000 -0.44721359 0.89442718
vn -0.00000000 -0.70710677 -0.70710677
vn -0.00000000 -0.24253562 -0.97014248
vn -0.00000000 0.44721359 0.89442718
vn -0.00000000 0.70710677 0.70710677
vn -0.00000000 0.70710677 -0.70710677
vn -0.00000000 0.24253562 -0.97014248
vn -0.00000000 -0.70710677 0.70710677
vn -0.80000001 -0.00000000 0.60000002
vn 0.16222142 -0.16222142 0.97332853
vn -0.00000000 -0.00000000 -1.00000000
vn 0.59628481 -0.29814240 0.74535596
vn -0.00000000 -0.00000000 1.00000000
vn -0.00000000 0.70710677 0.70710677
vn -0.00000000 -0.00000000 -1.00000000
vn -0.71713716 0.35856858 0.59761429
vn -0.28221625 0.18814418 0.94072086
vn -0.00000000 0.24253562 -0.97014248
vn 0.14002801 -0.70014006 0.70014006
vn -0.00000000 -0.29827499 0.95447999
vn -0.23570226 -0.23570226 -0.94280905
vn -0.00000000 0.27472112 0.96152395
vn -0.22941573 0.68824720 0.68824720
vn -0.00000000 0.70710677 -0.70710677
vn -0.00000000 0.24253562 -0.97014248
vn -0.31622776 -0.00000000 0.94868332
vn -0.39056674 -0.65094453 -0.65094453
vn -0.00000000 -0.27472112 -0.96152395
vn -0.00000000 -0.00000000 1.00000000
vn -0.00000000 -0.27472112 -0.96152395
vn 0.62469506 -0.00000000 0.78086883
vn -0.00000000 -0.00000000 1.00000000
vn -0.00000000 0.27472112 -0.96152395
vn -0.00000000 -0.24253562 0.97014248
vn -0.59628481 -0.29814240 -0.74535596
vn -0.00000000 -0.70710677 -0.70710677
vn -0.31234753 -0.15617377 -0.93704259
vn 0.66666669 0.33333334 0.66666669
vn 0.23076923 0.30769232 0.92307693
vn -0.00000000 0.70710677 -0.70710677
vn 0.66666669 0.33333334 -0.66666669
vn 0.18823674 0.43921906 -0.87843812
vn -0.00000000 -0.70710677 0.70710677
vn -0.00000000 -0.24253562 0.97014248
vn -0.00000000 -0.00000000 -1.00000000
vn -0.00000000 0.70710677 0.70710677
vn 0.55470020 -0.00000000 0.83205032
vn -0.00000000 -0.00000000 1.00000000
vn -0.00000000 0.70710677 -0.70710677
vn 0.79602975 0.09950372 -0.59702229
vn 0.18814418 0.28221625 -0.94072086
vn -0.00000000 -0.00000000 1.00000000
vn -0.61721343 0.15430336 -0.77151674
vn -0.20507579 0.20507579 -0.95702028
vn -0.00000000 -0.70710677 0.70710677
vn -0.00000000 -0.44721359 0.89442718
vn 0.66666669 -0.33333334 -0.66666669
vn 0.23942606 -0.15961738 -0.95770425
vn -0.00000000 -0.00000000 1.00000000
vn -0.39056674 0.65094453 -0.65094453
vn -0.00000000 0.31622776 -0.94868332
vn -0.00000000 -0.70710677 0.70710677
vn -0.00000000 -0.24253562 0.97014248
vn 0.68376344 -0.45584232 -0.56980288
vn 0.28571430 -0.42857143 -0.85714287
vn 0.45083481 -0.63116872 -0.63116872
vn -0.00000000 0.24253562 0.97014248
vn -0.62469506 -0.00000000 -0.78086883
vn -0.27472112 -0.00000000 -0.96152395
vn -0.00000000 -0.00000000 1.00000000
vn 0.22941573 -0.68824720 -0.68824720
vn -0.00000000 -0.27472112 -0.96152395
vn -0.00000000 0.44721359 0.89442718
vn -0.00000000 0.70710677 0.70710677
vn -0.53452247 -0.26726124 -0.80178374
vn -0.27472112 -0.00000000 -0.96152395
vn -0.00000000 -0.00000000 1.00000000
vn -0.00000000 -0.00000000 -1.00000000
vn 0.62469506 -0.00000000 0.78086883
vn 0.20507579 -0.20507579 0.95702028
vn -0.00000000 0.70710677 0.70710677
vn -0.00000000 -0.00000000 -1.00000000
vn 0.33633640 -0.00000000 0.94174188
vn 0.33633640 -0.00000000 -0.94174188
vn -0.75257671 -0.00000000 0.65850461
vn 0.17407766 -0.69631064 0.69631064
vn -0.15617377 -0.31234753 0.93704259
vn -0.00000000 0.24253562 -0.97014248
vn 0.87287158 -0.43643579 0.21821789
vn 0.23570226 -0.23570226 0.94280905
vn 0.31234753 -0.15617377 -0.93704259
vn -0.71713716 0.35856858 0.59761429
vn -0.23942606 0.15961738 0.95770425
vn -0.00000000 0.70710677 -0.70710677
vn -0.00000000 0.44721359 -0.89442718
vn 0.36514837 -0.91287094 -0.18257418
vn -0.00000000 0.44721359 0.89442718
vn -0.22941573 0.68824720 0.68824720
vn -0.00000000 0.94868332 -0.31622776
vn -0.00000000 1.00000000 -0.00000000
vn -0.00000000 0.94868332 0.31622776
vn 0.95346260 -0.09534626 -0.28603879
vn 0.97014248 -0.24253562 -0.00000000
vn 0.94280905 -0.23570226 0.23570226
vn 0.91287094 0.36514837 -0.18257418
vn 1.00000000 -0.00000000 -0.00000000
vn 0.93632919 -0.00000000 0.35112345
vn 0.80812204 0.50507629 -0.30304575
vn 0.91168463 0.22792116 0.34188172
vn -0.00000000 -0.98058069 -0.19611613
vn 0.21821789 -0.43643579 -0.87287158
vn 0.08304548 -0.99654573 -0.00000000
vn -0.00000000 -1.00000000 -0.00000000
vn 0.09950372 -0.99503720 -0.00000000
vn -0.00000000 -0.96476382 0.26311740
vn 0.27216554 -0.13608277 0.95257932
vn -0.00000000 -0.70710677 -0.70710677
vn 0.15961738 -0.23942606 -0.95770425
vn -0.57735026 0.57735026 0.57735026
vn -0.40824831 0.40824831 0.81649661
vn -0.57735026 0.80829036 -0.11547005
vn -0.45584232 0.68376344 -0.56980288
vn -0.40824831 0.40824831 -0.81649661
vn -0.00000000 -0.31622776 0.94868332
vn 0.24253562 -0.00000000 -0.97014248
vn -0.74420840 -0.24806947 0.62017369
vn -0.43328911 0.24759379 0.86657822
vn -0.63636363 0.54545456 0.54545456
vn -0.49236596 0.61545748 -0.61545748
vn -0.20507579 0.20507579 -0.95702028
vn -0.00000000 -0.70710677 0.70710677
vn 0.23942606 -0.15961738 0.95770425
vn 0.28221625 0.18814418 -0.94072086
vn -0.28221625 -0.18814418 0.94072086
vn -0.18814418 -0.28221625 -0.94072086
vn 0.18814418 0.28221625 0.94072086
vn 0.22941573 0.68824720 -0.68824720
vn -0.00000000 0.44721359 -0.89442718
vn -0.38851434 -0.87415725 0.29138577
vn -0.44444445 -0.88888890 -0.11111111
vn -0.00000000 -1.00000000 -0.00000000
vn -0.44022545 -0.88045090 -0.17609018
vn -0.00000000 0.44721359 0.89442718
vn 0.39056674 0.65094453 0.65094453
vn 0.19802950 0.69310325 -0.69310325
vn 0.25916052 0.43193421 -0.86386842
vn 0.14744195 0.44232586 0.88465172
vn 0.29002094 0.67671555 0.67671555
vn 0.30151135 0.90453404 -0.30151135
vn -0.00000000 1.00000000 -0.00000000
vn 0.31234753 0.93704259 0.15617377
vn 0.23570226 -0.94280905 -0.23570226
vn 0.14744195 -0.44232586 -0.88465172
vn 0.24253562 -0.97014248 -0.00000000
vn 0.10482848 -0.94345635 0.31448546
vn 0.21821789 -0.43643579 0.87287158
vn -0.00000000 -0.70710677 -0.70710677
vn -0.00000000 -0.44721359 -0.89442718
vn -0.88465172 0.44232586 0.14744195
vn -0.00000000 -0.70710677 0.70710677
vn 0.31234753 -0.15617377 0.93704259
vn -0.00000000 -0.70710677 -0.70710677
vn 0.15961738 -0.23942606 -0.95770425
vn -0.18814418 0.28221625 0.94072086
vn -0.23570226 0.94280905 0.23570226
vn -0.44721359 0.89442718 -0.00000000
vn -0.13018891 0.91132236 -0.39056674
vn -0.23942606 0.15961738 -0.95770425
vn 0.59628481 -0.29814240 0.74535596
vn 0.20180184 -0.26906911 0.94174188
vn 0.24253562 -0.00000000 -0.97014248
vn -0.71713716 -0.35856858 0.59761429
vn -0.44721359 -0.00000000 0.89442718
vn -0.15617377 -0.31234753 -0.93704259
vn 0.39056674 -0.65094453 0.65094453
vn 0.16439898 -0.00000000 0.98639393
vn 0.28221625 0.18814418 -0.94072086
vn -0.23570226 -0.23570226 0.94280905
vn -0.59628481 -0.29814240 -0.74535596
vn -0.57735026 -0.57735026 -0.57735026
vn -0.44360697 -0.12674485 -0.88721395
vn -0.00000000 0.27472112 0.96152395
vn 0.39056674 0.65094453 0.65094453
vn 0.22941573 0.68824720 -0.68824720
vn -0.00000000 0.27472112 -0.96152395
vn -0.39056674 -0.65094453 0.65094453
vn -0.80000001 -0.00000000 0.60000002
vn -0.43643579 -0.21821789 0.87287158
vn -0.27472112 -0.00000000 -0.96152395
vn 0.29827499 -0.00000000 0.95447999
vn -0.00000000 -0.27472112 -0.96152395
vn -0.71713716 0.35856858 0.59761429
vn -0.23570226 0.23570226 0.94280905
vn -0.00000000 0.31622776 -0.94868332
vn -0.00000000 -0.31622776 0.94868332
vn -0.00000000 -0.70710677 -0.70710677
vn 0.15961738 -0.23942606 -0.95770425
vn -0.15617377 0.31234753 0.93704259
vn -0.27216554 0.68041384 0.68041384
vn -0.00000000 0.70710677 -0.70710677
vn -0.21821789 0.43643579 -0.87287158
vn -0.00000000 -0.70710677 0.70710677
vn 0.27216554 -0.13608277 0.95257932
vn 0.24253562 -0.00000000 -0.97014248
vn -0.71713716 -0.35856858 0.59761429
vn -0.44721359 -0.00000000 0.89442718
vn -0.00000000 0.70710677 -0.70710677
vn -0.23942606 0.15961738 -0.95770425
vn -0.00000000 -0.00000000 1.00000000
vn 0.28221625 0.18814418 -0.94072086
vn -0.00000000 -0.28734788 0.95782626
vn -0.18814418 -0.28221625 -0.94072086
vn -0.00000000 -0.00000000 1.00000000
vn 0.22941573 0.68824720 -0.68824720
vn -0.00000000 0.27472112 -0.96152395
vn -0.00000000 -0.70710677 0.70710677
vn -0.00000000 -0.24253562 0.97014248
vn -0.33333334 -0.66666669 -0.66666669
vn -0.18823674 -0.43921906 -0.87843812
vn 0.23570226 0.23570226 0.94280905
vn -0.00000000 -0.00000000 -1.00000000
vn -0.00000000 -0.00000000 1.00000000
vn -0.39056674 -0.65094453 -0.65094453
vn -0.00000000 -0.27472112 -0.96152395
vn -0.00000000 0.31622776 0.94868332
vn 0.39056674 0.65094453 0.65094453
vn -0.00000000 -0.00000000 -1.00000000
vn -0.00000000 0.27472112 0.96152395
vn -0.00000000 0.27472112 -0.96152395
vn -0.71713716 -0.35856858 0.59761429
vn -0.29827499 -0.00000000 0.95447999
vn -0.00000000 -0.00000000 -1.00000000
vn 0.59628481 -0.29814240 0.74535596
vn 0.19518001 -0.09759001 0.97590005
vn -0.00000000 0.70710677 0.70710677
vn -0.00000000 0.70710677 -0.70710677
vn 0.68376344 -0.45584232 -0.56980288
vn 0.19518001 0.09759001 -0.97590005
vn -0.00000000 -0.00000000 1.00000000
vn -0.00000000 0.24253562 -0.97014248
vn 0.39056674 -0.65094453 0.65094453
vn -0.00000000 -0.44721359 0.89442718
vn 0.22941573 -0.68824720 -0.68824720
vn -0.00000000 -0.44721359 -0.89442718
vn -0.00000000 0.24253562 0.97014248
vn -0.00000000 0.70710677 -0.70710677
vn -0.00000000 0.44721359 -0.89442718
vn -0.00000000 -1.00000000 -0.00000000
vn -0.00000000 0.44721359 0.89442718
vn -0.00000000 0.70710677 0.70710677
vn -0.00000000 0.94868332 -0.31622776
vn -0.00000000 1.00000000 -0.00000000
vn -0.00000000 0.94868332 0.31622776
vn 0.57735026 -0.57735026 -0.57735026
vn 0.40824831 -0.40824831 -0.81649661
vn 0.38851434 -0.87415725 -0.29138577
vn 0.24253562 -0.97014248 -0.00000000
vn 0.34815532 -0.87038827 0.34815532
vn 0.45584232 -0.68376344 0.56980288
vn 0.40824831 -0.40824831 0.81649661
vn 0.79602975 -0.09950372 -0.59702229
vn 0.42857143 -0.28571430 -0.85714287
vn 0.50767308 -0.60920769 -0.60920769
vn -0.99503720 -0.00000000 0.09950372
vn 0.29002094 -0.67671555 0.67671555
vn 0.23570226 -0.23570226 0.94280905
vn 0.80000001 -0.00000000 -0.60000002
vn 0.44721359 -0.00000000 -0.89442718
vn -0.95782626 -0.00000000 0.28734788
vn -0.89442718 0.44721359 -0.00000000
vn -0.98058069 -0.00000000 -0.19611613
vn 0.62469506 -0.00000000 0.78086883
vn 0.44721359 -0.00000000 0.89442718
vn 0.71713716 0.35856858 -0.59761429
vn 0.44721359 -0.00000000 -0.89442718
vn -0.70224690 -0.11704115 0.70224690
vn -0.24253562 -0.00000000 0.97014248
vn -0.70710677 0.70710677 -0.00000000
vn -0.24253562 -0.00000000 -0.97014248
vn -0.49236596 0.12309149 -0.86164045
vn 0.53452247 0.26726124 0.80178374
vn 0.44721359 -0.00000000 0.89442718
vn 0.28221625 0.18814418 -0.94072086
vn -0.00000000 -1.00000000 -0.00000000
vn 0.18814418 0.28221625 0.94072086
vn 0.38851434 0.87415725 -0.29138577
vn 0.17277369 0.95025527 -0.25916052
vn 0.64699662 0.53916389 -0.53916389
vn 0.40824831 0.40824831 -0.81649661
vn 0.45584232 0.68376344 0.56980288
vn 0.40824831 0.40824831 0.81649661
vn 0.26832816 0.89442718 0.35777089
vn 0.44022545 0.88045090 0.17609018
vn 0.27216554 0.95257932 -0.13608277
vn 0.84799832 -0.42399916 -0.31799936
vn 0.89442718 -0.44721359 -0.00000000
vn 0.87287158 -0.43643579 0.21821789
vn 0.23570226 -0.94280905 -0.23570226
vn 0.18814418 -0.28221625 -0.94072086
vn 0.44721359 -0.89442718 -0.00000000
vn 0.44721359 -0.89442718 -0.00000000
vn 0.66666669 -0.66666669 0.33333334
vn 0.52981293 -0.52981293 0.66226619
vn 0.40824831 -0.40824831 0.81649661
vn 0.80000001 -0.00000000 -0.60000002
vn 0.44721359 -0.00000000 -0.89442718
vn -0.95346260 0.09534626 0.28603879
vn -0.97014248 0.24253562 -0.00000000
vn -0.96308684 0.12038586 -0.24077171
vn 0.39056674 -0.65094453 0.65094453
vn 0.23570226 -0.23570226 0.94280905
vn 0.80000001 -0.00000000 -0.60000002
vn 0.44721359 -0.00000000 -0.89442718
vn -0.95782626 -0.00000000 0.28734788
vn -1.00000000 -0.00000000 -0.00000000
vn -0.92057461 -0.27617240 -0.27617240
vn 0.59628481 0.29814240 0.74535596
vn 0.44721359 -0.00000000 0.89442718
vn 0.71713716 0.35856858 -0.59761429
vn 0.44721359 -0.00000000 -0.89442718
vn -0.91287094 -0.36514837 0.18257418
vn -0.84799832 -0.31799936 -0.42399916
vn 0.15617377 0.31234753 0.93704259
vn 0.24253562 -0.00000000 -0.97014248
vn -0.97332853 0.16222142 0.16222142
vn 0.59628481 -0.29814240 0.74535596
vn 0.44721359 -0.00000000 0.89442718
vn 0.57735026 0.57735026 0.57735026
vn 0.28734788 -0.00000000 -0.95782626
vn -0.15617377 0.31234753 0.93704259
vn -0.50709254 0.84515423 -0.16903085
vn -0.23570226 0.23570226 -0.94280905
vn 0.29002094 -0.67671555 0.67671555
vn 0.26906911 -0.20180184 0.94174188
vn 0.80000001 -0.00000000 -0.60000002
vn 0.44721359 -0.00000000 -0.89442718
vn -0.80000001 -0.00000000 0.60000002
vn -0.44721359 -0.00000000 0.89442718
vn -0.66666669 0.33333334 -0.66666669
vn -0.43643579 0.21821789 -0.87287158
vn 0.59628481 -0.29814240 0.74535596
vn 0.20180184 -0.26906911 0.94174188
vn 0.80000001 -0.00000000 -0.60000002
vn 0.28734788 -0.00000000 -0.95782626
vn -0.71713716 0.35856858 0.59761429
vn -0.44232586 0.14744195 0.88465172
vn -0.68599433 0.51449573 -0.51449573
vn -0.61721343 0.15430336 -0.77151674
vn -0.44232586 0.14744195 -0.88465172
vn 0.27216554 -0.68041384 0.68041384
vn 0.20507579 -0.20507579 0.95702028
vn 0.71713716 0.35856858 -0.59761429
vn 0.27472112 -0.00000000 -0.96152395
vn -0.16222142 0.16222142 0.97332853
vn -0.49236596 0.61545748 0.61545748
vn -0.66666669 -0.33333334 -0.66666669
vn -0.43193421 -0.25916052 -0.86386842
vn 0.15617377 0.31234753 0.93704259
vn -0.00000000 -0.00000000 -1.00000000
vn -0.33333334 -0.66666669 0.66666669
vn -0.26906911 -0.20180184 0.94174188
vn -0.45584232 -0.56980288 -0.68376344
vn -0.57735026 -0.57735026 -0.57735026
vn -0.44444445 -0.11111111 -0.88888890
vn 0.39056674 0.65094453 0.65094453
vn 0.61721343 0.15430336 0.77151674
vn 0.26906911 0.20180184 0.94174188
vn -0.00000000 -0.00000000 -1.00000000
vn -0.00000000 -0.00000000 1.00000000
vn -0.00000000 -0.00000000 -1.00000000
vn -0.00000000 -0.00000000 1.00000000
vn -0.00000000 -0.00000000 -1.00000000
vn 0.23570226 0.23570226 0.94280905
vn 0.31234753 0.15617377 -0.93704259
vn -0.00000000 -0.00000000 1.00000000
vn -0.00000000 -0.00000000 -1.00000000
vn -0.00000000 0.07124705 0.99745870
vn 0.39056674 0.65094453 0.65094453
vn 0.22941573 0.68824720 -0.68824720
vn -0.29617444 0.11846977 -0.94775820
vn -0.00000000 -0.00000000 1.00000000
vn -0.00000000 0.24253562 -0.97014248
vn -0.19802950 -0.69310325 0.69310325
vn -0.25916052 -0.43193421 0.86386842
vn -0.46852130 -0.62469506 -0.62469506
vn -0.18823674 -0.43921906 -0.87843812
vn -0.00000000 0.24253562 0.97014248
vn -0.00000000 0.70710677 -0.70710677
vn -0.00000000 0.44721359 -0.89442718
vn -0.36514837 -0.91287094 0.18257418
vn -0.00000000 0.44721359 0.89442718
vn -0.00000000 0.70710677 0.70710677
vn -0.00000000 0.94868332 -0.31622776
vn -0.00000000 1.00000000 -0.00000000
vn -0.00000000 0.94868332 0.31622776
vn 0.85714287 -0.42857143 -0.28571430
vn 0.89442718 -0.44721359 -0.00000000
vn 0.87287158 -0.43643579 0.21821789
vn 0.79602975 -0.09950372 -0.59702229
vn -0.00000000 -0.29827499 -0.95447999
vn 0.30151135 -0.90453404 -0.30151135
vn -0.00000000 -1.00000000 -0.00000000
vn -0.07432941 -0.89195299 0.44597650
vn 0.59628481 -0.29814240 0.74535596
vn -0.00000000 -0.24253562 0.97014248
vn 0.80000001 -0.00000000 -0.60000002
vn -0.07124705 -0.00000000 -0.99745870
vn 0.55470020 -0.00000000 0.83205032
vn -0.00000000 -0.00000000 1.00000000
vn 0.80000001 -0.00000000 -0.60000002
vn 0.28734788 -0.00000000 -0.95782626
vn -0.00000000 0.07124705 0.99745870
vn 0.44721359 0.89442718 -0.00000000
vn -0.00000000 0.07124705 -0.99745870
vn 0.55470020 -0.00000000 0.83205032
vn -0.07124705 -0.00000000 0.99745870
vn 0.71713716 0.35856858 -0.59761429
vn 0.20507579 0.20507579 -0.95702028
vn -0.00000000 -1.00000000 -0.00000000
vn 0.53452247 0.26726124 0.80178374
vn 0.27617240 0.27617240 0.92057461
vn 0.09245003 0.92450035 -0.36980012
vn -0.00000000 1.00000000 -0.00000000
vn 0.44444445 0.88888890 0.11111111
vn 0.11111111 0.88888890 0.44444445
vn 0.92998111 -0.11624764 -0.34874290
vn 0.89442718 -0.44721359 -0.00000000
vn 0.89442718 -0.44721359 -0.00000000
vn 0.94072086 -0.18814418 0.28221625
vn 0.73960024 -0.18490006 -0.64715022
vn 0.43193421 -0.25916052 -0.86386842
vn 0.50709254 -0.84515423 -0.16903085
vn 0.61885273 -0.72199488 0.30942637
vn 0.70436072 -0.61631566 0.35218036
vn 0.40824831 -0.40824831 0.81649661
vn 0.98058069 -0.00000000 0.19611613
vn 0.81923193 -0.00000000 -0.57346237
vn 0.44232586 0.14744195 -0.88465172
vn 0.64699662 -0.53916389 0.53916389
vn 0.57469577 -0.28734788 0.76626104
vn 0.44543540 0.08908708 0.89087081
vn 0.95346260 0.09534626 -0.28603879
vn 0.54882127 0.76834983 -0.32929277
vn 0.98639393 0.16439898 -0.00000000
vn 0.44721359 0.89442718 -0.00000000
vn 0.99227786 -0.12403473 -0.00000000
vn 0.50709254 0.84515423 0.16903085
vn 0.99654573 0.08304548 -0.00000000
vn 0.84799832 0.42399916 0.31799936
vn 0.93632919 -0.00000000 -0.35112345
vn 0.87287158 -0.43643579 -0.21821789
vn 0.40824831 -0.40824831 -0.81649661
vn 0.76200074 -0.63500065 0.12700012
vn 0.53452247 -0.26726124 0.80178374
vn 0.40824831 -0.40824831 0.81649661
vn 0.73960024 -0.18490006 -0.64715022
vn 0.43193421 -0.25916052 -0.86386842
vn 0.49236596 -0.61545748 -0.61545748
vn -0.93704259 -0.31234753 0.15617377
vn 0.63636363 -0.54545456 0.54545456
vn 0.52981293 -0.52981293 0.66226619
vn 0.40824831 -0.40824831 0.81649661
vn 0.71713716 -0.35856858 -0.59761429
vn 0.44232586 -0.14744195 -0.88465172
vn -0.99227786 -0.00000000 -0.12403473
vn 0.49236596 -0.61545748 0.61545748
vn 0.23570226 -0.23570226 0.94280905
vn 0.49236596 -0.61545748 -0.61545748
vn 0.13608277 -0.27216554 -0.95257932
vn -0.94573247 0.07881104 0.31524417
vn -0.98058069 -0.00000000 -0.19611613
vn 0.62469506 -0.00000000 0.78086883
vn 0.44721359 -0.00000000 0.89442718
vn 0.27472112 -0.00000000 -0.96152395
vn -0.93704259 -0.31234753 0.15617377
vn -0.99227786 0.12403473 -0.00000000
vn -0.92057461 -0.27617240 -0.27617240
vn 0.53452247 0.26726124 0.80178374
vn 0.44721359 -0.00000000 0.89442718
vn -0.00000000 -0.00000000 -1.00000000
vn -0.94868332 -0.31622776 -0.00000000
vn 0.27472112 -0.00000000 0.96152395
vn -0.00000000 -0.00000000 -1.00000000
vn -0.00000000 0.44721359 0.89442718
vn -0.44721359 0.89442718 -0.00000000
vn -0.00000000 0.44721359 -0.89442718
vn -0.00000000 -0.00000000 1.00000000
vn -0.00000000 -0.00000000 -1.00000000
vn 0.59628481 0.29814240 0.74535596
vn 0.31234753 0.15617377 0.93704259
vn -0.00000000 0.70710677 0.70710677
vn -0.00000000 0.70710677 -0.70710677
vn 0.76822126 -0.00000000 -0.64018440
vn 0.09901475 -0.09901475 -0.99014753
vn -0.00000000 -0.00000000 1.00000000
vn -0.00000000 -0.00000000 -1.00000000
vn -0.00000000 -0.24253562 0.97014248
vn -0.18823674 -0.43921906 -0.87843812
vn -0.74278134 -0.37139067 -0.55708599
vn -0.00000000 -0.70710677 -0.70710677
vn -0.00000000 -0.00000000 1.00000000
vn -0.00000000 0.24253562 -0.97014248
vn -0.00000000 -0.91914505 0.39391929
vn -0.48154342 -0.84270096 -0.24077171
vn -0.00000000 -0.97439122 -0.22485951
vn -0.00000000 0.27472112 0.96152395
vn -0.00000000 0.70710677 -0.70710677
vn -0.00000000 0.44721359 -0.89442718
vn -0.14744195 0.44232586 0.88465172
vn -0.00000000 0.70710677 0.70710677
vn -0.00000000 0.94868332 -0.31622776
vn -0.00000000 1.00000000 -0.00000000
vn -0.00000000 0.92847669 0.37139067
vn -0.86657822 -0.43328911 -0.24759379
vn -0.10482848 -0.94345635 -0.31448546
vn -0.25916052 -0.43193421 -0.86386842
vn -0.89442718 -0.44721359 -0.00000000
vn -0.24253562 -0.97014248 -0.00000000
vn -0.85714287 -0.42857143 0.28571430
vn -0.38851434 -0.87415725 0.29138577
vn -0.40824831 -0.40824831 0.81649661
vn -0.51214755 -0.38411063 -0.76822126
vn -0.00000000 -0.70710677 -0.70710677
vn -0.28221625 -0.18814418 -0.94072086
vn -0.79602975 -0.09950372 0.59702229
vn -0.11704115 -0.70224690 0.70224690
vn -0.15617377 -0.31234753 0.93704259
vn -0.53452247 0.26726124 -0.80178374
vn -0.13608277 0.27216554 -0.95257932
vn 0.88465172 0.44232586 -0.14744195
vn 0.26906911 0.20180184 0.94174188
vn 0.61721343 0.77151674 0.15430336
vn 0.43921906 0.18823674 -0.87843812
vn -0.80000001 -0.00000000 0.60000002
vn -0.24253562 -0.00000000 0.97014248
vn -0.39056674 0.65094453 -0.65094453
vn -0.23862000 0.17896500 -0.95447999
vn -0.00000000 -0.24253562 0.97014248
vn -0.00000000 -0.28734788 -0.95782626
vn -0.71713716 0.35856858 0.59761429
vn -0.23942606 0.15961738 0.95770425
vn -0.00000000 0.28734788 -0.95782626
vn -0.00000000 -1.00000000 -0.00000000
vn -0.00000000 0.44721359 0.89442718
vn -0.22941573 0.68824720 0.68824720
vn -0.00000000 0.94868332 -0.31622776
vn -0.00000000 1.00000000 -0.00000000
vn -0.00000000 0.94868332 0.31622776
vn 0.95346260 -0.09534626 -0.28603879
vn 0.94072086 -0.18814418 0.28221625
vn 0.91168463 0.34188172 -0.22792116
vn 0.98639393 0.16439898 -0.00000000
vn 0.96225047 0.19245009 0.19245009
vn 0.99503720 -0.00000000 -0.09950372
vn 0.97014248 -0.00000000 -0.24253562
vn 0.98058069 -0.19611613 -0.00000000
vn 0.97014248 -0.00000000 0.24253562
vn 0.92847669 -0.00000000 -0.37139067
vn 0.96152395 -0.27472112 -0.00000000
vn 0.94174188 -0.33633640 -0.00000000
vn 0.98058069 -0.00000000 0.19611613
vn 0.95782626 -0.00000000 -0.28734788
vn 0.79555726 -0.55689007 -0.23866719
vn 0.08908708 -0.44543540 -0.89087081
vn 0.07881104 -0.94573247 -0.31524417
vn 0.54882127 -0.76834983 0.32929277
vn 0.46499056 -0.34874290 0.81373346
vn 0.23570226 -0.23570226 0.94280905
vn 0.60920769 -0.50767308 -0.60920769
vn -0.00000000 -0.44721359 -0.89442718
vn -0.00000000 -0.70710677 -0.70710677
vn 0.55470020 -0.00000000 0.83205032
vn -0.07124705 -0.00000000 0.99745870
vn -0.00000000 -0.70710677 -0.70710677
vn -0.00000000 -0.29827499 -0.95447999
vn 0.53452247 -0.26726124 0.80178374
vn -0.09759001 -0.19518001 0.97590005
vn -0.00000000 -0.00000000 -1.00000000
vn 0.14744195 0.44232586 0.88465172
vn 0.64018440 0.76822126 -0.00000000
vn -0.00000000 0.31622776 -0.94868332
vn 0.14002801 -0.70014006 0.70014006
vn -0.00000000 -0.29827499 0.95447999
vn -0.00000000 -0.00000000 -1.00000000
vn -0.00000000 0.27472112 0.96152395
vn 0.39056674 0.65094453 0.65094453
vn -0.59628481 -0.29814240 -0.74535596
vn -0.29827499 -0.00000000 -0.95447999
vn -0.00000000 -0.00000000 1.00000000
vn -0.00000000 -0.00000000 -1.00000000
vn -0.31234753 -0.15617377 0.93704259
vn -0.00000000 -0.00000000 -1.00000000
vn -0.00000000 -0.00000000 1.00000000
vn -0.00000000 0.24253562 -0.97014248
vn 0.10050378 -0.70352650 0.70352650
vn 0.54944223 -0.82416338 0.13736056
vn 0.12674485 -0.44360697 0.88721395
vn 0.44444445 -0.11111111 -0.88888890
vn -0.00000000 -0.00000000 1.00000000
vn -0.00000000 0.70710677 -0.70710677
vn -0.00000000 0.44721359 -0.89442718
vn 0.30151135 -0.90453404 -0.30151135
vn -0.71713716 0.35856858 0.59761429
vn -0.27216554 0.13608277 0.95257932
vn -0.00000000 0.94868332 -0.31622776
vn -0.00000000 1.00000000 -0.00000000
vn -0.00000000 1.00000000 -0.00000000
vn -0.30151135 0.90453404 0.30151135
vn -0.00000000 -0.94868332 -0.31622776
vn -0.00000000 -0.44721359 -0.89442718
vn -0.00000000 -1.00000000 -0.00000000
vn -0.00000000 -1.00000000 -0.00000000
vn -0.64699662 -0.53916389 0.53916389
vn -0.00000000 -0.98639393 0.16439898
vn 0.07053456 -0.14106913 0.98748386
vn -0.00000000 -0.70710677 -0.70710677
vn -0.00000000 -0.24253562 -0.97014248
vn 0.88465172 0.44232586 0.14744195
vn 0.07053456 0.14106913 0.98748386
vn -0.12038586 0.96308684 0.24077171
vn 0.12038586 0.96308684 -0.24077171
vn 0.93632919 -0.00000000 -0.35112345
vn -0.09759001 0.19518001 -0.97590005
vn -0.00000000 -0.00000000 1.00000000
vn -0.00000000 -0.00000000 -1.00000000
vn -0.00000000 -0.00000000 1.00000000
vn 0.70224690 -0.11704115 -0.70224690
vn 0.09759001 -0.19518001 -0.97590005
vn -0.00000000 -0.00000000 1.00000000
vn -0.59628481 0.29814240 -0.74535596
vn -0.20507579 0.20507579 -0.95702028
vn -0.00000000 -0.24253562 0.97014248
vn -0.14002801 -0.70014006 -0.70014006
vn -0.00000000 -0.44721359 -0.89442718
vn -0.00000000 0.27472112 0.96152395
vn -0.39056674 0.65094453 -0.65094453
vn -0.00000000 0.44721359 -0.89442718
vn -0.00000000 -1.00000000 -0.00000000
vn -0.21821789 0.43643579 0.87287158
vn -0.00000000 0.70710677 0.70710677
vn -0.20628425 0.92827910 -0.30942637
vn -0.24253562 0.97014248 -0.00000000
vn -0.10482848 0.94345635 0.31448546
vn -0.60131681 -0.60131681 -0.52615219
vn -0.23076923 -0.92307693 -0.30769232
vn -0.40824831 -0.40824831 -0.81649661
vn -0.09950372 -0.99503720 -0.00000000
vn -0.18257418 -0.91287094 0.36514837
vn -0.21821789 -0.43643579 0.87287158
vn -0.45584232 -0.56980288 -0.68376344
vn -0.27216554 -0.68041384 -0.68041384
vn -0.26906911 -0.20180184 -0.94174188
vn -0.14002801 -0.70014006 0.70014006
vn -0.80000001 -0.00000000 0.60000002
vn -0.15617377 -0.31234753 0.93704259
vn -0.00000000 -0.00000000 -1.00000000
vn 0.46499056 0.81373346 0.34874290
vn 0.96308684 0.12038586 0.24077171
vn 0.23570226 0.23570226 0.94280905
vn 0.50709254 0.84515423 -0.16903085
vn 0.86386842 0.43193421 -0.25916052
vn 0.43921906 0.18823674 -0.87843812
vn -0.71713716 -0.35856858 0.59761429
vn -0.27472112 -0.00000000 0.96152395
vn -0.00000000 -0.00000000 -1.00000000
vn 0.42163703 0.52704626 0.73786479
vn -0.00000000 -0.00000000 1.00000000
vn -0.00000000 -0.00000000 -1.00000000
vn -0.00000000 -0.00000000 1.00000000
vn -0.00000000 -0.00000000 -1.00000000
vn -0.23570226 -0.23570226 0.94280905
vn -0.27472112 -0.00000000 -0.96152395
vn 0.29827499 -0.00000000 0.95447999
vn -0.00000000 -0.00000000 -1.00000000
vn -0.39056674 -0.65094453 0.65094453
vn -0.71713716 -0.35856858 0.59761429
vn -0.43643579 -0.21821789 0.87287158
vn -0.23076923 0.30769232 -0.92307693
vn -0.00000000 -0.00000000 1.00000000
vn -0.00000000 0.24253562 -0.97014248
vn -0.28221625 -0.18814418 0.94072086
vn -0.14002801 0.70014006 -0.70014006
vn 0.71713716 -0.35856858 -0.59761429
vn -0.00000000 -0.00000000 -1.00000000
vn -0.00000000 -0.00000000 1.00000000
vn -0.00000000 0.70710677 -0.70710677
vn -0.00000000 0.44721359 -0.89442718
vn -0.25400025 -0.88900089 0.38100037
vn 0.09759001 -0.97590005 -0.19518001
vn 0.23570226 0.23570226 0.94280905
vn -0.00000000 0.94868332 -0.31622776
vn -0.00000000 1.00000000 -0.00000000
vn -0.00000000 1.00000000 -0.00000000
vn 0.31234753 0.93704259 0.15617377
vn 0.23570226 -0.94280905 -0.23570226
vn 0.21821789 -0.43643579 -0.87287158
vn 0.24253562 -0.97014248 -0.00000000
vn 0.34815532 -0.87038827 0.34815532
vn 0.45584232 -0.68376344 0.56980288
vn 0.40824831 -0.40824831 0.81649661
vn -0.00000000 -0.70710677 -0.70710677
vn 0.15961738 -0.23942606 -0.95770425
vn -0.86386842 0.43193421 0.25916052
vn -0.96308684 0.12038586 -0.24077171
vn 0.19802950 -0.69310325 0.69310325
vn 0.23862000 -0.17896500 0.95447999
vn 0.27472112 -0.00000000 -0.96152395
vn -0.17896500 0.23862000 0.95447999
vn -0.70014006 0.70014006 -0.14002801
vn -0.44232586 0.14744195 -0.88465172
vn -0.49236596 0.12309149 -0.86164045
vn -0.00000000 -0.00000000 1.00000000
vn -0.00000000 0.31622776 -0.94868332
vn -0.00000000 -0.31622776 0.94868332
vn 0.30578831 -0.25482360 -0.91736495
vn -0.00000000 -0.00000000 1.00000000
vn -0.00000000 0.70710677 -0.70710677
vn -0.28221625 0.18814418 -0.94072086
vn -0.00000000 -1.00000000 -0.00000000
vn -0.66666669 0.33333334 0.66666669
vn -0.27216554 0.13608277 0.95257932
vn -0.81649661 0.40824831 -0.40824831
vn -0.44022545 0.17609018 -0.88045090
vn -0.89442718 0.44721359 -0.00000000
vn -0.84515423 0.50709254 0.16903085
vn -0.28571430 0.42857143 0.85714287
vn -0.45083481 0.63116872 0.63116872
vn -0.36760733 0.88225752 -0.29408586
vn -0.27472112 0.96152395 -0.00000000
vn -0.36650833 0.85518610 0.36650833
vn -0.96225047 -0.19245009 -0.19245009
vn -0.46499056 -0.81373346 -0.34874290
vn -0.23570226 -0.23570226 -0.94280905
vn -0.97014248 -0.24253562 -0.00000000
vn -0.44721359 -0.89442718 -0.00000000
vn -0.92998111 -0.11624764 0.34874290
vn -0.44022545 -0.88045090 0.17609018
vn -0.15617377 -0.31234753 0.93704259
vn -0.93632919 -0.00000000 -0.35112345
vn -0.24253562 -0.00000000 -0.97014248
vn -1.00000000 -0.00000000 -0.00000000
vn -0.95782626 -0.00000000 0.28734788
vn -0.24253562 -0.00000000 0.97014248
vn -0.85714287 0.28571430 -0.42857143
vn -0.13608277 0.27216554 -0.95257932
vn -0.97014248 0.24253562 -0.00000000
vn -0.94072086 0.28221625 0.18814418
vn -0.20507579 0.20507579 0.95702028
vn -0.44022545 0.88045090 -0.17609018
vn -0.44721359 0.89442718 -0.00000000
vn -0.36650833 0.85518610 0.36650833
vn -0.45584232 -0.68376344 -0.56980288
vn -0.00000000 -0.96476382 -0.26311740
vn -0.31234753 -0.15617377 -0.93704259
vn -0.09950372 -0.99503720 -0.00000000
vn -0.00000000 -1.00000000 -0.00000000
vn -0.00000000 -1.00000000 -0.00000000
vn -0.64699662 -0.53916389 0.53916389
vn -0.00000000 -0.98639393 0.16439898
vn 0.07053456 -0.14106913 0.98748386
vn -0.00000000 -0.00000000 -1.00000000
vn 0.09759001 0.97590005 0.19518001
vn 0.91287094 0.36514837 0.18257418
vn 0.07053456 0.14106913 0.98748386
vn 0.09950372 0.99503720 -0.00000000
vn 0.89442718 0.44721359 -0.00000000
vn 0.19245009 0.96225047 -0.19245009
vn 0.93632919 -0.00000000 -0.35112345
vn -0.09759001 0.19518001 -0.97590005
vn -0.00000000 -0.00000000 1.00000000
vn -0.00000000 -0.00000000 -1.00000000
vn -0.00000000 -0.31622776 0.94868332
vn 0.70224690 -0.11704115 -0.70224690
vn 0.09759001 -0.19518001 -0.97590005
vn -0.00000000 -0.00000000 1.00000000
vn -0.00000000 -0.00000000 -1.00000000
vn -0.00000000 -0.70710677 0.70710677
vn -0.81923193 -0.00000000 0.57346237
vn -0.14744195 -0.44232586 0.88465172
vn -0.14002801 -0.70014006 -0.70014006
vn -0.00000000 -0.44721359 -0.89442718
vn -0.00000000 0.27472112 0.96152395
vn 0.27472112 -0.00000000 -0.96152395
vn -0.88045090 -0.44022545 0.17609018
vn -0.31622776 -0.94868332 -0.00000000
vn -0.93632919 -0.00000000 -0.35112345
vn 0.59628481 -0.29814240 0.74535596
vn 0.16222142 -0.16222142 0.97332853
vn -0.00000000 0.70710677 0.70710677
vn 0.24253562 -0.00000000 -0.97014248
vn -0.97014248 -0.24253562 -0.00000000
vn 0.39056674 -0.65094453 0.65094453
vn 0.20507579 -0.20507579 0.95702028
vn 0.28221625 0.18814418 -0.94072086
vn -0.94280905 -0.23570226 0.23570226
vn -0.96225047 -0.19245009 -0.19245009
vn 0.15617377 0.31234753 0.93704259
vn 0.33333334 0.66666669 -0.66666669
vn 0.25916052 0.43193421 -0.86386842
vn 0.57735026 0.57735026 0.57735026
vn 0.61721343 0.15430336 0.77151674
vn 0.40824831 0.40824831 0.81649661
vn 0.25400025 0.88900089 -0.38100037
vn 0.24253562 0.97014248 -0.00000000
vn 0.25445667 0.93300784 0.25445667
vn 0.85714287 -0.42857143 -0.28571430
vn 0.89442718 -0.44721359 -0.00000000
vn 0.87287158 -0.43643579 0.21821789
vn 0.79602975 -0.09950372 -0.59702229
vn 0.43328911 -0.24759379 -0.86657822
vn 0.41015157 -0.88866168 -0.20507579
vn 0.44721359 -0.89442718 -0.00000000
vn 0.54494923 -0.77849895 0.31139958
vn 0.52981293 -0.52981293 0.66226619
vn 0.40824831 -0.40824831 0.81649661
vn 0.71713716 -0.35856858 -0.59761429
vn 0.23570226 -0.23570226 -0.94280905
vn -0.89087081 0.44543540 -0.08908708
vn 0.33333334 -0.66666669 0.66666669
vn -0.00000000 -0.27472112 0.96152395
vn 0.27216554 -0.68041384 -0.68041384
vn 0.20180184 -0.26906911 -0.94174188
vn -0.20180184 0.26906911 0.94174188
vn -0.34188172 0.91168463 0.22792116
vn -0.09759001 0.97590005 -0.19518001
vn 0.69631064 -0.17407766 -0.69631064
vn -0.00000000 -0.00000000 -1.00000000
vn -0.00000000 -0.00000000 1.00000000
vn -0.62469506 -0.00000000 -0.78086883
vn -0.31622776 -0.00000000 -0.94868332
vn 0.78446454 -0.58834839 0.19611613
vn 0.23570226 -0.23570226 0.94280905
vn 0.28571430 -0.42857143 -0.85714287
vn 0.10050378 -0.70352650 -0.70352650
vn -0.00000000 0.24253562 0.97014248
vn -0.61885273 0.30942637 -0.72199488
vn -0.15961738 0.23942606 -0.95770425
vn 0.36514837 -0.91287094 -0.18257418
vn -0.00000000 0.44721359 0.89442718
vn -0.00000000 0.70710677 0.70710677
vn -0.63636363 0.54545456 -0.54545456
vn -0.88345224 0.33129457 -0.33129457
vn -0.23570226 0.23570226 -0.94280905
vn -0.90453404 0.30151135 0.30151135
vn -0.44543540 0.08908708 0.89087081
vn -0.22941573 0.68824720 0.68824720
vn -0.88345224 -0.33129457 -0.33129457
vn -0.27472112 -0.00000000 -0.96152395
vn -0.94868332 -0.31622776 -0.00000000
vn -0.49236596 -0.61545748 0.61545748
vn -0.92057461 -0.27617240 0.27617240
vn -0.20180184 -0.26906911 0.94174188
vn -0.00000000 -0.00000000 -1.00000000
vn -0.00000000 -0.00000000 1.00000000
vn -0.00000000 -0.00000000 -1.00000000
vn 0.89442718 -0.44721359 -0.00000000
vn -0.09901475 0.09901475 0.99014753
vn 0.50709254 0.84515423 0.16903085
vn -0.20507579 0.20507579 -0.95702028
vn -0.00000000 -0.00000000 1.00000000
vn -0.31622776 -0.00000000 -0.94868332
vn -0.00000000 -1.00000000 -0.00000000
vn -0.31622776 -0.00000000 0.94868332
vn -0.92998111 0.11624764 -0.34874290
vn -0.44721359 -0.00000000 -0.89442718
vn -0.97014248 0.24253562 -0.00000000
vn -0.94072086 0.18814418 0.28221625
vn -0.44721359 -0.00000000 0.89442718
vn -0.85714287 0.28571430 -0.42857143
vn -0.43643579 0.21821789 -0.87287158
vn -0.97014248 0.24253562 -0.00000000
vn -0.94072086 0.28221625 0.18814418
vn -0.44232586 0.14744195 0.88465172
vn -0.36760733 0.88225752 -0.29408586
vn -0.44721359 0.89442718 -0.00000000
vn -0.54882127 0.76834983 0.32929277
vn -0.00000000 -0.98058069 -0.19611613
vn 0.20507579 -0.20507579 -0.95702028
vn 0.08304548 -0.99654573 -0.00000000
vn -0.00000000 -1.00000000 -0.00000000
vn 0.26832816 -0.89442718 0.35777089
vn 0.45584232 -0.68376344 0.56980288
vn 0.12674485 -0.44360697 0.88721395
vn -0.00000000 -0.00000000 -1.00000000
vn -0.64699662 0.53916389 0.53916389
vn -0.40824831 0.40824831 0.81649661
vn -0.57735026 0.80829036 -0.11547005
vn -0.56568545 0.42426407 -0.70710677
vn -0.44360697 0.12674485 -0.88721395
vn 0.27216554 -0.68041384 0.68041384
vn 0.23862000 -0.17896500 0.95447999
vn -0.00000000 -0.00000000 -1.00000000
vn -0.16222142 0.16222142 0.97332853
vn -0.27216554 0.68041384 0.68041384
vn -0.53452247 -0.26726124 -0.80178374
vn -0.31622776 -0.00000000 -0.94868332
vn -0.00000000 -0.00000000 1.00000000
vn -0.00000000 0.29827499 -0.95447999
vn -0.22941573 -0.68824720 0.68824720
vn -0.00000000 -0.44721359 0.89442718
vn -0.00000000 -0.27472112 -0.96152395
vn -0.00000000 0.24253562 0.97014248
vn -0.00000000 0.70710677 -0.70710677
vn 0.80000001 -0.00000000 -0.60000002
vn -0.16222142 0.16222142 -0.97332853
vn -0.00000000 -1.00000000 -0.00000000
vn -0.00000000 0.28734788 0.95782626
vn -0.00000000 0.70710677 0.70710677
vn 0.81923193 -0.00000000 -0.57346237
vn 0.23570226 0.23570226 -0.94280905
vn 0.70710677 -0.00000000 0.70710677
vn 0.26906911 0.20180184 0.94174188
vn 0.88045090 0.44022545 -0.17609018
vn 0.42640144 0.63960212 -0.63960212
vn 0.94868332 -0.00000000 -0.31622776
vn 0.40824831 0.40824831 -0.81649661
vn 0.97014248 -0.00000000 0.24253562
vn 0.40824831 0.40824831 0.81649661
vn 0.37463433 0.65561008 0.65561008
vn 0.84799832 0.42399916 0.31799936
vn 0.76626104 0.57469577 -0.28734788
vn 0.70014006 0.70014006 -0.14002801
vn 0.98287219 0.18428853 -0.00000000
vn 0.63960212 0.63960212 0.42640144
vn 0.64699662 -0.53916389 -0.53916389
vn 0.40824831 -0.40824831 -0.81649661
vn 0.57735026 -0.80829036 0.11547005
vn 0.45584232 -0.68376344 0.56980288
vn 0.40824831 -0.40824831 0.81649661
vn 0.49236596 -0.61545748 -0.61545748
vn 0.20180184 -0.26906911 -0.94174188
vn 0.49872935 -0.85496461 0.14249410
vn 0.13018891 -0.91132236 0.39056674
vn 0.23942606 -0.15961738 0.95770425
vn 0.71713716 -0.35856858 -0.59761429
vn 0.26906911 -0.20180184 -0.94174188
vn -0.87287158 0.43643579 0.21821789
vn -0.97014248 -0.00000000 -0.24253562
vn 0.24253562 -0.00000000 0.97014248
vn 0.27216554 -0.68041384 -0.68041384
vn 0.13608277 -0.27216554 -0.95257932
vn -0.20901990 0.06967330 0.97542620
vn -0.44721359 0.89442718 -0.00000000
vn -0.18428853 -0.00000000 -0.98287219
vn 0.18814418 0.28221625 0.94072086
vn 0.28221625 0.18814418 -0.94072086
vn -0.49236596 -0.86164045 0.12309149
vn -0.00000000 0.31622776 0.94868332
vn 0.39056674 0.65094453 0.65094453
vn 0.22941573 0.68824720 -0.68824720
vn -0.00000000 0.27472112 -0.96152395
vn -0.71713716 -0.35856858 0.59761429
vn -0.29827499 -0.00000000 0.95447999
vn -0.00000000 -0.00000000 -1.00000000
vn -0.00000000 -0.00000000 1.00000000
vn -0.00000000 -0.00000000 -1.00000000
vn 0.98639393 -0.00000000 -0.16439898
vn 0.12309149 -0.12309149 0.98473191
vn 0.50709254 0.84515423 0.16903085
vn -0.12309149 0.12309149 -0.98473191
vn -0.00000000 -0.00000000 1.00000000
vn -0.00000000 -0.27472112 -0.96152395
vn -0.87287158 -0.43643579 0.21821789
vn 0.19245009 -0.96225047 -0.19245009
vn -0.00000000 -0.27472112 0.96152395
vn -0.62469506 -0.00000000 -0.78086883
vn -0.00000000 -0.70710677 -0.70710677
vn -0.28221625 -0.18814418 -0.94072086
vn -0.00000000 -0.70710677 0.70710677
vn -0.80000001 -0.00000000 0.60000002
vn -0.18814418 -0.28221625 0.94072086
vn -0.55470020 -0.00000000 -0.83205032
vn -0.24253562 -0.00000000 -0.97014248
vn 0.89442718 -0.44721359 -0.00000000
vn 0.44721359 -0.00000000 0.89442718
vn 0.57735026 0.80829036 0.11547005
vn 0.44543540 0.08908708 -0.89087081
vn -0.80000001 -0.00000000 0.60000002
vn -0.24253562 -0.00000000 0.97014248
vn -0.61885273 0.30942637 -0.72199488
vn -0.13608277 0.27216554 -0.95257932
vn 0.49236596 -0.86164045 0.12309149
vn -0.81923193 -0.00000000 0.57346237
vn -0.24253562 -0.00000000 0.97014248
vn -0.63636363 0.54545456 -0.54545456
vn -0.71713716 0.59761429 -0.35856858
vn -0.40824831 0.40824831 -0.81649661
vn -0.89442718 0.44721359 -0.00000000
vn -0.94174188 0.33633640 -0.00000000
vn -0.87287158 0.43643579 0.21821789
vn -0.23942606 0.15961738 0.95770425
vn -0.25445667 0.93300784 -0.25445667
vn -0.24253562 0.97014248 -0.00000000
vn -0.24253562 0.97014248 -0.00000000
vn -0.25400025 0.88900089 0.38100037
vn 0.64699662 -0.53916389 -0.53916389
vn 0.40824831 -0.40824831 -0.81649661
vn 0.38851434 -0.87415725 -0.29138577
vn 0.24253562 -0.97014248 -0.00000000
vn 0.10482848 -0.94345635 0.31448546
vn 0.31234753 -0.15617377 0.93704259
vn 0.19802950 -0.69310325 -0.69310325
vn -0.00000000 -0.27472112 -0.96152395
vn -0.89442718 0.44721359 -0.00000000
vn 0.59628481 -0.29814240 0.74535596
vn 0.23570226 -0.23570226 0.94280905
vn -0.00000000 -0.00000000 -1.00000000
vn -0.74420840 -0.24806947 0.62017369
vn -0.32478490 0.25982791 0.90939772
vn -0.64699662 0.75482941 0.10783277
vn -0.00000000 0.27472112 -0.96152395
vn 0.39056674 -0.65094453 0.65094453
vn -0.00000000 -0.27472112 0.96152395
vn -0.00000000 -0.00000000 -1.00000000
vn -0.00000000 -0.00000000 1.00000000
vn -0.00000000 -0.00000000 -1.00000000
vn -0.00000000 0.27472112 0.96152395
vn -0.59628481 0.29814240 -0.74535596
vn -0.20507579 0.20507579 -0.95702028
vn 0.87287158 -0.43643579 0.21821789
vn 0.20507579 -0.20507579 0.95702028
vn 0.27216554 -0.13608277 -0.95257932
vn -0.15961738 0.23942606 0.95770425
vn -0.00000000 0.70710677 0.70710677
vn -0.39056674 0.65094453 -0.65094453
vn -0.00000000 0.44721359 -0.89442718
vn 0.36514837 -0.91287094 -0.18257418
vn -0.23570226 0.23570226 0.94280905
vn 0.10482848 0.94345635 -0.31448546
vn -0.00000000 1.00000000 -0.00000000
vn 0.44444445 0.88888890 0.11111111
vn 0.11111111 0.88888890 0.44444445
vn 0.99503720 -0.00000000 -0.09950372
vn 0.92057461 -0.27617240 -0.27617240
vn 0.89442718 -0.44721359 -0.00000000
vn 0.95447999 -0.29827499 -0.00000000
vn 0.94280905 -0.23570226 0.23570226
vn 0.44022545 -0.88045090 -0.17609018
vn 0.20180184 -0.26906911 -0.94174188
vn 0.44721359 -0.89442718 -0.00000000
vn 0.61885273 -0.72199488 0.30942637
vn 0.46499056 -0.34874290 0.81373346
vn 0.44232586 -0.14744195 0.88465172
vn 0.80000001 -0.00000000 -0.60000002
vn 0.31622776 -0.00000000 -0.94868332
vn -1.00000000 -0.00000000 -0.00000000
vn 0.53452247 0.26726124 0.80178374
vn 0.44721359 -0.00000000 0.89442718
vn 0.71713716 0.35856858 -0.59761429
vn 0.27472112 -0.00000000 -0.96152395
vn 0.23210354 0.29012942 0.92841417
vn 0.98639393 -0.00000000 -0.16439898
vn -0.44721359 0.89442718 -0.00000000
vn 0.11846977 0.29617444 -0.94775820
vn -0.00000000 -0.00000000 1.00000000
vn -0.00000000 -0.00000000 -1.00000000
vn 1.00000000 -0.00000000 -0.00000000
vn -0.00000000 -0.00000000 1.00000000
vn -0.00000000 -0.00000000 -1.00000000
vn -0.00000000 -0.00000000 1.00000000
vn -0.00000000 -0.00000000 -1.00000000
vn 1.00000000 -0.00000000 -0.00000000
vn 0.11846977 -0.29617444 0.94775820
vn 0.15961738 -0.23942606 -0.95770425
vn -0.00000000 -0.00000000 1.00000000
vn -0.00000000 -0.00000000 -1.00000000
vn -0.87287158 -0.43643579 0.21821789
vn 0.19245009 -0.96225047 -0.19245009
vn -0.00000000 -0.00000000 1.00000000
vn -0.00000000 -0.24253562 -0.97014248
vn -0.00000000 -0.24253562 0.97014248
vn -0.00000000 -0.70710677 -0.70710677
vn -0.00000000 -0.24253562 -0.97014248
vn -0.00000000 -0.70710677 0.70710677
vn -0.00000000 -0.24253562 0.97014248
vn -0.00000000 -0.00000000 -1.00000000
vn 0.70224690 0.11704115 0.70224690
vn -0.00000000 -0.00000000 1.00000000
vn -0.00000000 0.98639393 0.16439898
vn 0.09950372 0.99503720 -0.00000000
vn -0.00000000 0.98058069 -0.19611613
vn 0.80845207 0.16169041 -0.56591648
vn 0.18814418 0.28221625 -0.94072086
vn -0.00000000 -0.00000000 1.00000000
vn -0.00000000 -0.00000000 -1.00000000
vn 0.50767308 -0.60920769 0.60920769
vn 0.84799832 -0.42399916 0.31799936
vn 0.12674485 -0.44360697 0.88721395
vn 0.87287158 -0.43643579 -0.21821789
vn -0.00000000 -0.16439898 -0.98639393
vn -0.00000000 -0.00000000 1.00000000
vn -0.59628481 0.29814240 -0.74535596
vn -0.20507579 0.20507579 -0.95702028
vn 0.34188172 -0.91168463 0.22792116
vn -0.19245009 -0.96225047 -0.19245009
vn -0.00000000 0.24253562 0.97014248
vn -0.31234753 0.93704259 -0.15617377
vn -0.00000000 1.00000000 -0.00000000
vn -0.00000000 1.00000000 -0.00000000
vn -0.00000000 1.00000000 -0.00000000
vn -0.00000000 0.94868332 0.31622776
vn 0.84799832 -0.42399916 -0.31799936
vn 0.89442718 -0.44721359 -0.00000000
vn 0.88045090 -0.44022545 0.17609018
vn -0.00000000 -0.94868332 -0.31622776
vn -0.00000000 -0.24253562 -0.97014248
vn 0.27472112 -0.96152395 -0.00000000
vn 0.24253562 -0.97014248 -0.00000000
vn 0.36650833 -0.85518610 0.36650833
vn -0.00000000 -0.44721359 0.89442718
vn -0.00000000 -0.00000000 -1.00000000
vn 0.20507579 0.20507579 0.95702028
vn 0.39056674 0.91132236 0.13018891
vn -0.00000000 0.24253562 -0.97014248
vn -0.00000000 -0.70710677 0.70710677
vn -0.00000000 -0.24253562 0.97014248
vn -0.00000000 -0.00000000 -1.00000000
vn 0.27472112 -0.00000000 0.96152395
vn 0.27472112 -0.00000000 -0.96152395
vn -0.00000000 -0.00000000 1.00000000
vn -0.00000000 0.24253562 -0.97014248
vn -0.00000000 -0.28734788 0.95782626
vn 0.23570226 -0.23570226 -0.94280905
vn -0.80000001 -0.00000000 0.60000002
vn -0.27472112 -0.00000000 0.96152395
vn -0.00000000 0.70710677 -0.70710677
vn -0.00000000 0.44721359 -0.89442718
vn -0.00000000 -0.98994946 -0.14142136
vn -0.71713716 0.35856858 0.59761429
vn -0.23942606 0.15961738 0.95770425
vn -0.00000000 0.94868332 -0.31622776
vn -0.00000000 1.00000000 -0.00000000
vn -0.00000000 1.00000000 -0.00000000
vn -0.30151135 0.90453404 0.30151135
vn 0.84799832 -0.42399916 -0.31799936
vn 0.89442718 -0.44721359 -0.00000000
vn 0.94280905 -0.23570226 0.23570226
vn 0.44022545 -0.88045090 -0.17609018
vn 0.17896500 -0.23862000 -0.95447999
vn 0.61885273 -0.72199488 0.30942637
vn 0.42163703 -0.52704626 0.73786479
vn 0.40824831 -0.40824831 0.81649661
vn -0.00000000 -0.00000000 -1.00000000
vn -0.97332853 -0.16222142 0.16222142
vn 0.19802950 -0.69310325 0.69310325
vn 0.20507579 -0.20507579 0.95702028
vn -0.00000000 -0.00000000 -1.00000000
vn -1.00000000 -0.00000000 -0.00000000
vn 0.24253562 -0.00000000 0.97014248
vn 0.27472112 -0.00000000 -0.96152395
vn -0.87287158 -0.43643579 -0.21821789
vn 0.24253562 -0.00000000 0.97014248
vn 0.24253562 -0.00000000 -0.97014248
vn 0.24253562 -0.00000000 0.97014248
vn 0.28583097 -0.28583097 -0.91465914
vn 0.23570226 -0.23570226 0.94280905
vn -0.00000000 -0.70710677 -0.70710677
vn 0.20507579 -0.20507579 -0.95702028
vn -0.00000000 -0.70710677 0.70710677
vn 0.27216554 -0.13608277 0.95257932
vn -0.00000000 -0.00000000 -1.00000000
vn -0.76200074 -0.12700012 0.63500065
vn -0.43643579 0.21821789 0.87287158
vn -0.38851434 0.87415725 0.29138577
vn -0.10482848 0.94345635 -0.31448546
vn -0.16222142 -0.16222142 -0.97332853
vn -0.00000000 -0.00000000 1.00000000
vn -0.00000000 -0.00000000 -1.00000000
vn -0.28221625 -0.18814418 0.94072086
vn -0.59628481 -0.29814240 -0.74535596
vn -0.57735026 -0.57735026 -0.57735026
vn -0.40824831 -0.40824831 -0.81649661
vn -0.00000000 -0.00000000 1.00000000
vn 0.31234753 0.15617377 -0.93704259
vn -0.31622776 -0.94868332 -0.00000000
vn 0.23570226 0.23570226 0.94280905
vn 0.30151135 0.90453404 -0.30151135
vn -0.00000000 1.00000000 -0.00000000
vn -0.00000000 1.00000000 -0.00000000
vn -0.00000000 1.00000000 -0.00000000
vn 0.31234753 0.93704259 0.15617377
vn -0.00000000 -0.94868332 -0.31622776
vn -0.00000000 -0.24253562 -0.97014248
vn -0.00000000 -1.00000000 -0.00000000
vn -0.00000000 -1.00000000 -0.00000000
vn -0.00000000 -0.94868332 0.31622776
vn -0.00000000 -0.44721359 0.89442718
vn -0.00000000 -0.00000000 -1.00000000
vn 0.52981293 0.52981293 0.66226619
vn 0.09759001 0.19518001 0.97590005
vn -0.19245009 0.96225047 0.19245009
vn -0.00000000 0.91914505 -0.39391929
vn -0.21821789 0.43643579 -0.87287158
vn -0.00000000 -0.70710677 0.70710677
vn -0.00000000 -0.24253562 0.97014248
vn -0.00000000 -0.00000000 -1.00000000
vn 0.53452247 -0.26726124 0.80178374
vn -0.09759001 -0.19518001 0.97590005
vn -0.00000000 0.70710677 -0.70710677
vn 0.80000001 -0.00000000 -0.60000002
vn 0.18814418 0.28221625 -0.94072086
vn -0.00000000 -0.00000000 1.00000000
vn -0.00000000 0.24253562 -0.97014248
vn 0.14002801 -0.70014006 0.70014006
vn -0.00000000 -0.44721359 0.89442718
vn 0.71713716 -0.35856858 -0.59761429
vn -0.00000000 -0.16439898 -0.98639393
vn -0.00000000 -0.00000000 1.00000000
vn -0.00000000 0.70710677 -0.70710677
vn -0.00000000 0.44721359 -0.89442718
vn -0.00000000 -0.91914505 0.39391929
vn -0.08192319 -0.98307830 -0.16384639
vn -0.00000000 0.24253562 0.97014248
vn -0.00000000 0.94868332 -0.31622776
vn -0.00000000 1.00000000 -0.00000000
vn -0.00000000 1.00000000 -0.00000000
vn -0.00000000 0.94868332 0.31622776
vn 0.84799832 -0.42399916 -0.31799936
vn 0.87287158 -0.43643579 0.21821789
vn 0.44022545 -0.88045090 -0.17609018
vn 0.13608277 -0.27216554 -0.95257932
vn 0.66666669 -0.66666669 0.33333334
vn 0.59628481 -0.29814240 0.74535596
vn 0.44232586 -0.14744195 0.88465172
vn 0.23570226 0.23570226 -0.94280905
vn 0.55470020 -0.00000000 0.83205032
vn 0.44721359 -0.00000000 0.89442718
vn 0.39056674 0.65094453 -0.65094453
vn 0.81923193 -0.00000000 -0.57346237
vn 0.40824831 0.40824831 -0.81649661
vn 0.65079135 -0.00000000 0.75925660
vn 0.43193421 0.25916052 0.86386842
vn 0.95346260 0.09534626 -0.28603879
vn 0.70014006 0.70014006 -0.14002801
vn 1.00000000 -0.00000000 -0.00000000
vn 0.88465172 0.14744195 0.44232586
vn 0.90453404 -0.30151135 -0.30151135
vn 0.97014248 -0.24253562 -0.00000000
vn 0.90453404 -0.30151135 0.30151135
vn 0.68376344 -0.45584232 -0.56980288
vn 0.40824831 -0.40824831 -0.81649661
vn 0.57436651 -0.78975397 -0.21538745
vn 0.44721359 -0.89442718 -0.00000000
vn 0.66666669 -0.66666669 0.33333334
vn 0.52981293 -0.52981293 0.66226619
vn 0.40824831 -0.40824831 0.81649661
vn 0.49236596 -0.61545748 -0.61545748
vn 0.13608277 -0.27216554 -0.95257932
vn -0.92998111 0.11624764 0.34874290
vn -0.96225047 -0.19245009 -0.19245009
vn 0.39056674 -0.65094453 0.65094453
vn 0.20507579 -0.20507579 0.95702028
vn 0.23570226 0.23570226 -0.94280905
vn -0.59628481 -0.74535596 -0.29814240
vn 0.15617377 0.31234753 0.93704259
vn 0.39056674 0.65094453 -0.65094453
vn 0.71713716 0.35856858 -0.59761429
vn 0.40824831 0.40824831 -0.81649661
vn 0.59628481 0.29814240 0.74535596
vn 0.40824831 0.40824831 0.81649661
vn 0.57735026 0.57735026 0.57735026
vn 0.21821789 0.87287158 -0.43643579
vn 0.24253562 0.97014248 -0.00000000
vn 0.25445667 0.93300784 0.25445667
vn 0.23570226 -0.94280905 -0.23570226
vn 0.15961738 -0.23942606 -0.95770425
vn 0.24253562 -0.97014248 -0.00000000
vn 0.24253562 -0.97014248 -0.00000000
vn 0.10482848 -0.94345635 0.31448546
vn 0.21821789 -0.43643579 0.87287158
vn 0.27472112 -0.00000000 -0.96152395
vn -0.92998111 0.11624764 0.34874290
vn -0.88465172 0.44232586 -0.14744195
vn -0.00000000 -0.70710677 0.70710677
vn 0.27216554 -0.13608277 0.95257932
vn -0.00000000 -0.00000000 -1.00000000
vn -0.70224690 -0.11704115 0.70224690
vn -0.43643579 0.21821789 0.87287158
vn -0.49872935 0.85496461 0.14249410
vn -0.13018891 0.91132236 -0.39056674
vn -0.16222142 -0.16222142 -0.97332853
vn -0.00000000 -0.00000000 1.00000000
vn -0.00000000 0.24253562 -0.97014248
vn -0.28221625 -0.18814418 0.94072086
vn -0.59628481 -0.29814240 -0.74535596
vn -0.57735026 -0.57735026 -0.57735026
vn -0.40824831 -0.40824831 -0.81649661
vn -0.00000000 -0.00000000 1.00000000
vn -0.00000000 0.70710677 -0.70710677
vn -0.00000000 0.44721359 -0.89442718
vn -0.31622776 -0.94868332 -0.00000000
vn 0.23570226 0.23570226 0.94280905
vn -0.00000000 0.94868332 -0.31622776
vn -0.00000000 1.00000000 -0.00000000
vn -0.00000000 1.00000000 -0.00000000
vn 0.31234753 0.93704259 0.15617377
vn 0.95346260 -0.09534626 -0.28603879
vn 0.94280905 -0.23570226 0.23570226
vn 0.91287094 0.36514837 -0.18257418
vn 0.93632919 -0.00000000 0.35112345
vn 0.70710677 0.70710677 -0.00000000
vn 0.94573247 -0.07881104 -0.31524417
vn 0.97014248 -0.24253562 -0.00000000
vn 0.94072086 -0.18814418 0.28221625
vn 0.97014248 -0.00000000 -0.24253562
vn 0.99503720 -0.09950372 -0.00000000
vn 1.00000000 -0.00000000 -0.00000000
vn 0.99654573 -0.08304548 -0.00000000
vn 0.98058069 -0.00000000 0.19611613
vn 0.91287094 0.36514837 -0.18257418
vn 1.00000000 -0.00000000 -0.00000000
vn 1.00000000 -0.00000000 -0.00000000
vn 1.00000000 -0.00000000 -0.00000000
vn 0.92057461 0.27617240 0.27617240
vn 0.80812204 0.50507629 -0.30304575
vn 0.97014248 0.24253562 -0.00000000
vn 0.78072006 0.48795003 0.39036003
vn 0.92998111 -0.11624764 -0.34874290
vn 0.89442718 -0.44721359 -0.00000000
vn 0.89442718 -0.44721359 -0.00000000
vn 0.87287158 -0.43643579 0.21821789
vn 0.60920769 -0.50767308 -0.60920769
vn 0.40824831 -0.40824831 -0.81649661
vn 0.50709254 -0.84515423 -0.16903085
vn 0.44721359 -0.89442718 -0.00000000
vn 0.66666669 -0.66666669 0.33333334
vn 0.52981293 -0.52981293 0.66226619
vn 0.40824831 -0.40824831 0.81649661
vn 0.49236596 -0.61545748 -0.61545748
vn 0.13608277 -0.27216554 -0.95257932
vn -0.92998111 0.11624764 0.34874290
vn -0.96225047 -0.19245009 -0.19245009
vn 0.39056674 -0.65094453 0.65094453
vn 0.20507579 -0.20507579 0.95702028
vn 0.28221625 0.18814418 -0.94072086
vn -0.59628481 -0.74535596 -0.29814240
vn 0.15617377 0.31234753 0.93704259
vn 0.33333334 0.66666669 -0.66666669
vn 0.25916052 0.43193421 -0.86386842
vn 0.59628481 0.29814240 0.74535596
vn 0.40824831 0.40824831 0.81649661
vn 0.57735026 0.57735026 0.57735026
vn 0.25400025 0.88900089 -0.38100037
vn 0.24253562 0.97014248 -0.00000000
vn 0.25445667 0.93300784 0.25445667
vn 0.94573247 -0.07881104 -0.31524417
vn 0.97014248 -0.24253562 -0.00000000
vn 0.94072086 -0.18814418 0.28221625
vn 0.97014248 -0.00000000 -0.24253562
vn 0.99503720 -0.09950372 -0.00000000
vn 1.00000000 -0.00000000 -0.00000000
vn 0.99654573 -0.08304548 -0.00000000
vn 0.98058069 -0.00000000 0.19611613
vn 0.91287094 0.36514837 -0.18257418
vn 1.00000000 -0.00000000 -0.00000000
vn 1.00000000 -0.00000000 -0.00000000
vn 1.00000000 -0.00000000 -0.00000000
vn 0.92057461 0.27617240 0.27617240
vn 0.80812204 0.50507629 -0.30304575
vn 0.97014248 0.24253562 -0.00000000
vn 0.78072006 0.48795003 0.39036003
f 1//1 2//2 3//3
f 1//1 4//4 5//5
f 2//2 1//1 5//5
f 4//4 6//6 7//7
f 5//5 4//4 7//7
f 7//7 6//6 8//8
f 9//9 1//1 3//3
f 10//10 9//9 3//3
f 4//4 1//1 11//11
f 11//11 1//1 9//9
f 6//6 4//4 12//12
f 12//12 4//4 11//11
f 13//13 8//8 6//6
f 13//13 6//6 14//14
f 14//14 6//6 12//12
f 13//13 14//14 15//15
f 16//16 9//9 10//10
f 17//17 16//16 10//10
f 11//11 9//9 18//18
f 18//18 9//9 16//16
f 12//12 11//11 19//19
f 19//19 11//11 18//18
f 14//14 12//12 20//20
f 20//20 12//12 19//19
f 21//21 15//15 14//14
f 20//20 21//21 14//14
f 22//22 16//16 17//17
f 23//23 22//22 17//17
f 18//18 16//16 24//24
f 24//24 16//16 22//22
f 19//19 18//18 25//25
f 25//25 18//18 24//24
f 26//26 27//27 20//20
f 26//26 20//20 25//25
f 25//25 20//20 19//19
f 21//21 20//20 27//27
f 28//28 22//22 23//23
f 29//29 28//28 23//23
f 24//24 22//22 30//30
f 30//30 22//22 28//28
f 25//25 24//24 31//31
f 31//31 24//24 30//30
f 32//32 26//26 25//25
f 31//31 32//32 25//25
f 28//28 29//29 33//33
f 30//30 28//28 33//33
f 34//34 30//30 33//33
f 31//31 30//30 34//34
f 35//35 31//31 34//34
f 32//32 31//31 35//35
f 36//36 37//37 38//38
f 36//36 39//39 40//40
f 37//37 36//36 40//40
f 40//40 39//39 41//41
f 42//42 43//43 44//44
f 38//38 43//43 42//42
f 38//38 42//42 36//36
f 36//36 42//42 45//45
f 39//39 36//36 46//46
f 46//46 36//36 45//45
f 47//47 41//41 39//39
f 47//47 39//39 48//48
f 48//48 39//39 46//46
f 48//48 49//49 50//50
f 47//47 48//48 50//50
f 50//50 49//49 51//51
f 52//52 42//42 44//44
f 53//53 52//52 44//44
f 45//45 42//42 54//54
f 54//54 42//42 52//52
f 46//46 45//45 55//55
f 55//55 45//45 54//54
f 48//48 46//46 56//56
f 56//56 46//46 55//55
f 49//49 48//48 57//57
f 57//57 48//48 56//56
f 58//58 51//51 49//49
f 57//57 58//58 49//49
f 59//59 52//52 53//53
f 60//60 59//59 53//53
f 54//54 52//52 61//61
f 61//61 52//52 59//59
f 55//55 54//54 62//62
f 62//62 54//54 61//61
f 56//56 55//55 63//63
f 63//63 55//55 62//62
f 57//57 56//56 64//64
f 64//64 56//56 63//63
f 65//65 58//58 57//57
f 64//64 65//65 57//57
f 59//59 60//60 66//66
f 2//2 67//67 3//3
f 2//2 59//59 67//67
f 2//2 61//61 59//59
f 59//59 66//66 67//67
f 5//5 61//61 2//2
f 62//62 61//61 5//5
f 7//7 62//62 5//5
f 63//63 62//62 7//7
f 8//8 63//63 7//7
f 8//8 68//68 63//63
f 68//68 64//64 63//63
f 69//69 65//65 64//64
f 68//68 69//69 64//64
f 70//70 71//71 72//72
f 70//70 67//67 71//71
f 70//70 10//10 67//67
f 10//10 3//3 67//67
f 73//73 74//74 75//75
f 73//73 76//76 77//77
f 75//75 76//76 73//73
f 8//8 13//13 68//68
f 77//77 76//76 78//78
f 68//68 13//13 15//15
f 68//68 15//15 69//69
f 69//69 15//15 79//79
f 80//80 70//70 72//72
f 81//81 80//80 72//72
f 10//10 80//80 17//17
f 70//70 80//80 10//10
f 82//82 74//74 73//73
f 83//83 74//74 82//82
f 84//84 77//77 85//85
f 84//84 82//82 77//77
f 82//82 73//73 77//77
f 78//78 85//85 77//77
f 15//15 21//21 79//79
f 79//79 21//21 86//86
f 87//87 80//80 81//81
f 88//88 87//87 81//81
f 17//17 87//87 23//23
f 80//80 87//87 17//17
f 89//89 83//83 82//82
f 90//90 83//83 89//89
f 91//91 82//82 84//84
f 89//89 82//82 91//91
f 27//27 26//26 92//92
f 27//27 92//92 93//93
f 27//27 93//93 21//21
f 21//21 93//93 86//86
f 94//94 87//87 88//88
f 95//95 94//94 88//88
f 23//23 94//94 29//29
f 87//87 94//94 23//23
f 89//89 96//96 90//90
f 91//91 96//96 89//89
f 92//92 32//32 97//97
f 26//26 32//32 92//92
f 98//98 93//93 92//92
f 97//97 98//98 92//92
f 94//94 95//95 99//99
f 100//100 99//99 101//101
f 33//33 99//99 100//100
f 33//33 94//94 99//99
f 33//33 29//29 94//94
f 33//33 102//102 34//34
f 100//100 102//102 33//33
f 34//34 103//103 35//35
f 102//102 103//103 34//34
f 35//35 103//103 104//104
f 32//32 35//35 104//104
f 32//32 104//104 105//105
f 32//32 105//105 97//97
f 98//98 97//97 105//105
f 100//100 101//101 106//106
f 102//102 100//100 106//106
f 107//107 102//102 106//106
f 103//103 102//102 107//107
f 108//108 103//103 107//107
f 104//104 103//103 108//108
f 109//109 110//110 111//111
f 109//109 38//38 37//37
f 109//109 37//37 110//110
f 110//110 37//37 112//112
f 40//40 113//113 37//37
f 37//37 113//113 112//112
f 41//41 114//114 115//115
f 41//41 115//115 40//40
f 40//40 115//115 113//113
f 114//114 116//116 117//117
f 115//115 114//114 117//117
f 117//117 116//116 118//118
f 43//43 109//109 111//111
f 43//43 111//111 44//44
f 44//44 111//111 119//119
f 38//38 109//109 43//43
f 120//120 121//121 122//122
f 41//41 47//47 114//114
f 120//120 122//122 123//123
f 50//50 114//114 47//47
f 116//116 114//114 50//50
f 51//51 124//124 125//125
f 50//50 51//51 125//125
f 50//50 125//125 118//118
f 50//50 118//118 116//116
f 125//125 124//124 126//126
f 127//127 128//128 129//129
f 127//127 119//119 128//128
f 127//127 53//53 119//119
f 53//53 44//44 119//119
f 130//130 131//131 132//132
f 121//121 130//130 132//132
f 121//121 120//120 130//130
f 120//120 133//133 130//130
f 134//134 120//120 123//123
f 134//134 135//135 120//120
f 135//135 133//133 120//120
f 134//134 136//136 135//135
f 124//124 58//58 137//137
f 51//51 58//58 124//124
f 138//138 126//126 124//124
f 137//137 138//138 124//124
f 139//139 127//127 129//129
f 140//140 139//139 129//129
f 53//53 139//139 60//60
f 127//127 139//139 53//53
f 141//141 131//131 130//130
f 142//142 131//131 141//141
f 133//133 143//143 130//130
f 143//143 141//141 130//130
f 135//135 144//144 133//133
f 144//144 143//143 133//133
f 145//145 135//135 136//136
f 144//144 135//135 145//145
f 137//137 65//65 146//146
f 58//58 65//65 137//137
f 147//147 138//138 137//137
f 146//146 147//147 137//137
f 139//139 140//140 148//148
f 149//149 148//148 150//150
f 66//66 148//148 149//149
f 66//66 139//139 148//148
f 66//66 60//60 139//139
f 141//141 151//151 142//142
f 67//67 66//66 149//149
f 151//151 152//152 153//153
f 151//151 141//141 152//152
f 141//141 143//143 152//152
f 144//144 154//154 143//143
f 154//154 152//152 143//143
f 155//155 144//144 145//145
f 154//154 144//144 155//155
f 146//146 69//69 156//156
f 65//65 69//69 146//146
f 157//157 147//147 146//146
f 156//156 157//157 146//146
f 71//71 149//149 150//150
f 71//71 150//150 72//72
f 72//72 150//150 158//158
f 67//67 149//149 71//71
f 75//75 153//153 152//152
f 75//75 74//74 153//153
f 74//74 159//159 153//153
f 75//75 160//160 76//76
f 75//75 161//161 160//160
f 161//161 75//75 162//162
f 152//152 162//162 75//75
f 162//162 152//152 163//163
f 160//160 163//163 152//152
f 152//152 154//154 160//160
f 160//160 154//154 76//76
f 161//161 163//163 160//160
f 78//78 163//163 161//161
f 78//78 155//155 163//163
f 78//78 76//76 154//154
f 155//155 78//78 154//154
f 156//156 164//164 165//165
f 156//156 69//69 164//164
f 69//69 79//79 164//164
f 157//157 156//156 165//165
f 72//72 158//158 81//81
f 158//158 166//166 81//81
f 74//74 83//83 159//159
f 159//159 83//83 167//167
f 168//168 84//84 85//85
f 162//162 169//169 161//161
f 170//170 161//161 169//169
f 170//170 78//78 161//161
f 170//170 168//168 85//85
f 78//78 170//170 85//85
f 79//79 86//86 164//164
f 164//164 86//86 171//171
f 81//81 166//166 88//88
f 166//166 172//172 88//88
f 173//173 174//174 175//175
f 173//173 175//175 167//167
f 173//173 167//167 90//90
f 90//90 167//167 83//83
f 168//168 176//176 91//91
f 84//84 168//168 91//91
f 177//177 168//168 170//170
f 176//176 168//168 177//177
f 86//86 93//93 171//171
f 171//171 93//93 178//178
f 88//88 172//172 95//95
f 172//172 179//179 95//95
f 173//173 180//180 174//174
f 181//181 182//182 180//180
f 96//96 181//181 180//180
f 96//96 180//180 173//173
f 96//96 173//173 90//90
f 96//96 183//183 181//181
f 91//91 183//183 96//96
f 91//91 184//184 183//183
f 91//91 176//176 184//184
f 177//177 184//184 176//176
f 93//93 98//98 178//178
f 178//178 98//98 185//185
f 186//186 99//99 95//95
f 186//186 95//95 187//187
f 187//187 95//95 179//179
f 99//99 186//186 101//101
f 181//181 188//188 182//182
f 183//183 188//188 181//181
f 105//105 104//104 189//189
f 105//105 189//189 190//190
f 105//105 190//190 98//98
f 98//98 190//190 185//185
f 191//191 186//186 187//187
f 192//192 191//191 187//187
f 101//101 193//193 106//106
f 101//101 186//186 193//193
f 186//186 191//191 193//193
f 106//106 194//194 107//107
f 193//193 194//194 106//106
f 107//107 195//195 108//108
f 194//194 195//195 107//107
f 108//108 195//195 196//196
f 104//104 108//108 196//196
f 104//104 196//196 197//197
f 104//104 197//197 189//189
f 190//190 189//189 197//197
f 191//191 192//192 198//198
f 198//198 199//199 200//200
f 198//198 200//200 191//191
f 191//191 200//200 193//193
f 194//194 193//193 201//201
f 201//201 193//193 200//200
f 195//195 194//194 202//202
f 202//202 194//194 201//201
f 203//203 196//196 195//195
f 202//202 203//203 195//195
f 200//200 199//199 204//204
f 201//201 200//200 204//204
f 205//205 201//201 204//204
f 202//202 201//201 205//205
f 206//206 202//202 205//205
f 203//203 202//202 206//206
f 110//110 207//207 208//208
f 111//111 110//110 208//208
f 112//112 209//209 110//110
f 110//110 209//209 207//207
f 113//113 210//210 112//112
f 112//112 210//210 209//209
f 115//115 211//211 113//113
f 113//113 211//211 210//210
f 117//117 212//212 115//115
f 115//115 212//212 211//211
f 212//212 117//117 118//118
f 213//213 212//212 118//118
f 214//214 215//215 216//216
f 214//214 208//208 215//215
f 214//214 119//119 208//208
f 119//119 111//111 208//208
f 217//217 218//218 219//219
f 217//217 122//122 121//121
f 217//217 219//219 122//122
f 219//219 220//220 122//122
f 123//123 221//221 222//222
f 123//123 122//122 221//221
f 122//122 220//220 221//221
f 221//221 223//223 222//222
f 118//118 224//224 213//213
f 125//125 224//224 118//118
f 224//224 125//125 126//126
f 225//225 224//224 126//126
f 128//128 214//214 216//216
f 128//128 216//216 129//129
f 129//129 216//216 226//226
f 119//119 214//214 128//128
f 132//132 218//218 217//217
f 132//132 131//131 218//218
f 131//131 227//227 218//218
f 121//121 132//132 217//217
f 123//123 222//222 134//134
f 136//136 228//228 229//229
f 134//134 228//228 136//136
f 134//134 223//223 228//228
f 134//134 222//222 223//223
f 228//228 230//230 229//229
f 126//126 138//138 225//225
f 225//225 138//138 231//231
f 129//129 226//226 140//140
f 226//226 232//232 140//140
f 131//131 142//142 227//227
f 227//227 142//142 233//233
f 229//229 234//234 145//145
f 136//136 229//229 145//145
f 235//235 229//229 230//230
f 234//234 229//229 235//235
f 138//138 147//147 231//231
f 231//231 147//147 236//236
f 140//140 232//232 237//237
f 148//148 140//140 237//237
f 237//237 150//150 148//148
f 238//238 150//150 237//237
f 239//239 142//142 151//151
f 239//239 240//240 142//142
f 240//240 233//233 142//142
f 151//151 153//153 239//239
f 234//234 241//241 242//242
f 234//234 242//242 145//145
f 145//145 242//242 155//155
f 235//235 241//241 234//234
f 147//147 157//157 236//236
f 236//236 157//157 243//243
f 150//150 238//238 158//158
f 238//238 244//244 158//158
f 239//239 245//245 240//240
f 245//245 239//239 153//153
f 245//245 153//153 246//246
f 246//246 153//153 159//159
f 163//163 247//247 248//248
f 162//162 163//163 248//248
f 242//242 163//163 155//155
f 247//247 163//163 242//242
f 165//165 249//249 250//250
f 164//164 249//249 165//165
f 243//243 157//157 165//165
f 250//250 243//243 165//165
f 158//158 244//244 166//166
f 244//244 251//251 166//166
f 159//159 167//167 246//246
f 246//246 167//167 252//252
f 253//253 169//169 162//162
f 253//253 162//162 254//254
f 254//254 162//162 248//248
f 169//169 253//253 170//170
f 164//164 171//171 249//249
f 249//249 171//171 255//255
f 166//166 251//251 172//172
f 251//251 256//256 172//172
f 175//175 257//257 258//258
f 174//174 257//257 175//175
f 252//252 167//167 175//175
f 258//258 252//252 175//175
f 253//253 254//254 259//259
f 259//259 170//170 253//253
f 259//259 260//260 170//170
f 260//260 177//177 170//170
f 171//171 178//178 255//255
f 255//255 178//178 261//261
f 172//172 256//256 179//179
f 256//256 262//262 179//179
f 263//263 174//174 180//180
f 263//263 264//264 174//174
f 264//264 257//257 174//174
f 180//180 182//182 263//263
f 184//184 265//265 183//183
f 184//184 266//266 265//265
f 184//184 177//177 266//266
f 177//177 260//260 266//266
f 178//178 185//185 261//261
f 261//261 185//185 267//267
f 179//179 262//262 187//187
f 262//262 268//268 187//187
f 269//269 264//264 263//263
f 270//270 264//264 269//269
f 182//182 188//188 271//271
f 182//182 271//271 263//263
f 263//263 271//271 269//269
f 188//188 272//272 271//271
f 183//183 272//272 188//188
f 183//183 273//273 272//272
f 183//183 265//265 273//273
f 266//266 273//273 265//265
f 185//185 190//190 267//267
f 267//267 190//190 274//274
f 187//187 268//268 192//192
f 268//268 275//275 192//192
f 269//269 276//276 270//270
f 276//276 277//277 278//278
f 276//276 269//269 277//277
f 269//269 271//271 277//277
f 279//279 271//271 272//272
f 277//277 271//271 279//279
f 197//197 196//196 280//280
f 197//197 280//280 281//281
f 197//197 281//281 190//190
f 190//190 281//281 274//274
f 282//282 198//198 192//192
f 282//282 192//192 283//283
f 283//283 192//192 275//275
f 198//198 282//282 199//199
f 277//277 284//284 278//278
f 279//279 284//284 277//277
f 280//280 203//203 285//285
f 196//196 203//203 280//280
f 286//286 281//281 280//280
f 285//285 286//286 280//280
f 287//287 282//282 283//283
f 288//288 287//287 283//283
f 199//199 289//289 204//204
f 199//199 282//282 289//289
f 282//282 287//287 289//289
f 204//204 290//290 205//205
f 289//289 290//290 204//204
f 205//205 291//291 206//206
f 290//290 291//291 205//205
f 206//206 285//285 203//203
f 206//206 291//291 285//285
f 291//291 292//292 285//285
f 293//293 286//286 285//285
f 292//292 293//293 285//285
f 287//287 288//288 294//294
f 294//294 295//295 296//296
f 294//294 296//296 287//287
f 287//287 296//296 289//289
f 290//290 289//289 297//297
f 297//297 289//289 296//296
f 291//291 290//290 298//298
f 298//298 290//290 297//297
f 299//299 300//300 292//292
f 299//299 292//292 298//298
f 298//298 292//292 291//291
f 293//293 292//292 300//300
f 296//296 295//295 301//301
f 297//297 296//296 301//301
f 302//302 297//297 301//301
f 298//298 297//297 302//302
f 303//303 298//298 302//302
f 299//299 298//298 303//303
f 304//304 305//305 306//306
f 305//305 304//304 307//307
f 308//308 309//309 310//310
f 306//306 309//309 308//308
f 306//306 308//308 304//304
f 304//304 308//308 311//311
f 312//312 307//307 304//304
f 311//311 312//312 304//304
f 313//313 308//308 310//310
f 314//314 313//313 310//310
f 311//311 308//308 315//315
f 315//315 308//308 313//313
f 316//316 312//312 311//311
f 315//315 316//316 311//311
f 313//313 314//314 317//317
f 315//315 313//313 317//317
f 318//318 315//315 317//317
f 316//316 315//315 318//318
f 207//207 319//319 320//320
f 208//208 207//207 320//320
f 209//209 321//321 207//207
f 207//207 321//321 319//319
f 210//210 322//322 209//209
f 209//209 322//322 321//321
f 211//211 323//323 210//210
f 210//210 323//323 322//322
f 212//212 324//324 211//211
f 211//211 324//324 323//323
f 324//324 212//212 213//213
f 325//325 324//324 213//213
f 215//215 326//326 327//327
f 216//216 215//215 327//327
f 320//320 215//215 208//208
f 326//326 215//215 320//320
f 219//219 218//218 328//328
f 329//329 219//219 328//328
f 329//329 330//330 219//219
f 330//330 220//220 219//219
f 221//221 220//220 331//331
f 220//220 330//330 331//331
f 331//331 223//223 221//221
f 332//332 223//223 331//331
f 213//213 333//333 325//325
f 224//224 333//333 213//213
f 333//333 224//224 225//225
f 334//334 333//333 225//225
f 216//216 327//327 226//226
f 327//327 335//335 226//226
f 328//328 336//336 337//337
f 328//328 218//218 336//336
f 218//218 227//227 336//336
f 329//329 328//328 337//337
f 338//338 228//228 223//223
f 338//338 223//223 339//339
f 339//339 223//223 332//332
f 228//228 338//338 230//230
f 225//225 231//231 334//334
f 334//334 231//231 340//340
f 226//226 335//335 232//232
f 335//335 341//341 232//232
f 227//227 233//233 336//336
f 336//336 233//233 342//342
f 343//343 338//338 339//339
f 344//344 343//343 339//339
f 230//230 343//343 235//235
f 338//338 343//343 230//230
f 231//231 236//236 340//340
f 340//340 236//236 345//345
f 232//232 341//341 346//346
f 237//237 232//232 346//346
f 346//346 238//238 237//237
f 347//347 238//238 346//346
f 348//348 240//240 349//349
f 348//348 342//342 240//240
f 342//342 233//233 240//240
f 348//348 349//349 350//350
f 241//241 343//343 344//344
f 241//241 344//344 242//242
f 242//242 344//344 351//351
f 235//235 343//343 241//241
f 236//236 243//243 345//345
f 345//345 243//243 352//352
f 238//238 347//347 244//244
f 347//347 353//353 244//244
f 240//240 245//245 349//349
f 246//246 354//354 355//355
f 245//245 246//246 355//355
f 245//245 355//355 350//350
f 245//245 350//350 349//349
f 354//354 248//248 247//247
f 354//354 247//247 355//355
f 355//355 247//247 356//356
f 351//351 247//247 242//242
f 356//356 247//247 351//351
f 250//250 357//357 358//358
f 249//249 357//357 250//250
f 352//352 243//243 250//250
f 358//358 352//352 250//250
f 244//244 353//353 251//251
f 353//353 359//359 251//251
f 354//354 360//360 361//361
f 354//354 246//246 360//360
f 246//246 252//252 360//360
f 361//361 248//248 354//354
f 361//361 362//362 248//248
f 362//362 254//254 248//248
f 249//249 255//255 357//357
f 357//357 255//255 363//363
f 251//251 359//359 256//256
f 359//359 364//364 256//256
f 258//258 365//365 366//366
f 257//257 365//365 258//258
f 360//360 252//252 258//258
f 366//366 360//360 258//258
f 254//254 362//362 367//367
f 259//259 254//254 367//367
f 367//367 260//260 259//259
f 368//368 260//260 367//367
f 255//255 261//261 363//363
f 363//363 261//261 369//369
f 256//256 364//364 262//262
f 364//364 370//370 262//262
f 257//257 264//264 365//365
f 365//365 264//264 371//371
f 260//260 368//368 266//266
f 368//368 372//372 266//266
f 261//261 267//267 369//369
f 369//369 267//267 373//373
f 374//374 375//375 376//376
f 374//374 370//370 375//375
f 374//374 268//268 370//370
f 268//268 262//262 370//370
f 264//264 270//270 371//371
f 371//371 270//270 377//377
f 273//273 378//378 379//379
f 272//272 273//273 379//379
f 372//372 273//273 266//266
f 378//378 273//273 372//372
f 267//267 274//274 373//373
f 373//373 274//274 380//380
f 381//381 374//374 376//376
f 382//382 381//381 376//376
f 268//268 381//381 275//275
f 374//374 381//381 268//268
f 383//383 270//270 276//276
f 383//383 384//384 270//270
f 384//384 377//377 270//270
f 276//276 278//278 383//383
f 385//385 386//386 279//279
f 385//385 279//279 379//379
f 379//379 279//279 272//272
f 385//385 387//387 386//386
f 388//388 281//281 389//389
f 388//388 380//380 281//281
f 380//380 274//274 281//281
f 388//388 389//389 390//390
f 391//391 381//381 382//382
f 392//392 391//391 382//382
f 275//275 391//391 283//283
f 381//381 391//391 275//275
f 393//393 384//384 383//383
f 394//394 384//384 393//393
f 278//278 284//284 395//395
f 278//278 395//395 383//383
f 383//383 395//395 393//393
f 284//284 279//279 386//386
f 284//284 386//386 395//395
f 395//395 386//386 396//396
f 397//397 386//386 387//387
f 396//396 386//386 397//397
f 389//389 286//286 398//398
f 281//281 286//286 389//389
f 399//399 390//390 389//389
f 398//398 399//399 389//389
f 400//400 391//391 392//392
f 401//401 400//400 392//392
f 283//283 400//400 288//288
f 391//391 400//400 283//283
f 393//393 402//402 394//394
f 402//402 403//403 404//404
f 402//402 393//393 403//403
f 393//393 395//395 403//403
f 405//405 396//396 406//406
f 405//405 403//403 396//396
f 403//403 395//395 396//396
f 397//397 406//406 396//396
f 398//398 293//293 407//407
f 286//286 293//293 398//398
f 408//408 399//399 398//398
f 407//407 408//408 398//398
f 400//400 401//401 409//409
f 410//410 409//409 411//411
f 294//294 409//409 410//410
f 294//294 400//400 409//409
f 294//294 288//288 400//400
f 294//294 410//410 295//295
f 403//403 412//412 404//404
f 405//405 412//412 403//403
f 300//300 299//299 413//413
f 300//300 413//413 414//414
f 293//293 300//300 414//414
f 293//293 414//414 415//415
f 293//293 415//415 407//407
f 408//408 407//407 415//415
f 410//410 411//411 416//416
f 295//295 410//410 416//416
f 295//295 416//416 301//301
f 301//301 416//416 417//417
f 302//302 301//301 418//418
f 301//301 417//417 418//418
f 303//303 302//302 419//419
f 302//302 418//418 419//419
f 413//413 299//299 303//303
f 413//413 303//303 420//420
f 420//420 303//303 419//419
f 414//414 413//413 420//420
f 421//421 422//422 423//423
f 421//421 424//424 425//425
f 422//422 421//421 425//425
f 425//425 424//424 426//426
f 427//427 428//428 429//429
f 423//423 428//428 427//427
f 423//423 427//427 421//421
f 421//421 427//427 430//430
f 424//424 421//421 431//431
f 431//431 421//421 430//430
f 432//432 426//426 424//424
f 431//431 432//432 424//424
f 433//433 427//427 429//429
f 434//434 433//433 429//429
f 430//430 427//427 435//435
f 435//435 427//427 433//433
f 431//431 430//430 436//436
f 436//436 430//430 435//435
f 437//437 432//432 431//431
f 436//436 437//437 431//431
f 438//438 433//433 434//434
f 439//439 438//438 434//434
f 435//435 433//433 440//440
f 440//440 433//433 438//438
f 436//436 435//435 441//441
f 441//441 435//435 440//440
f 442//442 437//437 436//436
f 441//441 442//442 436//436
f 443//443 438//438 439//439
f 444//444 443//443 439//439
f 305//305 443//443 306//306
f 305//305 440//440 443//443
f 440//440 438//438 443//443
f 307//307 440//440 305//305
f 307//307 445//445 440//440
f 445//445 441//441 440//440
f 446//446 442//442 441//441
f 445//445 446//446 441//441
f 447//447 448//448 449//449
f 444//444 448//448 447//447
f 443//443 444//444 447//447
f 443//443 447//447 310//310
f 443//443 310//310 309//309
f 306//306 443//443 309//309
f 445//445 312//312 450//450
f 307//307 312//312 445//445
f 451//451 446//446 445//445
f 450//450 451//451 445//445
f 452//452 447//447 449//449
f 453//453 452//452 449//449
f 310//310 452//452 314//314
f 447//447 452//452 310//310
f 450//450 316//316 454//454
f 312//312 316//316 450//450
f 455//455 451//451 450//450
f 454//454 455//455 450//450
f 452//452 453//453 456//456
f 457//457 456//456 458//458
f 317//317 456//456 457//457
f 317//317 452//452 456//456
f 317//317 314//314 452//452
f 317//317 459//459 318//318
f 457//457 459//459 317//317
f 318//318 454//454 316//316
f 318//318 459//459 454//454
f 459//459 460//460 454//454
f 461//461 455//455 454//454
f 460//460 461//461 454//454
f 457//457 458//458 462//462
f 459//459 457//457 462//462
f 463//463 459//459 462//462
f 460//460 459//459 463//463
f 464//464 460//460 463//463
f 461//461 460//460 464//464
f 319//319 465//465 320//320
f 466//466 465//465 319//319
f 466//466 319//319 467//467
f 467//467 319//319 321//321
f 322//322 468//468 321//321
f 321//321 468//468 467//467
f 323//323 469//469 322//322
f 322//322 469//469 468//468
f 324//324 470//470 323//323
f 323//323 470//470 469//469
f 470//470 324//324 325//325
f 471//471 470//470 325//325
f 326//326 472//472 327//327
f 326//326 473//473 472//472
f 320//320 473//473 326//326
f 320//320 474//474 473//473
f 320//320 465//465 474//474
f 466//466 474//474 465//465
f 330//330 329//329 475//475
f 330//330 476//476 331//331
f 475//475 476//476 330//330
f 331//331 476//476 332//332
f 477//477 325//325 333//333
f 477//477 478//478 325//325
f 478//478 471//471 325//325
f 333//333 334//334 477//477
f 472//472 479//479 335//335
f 327//327 472//472 335//335
f 480//480 472//472 473//473
f 479//479 472//472 480//480
f 337//337 336//336 481//481
f 337//337 481//481 482//482
f 329//329 337//337 482//482
f 329//329 482//482 483//483
f 329//329 483//483 475//475
f 476//476 475//475 483//483
f 484//484 476//476 483//483
f 484//484 332//332 476//476
f 484//484 485//485 332//332
f 485//485 339//339 332//332
f 486//486 478//478 477//477
f 487//487 478//478 486//486
f 334//334 340//340 486//486
f 477//477 334//334 486//486
f 479//479 488//488 341//341
f 335//335 479//479 341//341
f 489//489 479//479 480//480
f 488//488 479//479 489//489
f 481//481 342//342 490//490
f 336//336 342//342 481//481
f 491//491 482//482 481//481
f 490//490 491//491 481//481
f 339//339 485//485 344//344
f 485//485 492//492 344//344
f 493//493 487//487 486//486
f 494//494 487//487 493//493
f 340//340 345//345 493//493
f 486//486 340//340 493//493
f 341//341 488//488 346//346
f 488//488 347//347 346//346
f 488//488 489//489 347//347
f 489//489 495//495 347//347
f 342//342 348//348 490//490
f 350//350 496//496 497//497
f 348//348 350//350 497//497
f 348//348 497//497 491//491
f 348//348 491//491 490//490
f 496//496 498//498 499//499
f 497//497 496//496 499//499
f 498//498 492//492 499//499
f 498//498 351//351 492//492
f 351//351 344//344 492//492
f 500//500 494//494 493//493
f 501//501 494//494 500//500
f 345//345 352//352 500//500
f 493//493 345//345 500//500
f 502//502 503//503 353//353
f 502//502 353//353 495//495
f 495//495 353//353 347//347
f 502//502 504//504 503//503
f 350//350 355//355 496//496
f 356//356 496//496 355//355
f 498//498 496//496 356//356
f 351//351 498//498 356//356
f 505//505 506//506 507//507
f 501//501 506//506 505//505
f 500//500 506//506 501//501
f 500//500 357//357 506//506
f 500//500 358//358 357//357
f 352//352 358//358 500//500
f 503//503 508//508 509//509
f 503//503 509//509 353//353
f 353//353 509//509 359//359
f 504//504 508//508 503//503
f 361//361 360//360 510//510
f 361//361 510//510 362//362
f 506//506 511//511 507//507
f 511//511 506//506 357//357
f 511//511 357//357 512//512
f 512//512 357//357 363//363
f 359//359 509//509 364//364
f 509//509 513//513 364//364
f 366//366 365//365 514//514
f 366//366 514//514 515//515
f 360//360 366//366 515//515
f 360//360 515//515 516//516
f 360//360 516//516 510//510
f 517//517 516//516 518//518
f 367//367 516//516 517//517
f 367//367 510//510 516//516
f 367//367 362//362 510//510
f 367//367 517//517 368//368
f 363//363 369//369 512//512
f 512//512 369//369 519//519
f 364//364 513//513 370//370
f 513//513 520//520 370//370
f 514//514 371//371 521//521
f 365//365 371//371 514//514
f 522//522 515//515 514//514
f 521//521 522//522 514//514
f 523//523 517//517 518//518
f 524//524 523//523 518//518
f 368//368 523//523 372//372
f 517//517 523//523 368//368
f 369//369 373//373 519//519
f 519//519 373//373 525//525
f 375//375 526//526 527//527
f 376//376 375//375 527//527
f 520//520 375//375 370//370
f 526//526 375//375 520//520
f 521//521 528//528 529//529
f 521//521 371//371 528//528
f 371//371 377//377 528//528
f 522//522 521//521 529//529
f 530//530 379//379 378//378
f 524//524 531//531 523//523
f 532//532 523//523 531//531
f 532//532 372//372 523//523
f 532//532 530//530 378//378
f 372//372 532//532 378//378
f 533//533 380//380 534//534
f 533//533 525//525 380//380
f 525//525 373//373 380//380
f 533//533 534//534 535//535
f 376//376 527//527 382//382
f 527//527 536//536 382//382
f 537//537 538//538 539//539
f 537//537 539//539 528//528
f 537//537 528//528 384//384
f 384//384 528//528 377//377
f 379//379 530//530 385//385
f 530//530 387//387 385//385
f 530//530 532//532 387//387
f 532//532 540//540 387//387
f 380//380 388//388 534//534
f 534//534 388//388 390//390
f 534//534 390//390 535//535
f 535//535 390//390 541//541
f 382//382 536//536 392//392
f 536//536 542//542 392//392
f 543//543 538//538 537//537
f 544//544 538//538 543//543
f 384//384 394//394 543//543
f 537//537 384//384 543//543
f 545//545 546//546 397//397
f 545//545 397//397 540//540
f 540//540 397//397 387//387
f 545//545 547//547 546//546
f 390//390 399//399 541//541
f 541//541 399//399 548//548
f 392//392 542//542 401//401
f 542//542 549//549 401//401
f 543//543 550//550 544//544
f 551//551 552//552 550//550
f 402//402 551//551 550//550
f 402//402 550//550 543//543
f 402//402 543//543 394//394
f 402//402 404//404 551//551
f 406//406 553//553 405//405
f 406//406 554//554 553//553
f 397//397 554//554 406//406
f 397//397 555//555 554//554
f 397//397 546//546 555//555
f 547//547 555//555 546//546
f 399//399 408//408 548//548
f 548//548 408//408 556//556
f 401//401 549//549 557//557
f 409//409 401//401 557//557
f 557//557 411//411 409//409
f 558//558 411//411 557//557
f 551//551 559//559 552//552
f 404//404 559//559 551//551
f 404//404 412//412 559//559
f 412//412 560//560 559//559
f 553//553 412//412 405//405
f 553//553 561//561 412//412
f 561//561 560//560 412//412
f 554//554 561//561 553//553
f 415//415 562//562 563//563
f 414//414 562//562 415//415
f 556//556 408//408 415//415
f 563//563 556//556 415//415
f 411//411 558//558 564//564
f 416//416 411//411 564//564
f 565//565 564//564 566//566
f 565//565 417//417 564//564
f 417//417 416//416 564//564
f 417//417 567//567 418//418
f 565//565 567//567 417//417
f 418//418 568//568 419//419
f 567//567 568//568 418//418
f 569//569 419//419 568//568
f 569//569 570//570 419//419
f 570//570 420//420 419//419
f 562//562 414//414 420//420
f 570//570 562//562 420//420
f 571//571 572//572 573//573
f 566//566 572//572 571//571
f 566//566 571//571 565//565
f 565//565 571//571 574//574
f 422//422 574//574 423//423
f 422//422 567//567 574//574
f 567//567 565//565 574//574
f 425//425 567//567 422//422
f 568//568 567//567 425//425
f 426//426 575//575 576//576
f 425//425 426//426 576//576
f 425//425 576//576 569//569
f 425//425 569//569 568//568
f 576//576 575//575 577//577
f 578//578 571//571 573//573
f 579//579 578//578 573//573
f 428//428 578//578 429//429
f 428//428 574//574 578//578
f 574//574 571//571 578//578
f 423//423 574//574 428//428
f 580//580 581//581 582//582
f 580//580 583//583 581//581
f 575//575 432//432 584//584
f 426//426 432//432 575//575
f 585//585 577//577 575//575
f 584//584 585//585 575//575
f 586//586 578//578 579//579
f 587//587 586//586 579//579
f 429//429 586//586 434//434
f 578//578 586//586 429//429
f 588//588 582//582 581//581
f 589//589 582//582 588//588
f 590//590 581//581 583//583
f 588//588 581//581 590//590
f 584//584 437//437 591//591
f 432//432 437//437 584//584
f 592//592 585//585 584//584
f 591//591 592//592 584//584
f 593//593 586//586 587//587
f 594//594 593//593 587//587
f 434//434 593//593 439//439
f 586//586 593//593 434//434
f 595//595 589//589 588//588
f 596//596 589//589 595//595
f 597//597 588//588 590//590
f 595//595 588//588 597//597
f 591//591 442//442 598//598
f 437//437 442//442 591//591
f 599//599 592//592 591//591
f 598//598 599//599 591//591
f 600//600 593//593 594//594
f 601//601 600//600 594//594
f 439//439 600//600 444//444
f 593//593 600//600 439//439
f 602//602 596//596 595//595
f 603//603 596//596 602//602
f 604//604 595//595 597//597
f 602//602 595//595 604//604
f 598//598 446//446 605//605
f 442//442 446//446 598//598
f 606//606 599//599 598//598
f 605//605 606//606 598//598
f 448//448 600//600 601//601
f 448//448 601//601 449//449
f 449//449 601//601 607//607
f 444//444 600//600 448//448
f 608//608 603//603 602//602
f 609//609 603//603 608//608
f 610//610 602//602 604//604
f 608//608 602//602 610//610
f 605//605 451//451 611//611
f 446//446 451//451 605//605
f 612//612 606//606 605//605
f 611//611 612//612 605//605
f 449//449 607//607 453//453
f 607//607 613//613 453//453
f 614//614 609//609 608//608
f 615//615 609//609 614//614
f 616//616 608//608 610//610
f 614//614 608//608 616//616
f 611//611 455//455 617//617
f 451//451 455//455 611//611
f 618//618 612//612 611//611
f 617//617 618//618 611//611
f 619//619 456//456 453//453
f 619//619 453//453 620//620
f 620//620 453//453 613//613
f 456//456 619//619 458//458
f 614//614 621//621 615//615
f 616//616 621//621 614//614
f 617//617 622//622 623//623
f 617//617 455//455 622//622
f 455//455 461//461 622//622
f 618//618 617//617 623//623
f 619//619 620//620 624//624
f 458//458 619//619 624//624
f 458//458 624//624 462//462
f 462//462 624//624 625//625
f 463//463 462//462 626//626
f 462//462 625//625 626//626
f 464//464 463//463 627//627
f 463//463 626//626 627//627
f 622//622 461//461 464//464
f 627//627 622//622 464//464
f 467//467 628//628 466//466
f 467//467 468//468 629//629
f 628//628 467//467 629//629
f 468//468 469//469 630//630
f 629//629 468//468 630//630
f 469//469 470//470 631//631
f 630//630 469//469 631//631
f 470//470 471//471 631//631
f 474//474 632//632 473//473
f 474//474 633//633 632//632
f 466//466 633//633 474//474
f 466//466 634//634 633//633
f 466//466 628//628 634//634
f 629//629 634//634 628//628
f 635//635 634//634 629//629
f 630//630 635//635 629//629
f 636//636 635//635 630//630
f 631//631 636//636 630//630
f 637//637 636//636 631//631
f 637//637 631//631 471//471
f 637//637 471//471 638//638
f 638//638 471//471 478//478
f 632//632 639//639 480//480
f 473//473 632//632 480//480
f 640//640 632//632 633//633
f 639//639 632//632 640//640
f 483//483 482//482 641//641
f 483//483 642//642 484//484
f 641//641 642//642 483//483
f 484//484 642//642 485//485
f 478//478 487//487 638//638
f 638//638 487//487 643//643
f 639//639 644//644 489//489
f 480//480 639//639 489//489
f 645//645 639//639 640//640
f 644//644 639//639 645//645
f 641//641 491//491 646//646
f 482//482 491//491 641//641
f 642//642 641//641 647//647
f 647//647 641//641 646//646
f 485//485 647//647 492//492
f 642//642 647//647 485//485
f 487//487 494//494 643//643
f 643//643 494//494 648//648
f 644//644 649//649 495//495
f 489//489 644//644 495//495
f 650//650 644//644 645//645
f 649//649 644//644 650//650
f 491//491 497//497 646//646
f 499//499 646//646 497//497
f 647//647 646//646 499//499
f 492//492 647//647 499//499
f 651//651 652//652 653//653
f 652//652 651//651 648//648
f 652//652 648//648 501//501
f 501//501 648//648 494//494
f 502//502 495//495 649//649
f 654//654 655//655 656//656
f 504//504 656//656 655//655
f 504//504 650//650 656//656
f 504//504 502//502 649//649
f 650//650 504//504 649//649
f 505//505 653//653 652//652
f 505//505 507//507 653//653
f 507//507 657//657 653//653
f 501//501 505//505 652//652
f 508//508 655//655 654//654
f 508//508 654//654 509//509
f 509//509 654//654 658//658
f 504//504 655//655 508//508
f 659//659 507//507 511//511
f 659//659 660//660 507//507
f 660//660 657//657 507//507
f 511//511 512//512 659//659
f 509//509 658//658 513//513
f 658//658 661//661 513//513
f 516//516 515//515 662//662
f 516//516 662//662 518//518
f 659//659 663//663 660//660
f 663//663 659//659 512//512
f 663//663 512//512 664//664
f 664//664 512//512 519//519
f 513//513 661//661 520//520
f 661//661 665//665 520//520
f 662//662 666//666 667//667
f 662//662 515//515 666//666
f 515//515 522//522 666//666
f 667//667 518//518 662//662
f 667//667 668//668 518//518
f 668//668 524//524 518//518
f 519//519 525//525 664//664
f 664//664 525//525 669//669
f 526//526 670//670 671//671
f 527//527 526//526 671//671
f 665//665 526//526 520//520
f 670//670 526//526 665//665
f 529//529 672//672 673//673
f 528//528 672//672 529//529
f 666//666 522//522 529//529
f 673//673 666//666 529//529
f 524//524 668//668 674//674
f 531//531 524//524 674//674
f 674//674 532//532 531//531
f 675//675 532//532 674//674
f 525//525 676//676 669//669
f 533//533 676//676 525//525
f 676//676 533//533 535//535
f 677//677 676//676 535//535
f 527//527 671//671 536//536
f 671//671 678//678 536//536
f 539//539 538//538 679//679
f 539//539 679//679 680//680
f 539//539 680//680 528//528
f 528//528 680//680 672//672
f 532//532 675//675 540//540
f 675//675 681//681 540//540
f 535//535 541//541 677//677
f 677//677 541//541 682//682
f 536//536 678//678 542//542
f 678//678 683//683 542//542
f 679//679 544//544 684//684
f 538//538 544//544 679//679
f 685//685 680//680 679//679
f 684//684 685//685 679//679
f 540//540 681//681 686//686
f 545//545 540//540 686//686
f 686//686 547//547 545//545
f 687//687 547//547 686//686
f 541//541 548//548 682//682
f 682//682 548//548 688//688
f 542//542 683//683 549//549
f 683//683 689//689 549//549
f 544//544 550//550 684//684
f 552//552 690//690 691//691
f 550//550 552//552 691//691
f 550//550 691//691 685//685
f 550//550 685//685 684//684
f 691//691 690//690 692//692
f 555//555 693//693 694//694
f 554//554 555//555 694//694
f 687//687 555//555 547//547
f 693//693 555//555 687//687
f 548//548 556//556 688//688
f 688//688 556//556 695//695
f 549//549 689//689 696//696
f 557//557 549//549 696//696
f 696//696 558//558 557//557
f 697//697 558//558 696//696
f 552//552 559//559 690//690
f 690//690 559//559 560//560
f 690//690 560//560 698//698
f 690//690 698//698 692//692
f 698//698 560//560 699//699
f 700//700 699//699 560//560
f 700//700 560//560 701//701
f 701//701 560//560 561//561
f 694//694 561//561 554//554
f 701//701 561//561 694//694
f 563//563 702//702 703//703
f 562//562 702//702 563//563
f 695//695 556//556 563//563
f 703//703 695//695 563//563
f 704//704 564//564 558//558
f 704//704 558//558 705//705
f 705//705 558//558 697//697
f 564//564 704//704 566//566
f 706//706 698//698 699//699
f 707//707 698//698 706//706
f 708//708 699//699 700//700
f 706//706 699//699 708//708
f 570//570 569//569 709//709
f 570//570 709//709 710//710
f 570//570 710//710 562//562
f 562//562 710//710 702//702
f 572//572 704//704 705//705
f 572//572 705//705 573//573
f 573//573 705//705 711//711
f 566//566 704//704 572//572
f 712//712 707//707 706//706
f 713//713 707//707 712//712
f 714//714 706//706 708//708
f 714//714 715//715 706//706
f 715//715 712//712 706//706
f 569//569 576//576 709//709
f 715//715 714//714 716//716
f 709//709 576//576 577//577
f 709//709 577//577 710//710
f 710//710 577//577 717//717
f 718//718 719//719 720//720
f 718//718 711//711 719//719
f 718//718 579//579 711//711
f 579//579 573//573 711//711
f 721//721 722//722 723//723
f 713//713 721//721 723//723
f 712//712 721//721 713//713
f 712//712 582//582 721//721
f 712//712 580//580 582//582
f 583//583 580//580 712//712
f 583//583 712//712 724//724
f 724//724 712//712 715//715
f 725//725 715//715 716//716
f 724//724 715//715 725//725
f 726//726 585//585 727//727
f 726//726 717//717 585//585
f 717//717 577//577 585//585
f 726//726 727//727 728//728
f 729//729 718//718 720//720
f 730//730 729//729 720//720
f 579//579 729//729 587//587
f 718//718 729//729 579//579
f 731//731 722//722 721//721
f 732//732 722//722 731//731
f 582//582 589//589 731//731
f 721//721 582//582 731//731
f 724//724 733//733 590//590
f 583//583 724//724 590//590
f 734//734 724//724 725//725
f 733//733 724//724 734//734
f 727//727 592//592 735//735
f 585//585 592//592 727//727
f 736//736 728//728 727//727
f 735//735 736//736 727//727
f 729//729 730//730 737//737
f 737//737 587//587 729//729
f 737//737 738//738 587//587
f 738//738 594//594 587//587
f 739//739 732//732 731//731
f 740//740 732//732 739//739
f 589//589 596//596 739//739
f 731//731 589//589 739//739
f 733//733 741//741 597//597
f 590//590 733//733 597//597
f 742//742 733//733 734//734
f 741//741 733//733 742//742
f 735//735 743//743 744//744
f 735//735 592//592 743//743
f 592//592 599//599 743//743
f 736//736 735//735 744//744
f 594//594 738//738 601//601
f 738//738 745//745 601//601
f 746//746 740//740 739//739
f 747//747 740//740 746//746
f 596//596 603//603 746//746
f 739//739 596//596 746//746
f 741//741 748//748 749//749
f 741//741 749//749 597//597
f 597//597 749//749 604//604
f 742//742 748//748 741//741
f 599//599 606//606 743//743
f 743//743 606//606 750//750
f 601//601 745//745 607//607
f 745//745 751//751 607//607
f 752//752 747//747 746//746
f 753//753 747//747 752//752
f 603//603 609//609 752//752
f 746//746 603//603 752//752
f 604//604 749//749 610//610
f 749//749 754//754 610//610
f 606//606 612//612 750//750
f 750//750 612//612 755//755
f 607//607 751//751 613//613
f 751//751 756//756 613//613
f 752//752 757//757 753//753
f 757//757 752//752 609//609
f 757//757 609//609 758//758
f 758//758 609//609 615//615
f 610//610 754//754 616//616
f 754//754 759//759 616//616
f 612//612 618//618 755//755
f 755//755 618//618 760//760
f 613//613 756//756 620//620
f 756//756 761//761 620//620
f 615//615 762//762 758//758
f 621//621 762//762 615//615
f 759//759 621//621 616//616
f 762//762 621//621 759//759
f 623//623 763//763 764//764
f 622//622 763//763 623//623
f 760//760 618//618 623//623
f 764//764 760//760 623//623
f 620//620 761//761 765//765
f 624//624 620//620 765//765
f 766//766 765//765 767//767
f 766//766 625//625 765//765
f 625//625 624//624 765//765
f 625//625 768//768 626//626
f 766//766 768//768 625//625
f 626//626 769//769 627//627
f 768//768 769//769 626//626
f 627//627 769//769 770//770
f 627//627 770//770 622//622
f 622//622 770//770 763//763
f 771//771 766//766 767//767
f 772//772 771//771 767//767
f 768//768 766//766 773//773
f 773//773 766//766 771//771
f 769//769 768//768 774//774
f 774//774 768//768 773//773
f 775//775 770//770 769//769
f 774//774 775//775 769//769
f 776//776 771//771 772//772
f 777//777 776//776 772//772
f 773//773 771//771 778//778
f 778//778 771//771 776//776
f 774//774 773//773 779//779
f 779//779 773//773 778//778
f 780//780 775//775 774//774
f 779//779 780//780 774//774
f 781//781 776//776 777//777
f 782//782 781//781 777//777
f 778//778 776//776 783//783
f 783//783 776//776 781//781
f 779//779 778//778 784//784
f 784//784 778//778 783//783
f 785//785 780//780 779//779
f 784//784 785//785 779//779
f 786//786 781//781 782//782
f 787//787 786//786 782//782
f 783//783 781//781 788//788
f 788//788 781//781 786//786
f 784//784 783//783 789//789
f 789//789 783//783 788//788
f 790//790 785//785 784//784
f 789//789 790//790 784//784
f 786//786 787//787 791//791
f 791//791 792//792 793//793
f 791//791 793//793 786//786
f 786//786 793//793 788//788
f 789//789 788//788 794//794
f 794//794 788//788 793//793
f 795//795 790//790 789//789
f 794//794 795//795 789//789
f 793//793 792//792 796//796
f 794//794 793//793 796//796
f 797//797 794//794 796//796
f 795//795 794//794 797//797
f 634//634 798//798 633//633
f 634//634 635//635 799//799
f 798//798 634//634 799//799
f 635//635 636//636 800//800
f 799//799 635//635 800//800
f 636//636 637//637 801//801
f 800//800 636//636 801//801
f 637//637 638//638 801//801
f 798//798 802//802 640//640
f 633//633 798//798 640//640
f 799//799 803//803 798//798
f 803//803 802//802 798//798
f 800//800 804//804 799//799
f 804//804 803//803 799//799
f 801//801 805//805 800//800
f 805//805 804//804 800//800
f 638//638 643//643 805//805
f 801//801 638//638 805//805
f 802//802 806//806 645//645
f 640//640 802//802 645//645
f 803//803 807//807 802//802
f 807//807 806//806 802//802
f 804//804 808//808 803//803
f 808//808 807//807 803//803
f 805//805 809//809 804//804
f 809//809 808//808 804//804
f 643//643 648//648 809//809
f 805//805 643//643 809//809
f 810//810 811//811 812//812
f 806//806 813//813 811//811
f 806//806 811//811 650//650
f 806//806 650//650 645//645
f 650//650 811//811 810//810
f 807//807 813//813 806//806
f 814//814 813//813 807//807
f 808//808 814//814 807//807
f 815//815 814//814 808//808
f 815//815 816//816 817//817
f 816//816 815//815 653//653
f 808//808 653//653 815//815
f 653//653 808//808 651//651
f 809//809 651//651 808//808
f 809//809 648//648 651//651
f 818//818 817//817 816//816
f 656//656 810//810 812//812
f 656//656 812//812 654//654
f 654//654 812//812 819//819
f 650//650 810//810 656//656
f 820//820 821//821 822//822
f 822//822 823//823 820//820
f 816//816 657//657 824//824
f 653//653 657//657 816//816
f 825//825 818//818 816//816
f 824//824 825//825 816//816
f 654//654 819//819 658//658
f 819//819 826//826 658//658
f 827//827 828//828 829//829
f 821//821 827//827 829//829
f 821//821 820//820 827//827
f 820//820 830//830 827//827
f 831//831 820//820 823//823
f 830//830 820//820 831//831
f 824//824 660//660 832//832
f 657//657 660//660 824//824
f 833//833 825//825 824//824
f 832//832 833//833 824//824
f 658//658 826//826 661//661
f 826//826 834//834 661//661
f 835//835 828//828 827//827
f 836//836 828//828 835//835
f 830//830 837//837 827//827
f 837//837 835//835 827//827
f 838//838 830//830 831//831
f 837//837 830//830 838//838
f 660//660 663//663 832//832
f 832//832 663//663 664//664
f 832//832 664//664 833//833
f 833//833 664//664 839//839
f 661//661 834//834 665//665
f 834//834 840//840 665//665
f 841//841 836//836 835//835
f 842//842 836//836 841//841
f 667//667 666//666 841//841
f 667//667 841//841 837//837
f 837//837 841//841 835//835
f 668//668 843//843 844//844
f 667//667 843//843 668//668
f 667//667 838//838 843//843
f 667//667 837//837 838//838
f 843//843 845//845 844//844
f 664//664 669//669 839//839
f 839//839 669//669 846//846
f 670//670 847//847 671//671
f 670//670 848//848 847//847
f 670//670 665//665 848//848
f 665//665 840//840 848//848
f 673//673 842//842 841//841
f 673//673 672//672 842//842
f 672//672 849//849 842//842
f 666//666 673//673 841//841
f 668//668 844//844 674//674
f 844//844 675//675 674//674
f 844//844 845//845 675//675
f 845//845 850//850 675//675
f 851//851 669//669 676//676
f 851//851 852//852 669//669
f 852//852 846//846 669//669
f 676//676 677//677 851//851
f 847//847 853//853 854//854
f 847//847 854//854 671//671
f 671//671 854//854 678//678
f 848//848 853//853 847//847
f 672//672 680//680 849//849
f 849//849 680//680 855//855
f 675//675 850//850 681//681
f 850//850 856//856 681//681
f 851//851 857//857 852//852
f 857//857 851//851 677//677
f 857//857 677//677 858//858
f 858//858 677//677 682//682
f 678//678 854//854 683//683
f 854//854 859//859 683//683
f 860//860 685//685 861//861
f 860//860 855//855 685//685
f 855//855 680//680 685//685
f 860//860 861//861 862//862
f 863//863 686//686 681//681
f 863//863 681//681 864//864
f 864//864 681//681 856//856
f 686//686 863//863 687//687
f 682//682 688//688 858//858
f 858//858 688//688 865//865
f 866//866 867//867 689//689
f 866//866 689//689 859//859
f 859//859 689//689 683//683
f 866//866 868//868 867//867
f 685//685 691//691 861//861
f 692//692 869//869 870//870
f 691//691 692//692 870//870
f 691//691 870//870 862//862
f 691//691 862//862 861//861
f 869//869 871//871 872//872
f 870//870 869//869 872//872
f 864//864 872//872 871//871
f 863//863 864//864 871//871
f 863//863 871//871 694//694
f 863//863 694//694 693//693
f 687//687 863//863 693//693
f 873//873 874//874 875//875
f 874//874 873//873 865//865
f 874//874 865//865 695//695
f 695//695 865//865 688//688
f 689//689 867//867 696//696
f 867//867 697//697 696//696
f 867//867 868//868 697//697
f 868//868 876//876 697//697
f 869//869 698//698 877//877
f 692//692 698//698 869//869
f 701//701 877//877 700//700
f 701//701 871//871 877//877
f 871//871 869//869 877//877
f 694//694 871//871 701//701
f 703//703 875//875 874//874
f 703//703 702//702 875//875
f 702//702 878//878 875//875
f 695//695 703//703 874//874
f 697//697 876//876 705//705
f 876//876 879//879 705//705
f 880//880 881//881 882//882
f 877//877 882//882 883//883
f 877//877 707//707 882//882
f 877//877 698//698 707//707
f 707//707 880//880 882//882
f 877//877 708//708 700//700
f 877//877 884//884 708//708
f 877//877 883//883 884//884
f 885//885 708//708 884//884
f 884//884 886//886 885//885
f 702//702 710//710 878//878
f 878//878 710//710 887//887
f 705//705 879//879 711//711
f 879//879 888//888 711//711
f 889//889 881//881 880//880
f 890//890 881//881 889//889
f 707//707 713//713 889//889
f 880//880 707//707 889//889
f 708//708 885//885 714//714
f 885//885 716//716 714//714
f 885//885 886//886 716//716
f 886//886 891//891 716//716
f 710//710 717//717 887//887
f 887//887 717//717 892//892
f 719//719 893//893 894//894
f 720//720 719//719 894//894
f 888//888 719//719 711//711
f 893//893 719//719 888//888
f 723//723 890//890 889//889
f 723//723 722//722 890//890
f 722//722 895//895 890//890
f 713//713 723//723 889//889
f 716//716 891//891 725//725
f 891//891 896//896 725//725
f 717//717 897//897 892//892
f 726//726 897//897 717//717
f 897//897 726//726 728//728
f 898//898 897//897 728//728
f 720//720 894//894 730//730
f 894//894 899//899 730//730
f 722//722 732//732 895//895
f 895//895 732//732 900//900
f 725//725 896//896 734//734
f 896//896 901//901 734//734
f 728//728 736//736 898//898
f 898//898 736//736 902//902
f 903//903 737//737 730//730
f 903//903 730//730 904//904
f 904//904 730//730 899//899
f 737//737 903//903 738//738
f 732//732 740//740 900//900
f 900//900 740//740 905//905
f 734//734 901//901 742//742
f 901//901 906//906 742//742
f 744//744 743//743 907//907
f 744//744 907//907 908//908
f 744//744 908//908 736//736
f 736//736 908//908 902//902
f 903//903 904//904 909//909
f 909//909 738//738 903//903
f 909//909 910//910 738//738
f 910//910 745//745 738//738
f 911//911 747//747 912//912
f 911//911 905//905 747//747
f 905//905 740//740 747//747
f 911//911 912//912 913//913
f 748//748 914//914 915//915
f 749//749 748//748 915//915
f 906//906 748//748 742//742
f 914//914 748//748 906//906
f 907//907 916//916 917//917
f 907//907 743//743 916//916
f 743//743 750//750 916//916
f 908//908 907//907 917//917
f 745//745 910//910 751//751
f 910//910 918//918 751//751
f 912//912 753//753 919//919
f 747//747 753//753 912//912
f 920//920 913//913 912//912
f 920//920 912//912 921//921
f 921//921 912//912 919//919
f 921//921 915//915 920//920
f 921//921 754//754 915//915
f 754//754 749//749 915//915
f 922//922 923//923 924//924
f 922//922 924//924 916//916
f 922//922 916//916 755//755
f 755//755 916//916 750//750
f 751//751 918//918 756//756
f 918//918 925//925 756//756
f 753//753 757//757 919//919
f 758//758 919//919 757//757
f 758//758 926//926 919//919
f 926//926 921//921 919//919
f 754//754 926//926 759//759
f 921//921 926//926 754//754
f 927//927 923//923 922//922
f 928//928 923//923 927//927
f 755//755 760//760 927//927
f 922//922 755//755 927//927
f 929//929 930//930 761//761
f 929//929 761//761 925//925
f 925//925 761//761 756//756
f 929//929 931//931 930//930
f 932//932 762//762 933//933
f 932//932 758//758 762//762
f 926//926 758//758 932//932
f 926//926 932//932 934//934
f 935//935 926//926 934//934
f 935//935 759//759 926//926
f 935//935 933//933 762//762
f 759//759 935//935 762//762
f 764//764 928//928 927//927
f 764//764 763//763 928//928
f 763//763 936//936 928//928
f 760//760 764//764 927//927
f 761//761 930//930 765//765
f 930//930 767//767 765//765
f 930//930 931//931 767//767
f 931//931 937//937 767//767
f 933//933 938//938 932//932
f 935//935 938//938 933//933
f 763//763 770//770 936//936
f 936//936 770//770 939//939
f 767//767 937//937 772//772
f 937//937 940//940 772//772
f 941//941 942//942 943//943
f 943//943 944//944 941//941
f 770//770 775//775 939//939
f 939//939 775//775 945//945
f 772//772 940//940 777//777
f 940//940 946//946 777//777
f 947//947 942//942 941//941
f 948//948 942//942 947//947
f 949//949 941//941 944//944
f 947//947 941//941 949//949
f 950//950 780//780 951//951
f 950//950 945//945 780//780
f 945//945 775//775 780//780
f 950//950 951//951 952//952
f 953//953 954//954 955//955
f 953//953 946//946 954//954
f 953//953 782//782 946//946
f 782//782 777//777 946//946
f 956//956 948//948 947//947
f 957//957 948//948 956//956
f 958//958 947//947 949//949
f 956//956 947//947 958//958
f 951//951 785//785 959//959
f 780//780 785//785 951//951
f 960//960 952//952 951//951
f 959//959 960//960 951//951
f 961//961 953//953 955//955
f 962//962 961//961 955//955
f 782//782 961//961 787//787
f 953//953 961//961 782//782
f 963//963 957//957 956//956
f 964//964 957//957 963//963
f 965//965 956//956 958//958
f 963//963 956//956 965//965
f 959//959 790//790 966//966
f 785//785 790//790 959//959
f 967//967 960//960 959//959
f 966//966 967//967 959//959
f 968//968 961//961 962//962
f 969//969 968//968 962//962
f 787//787 970//970 791//791
f 787//787 961//961 970//970
f 961//961 968//968 970//970
f 963//963 971//971 964//964
f 792//792 791//791 970//970
f 965//965 971//971 963//963
f 966//966 795//795 972//972
f 790//790 795//795 966//966
f 973//973 967//967 966//966
f 972//972 973//973 966//966
f 968//968 969//969 974//974
f 970//970 968//968 974//974
f 975//975 970//970 974//974
f 792//792 970//970 975//975
f 792//792 975//975 796//796
f 796//796 975//975 976//976
f 797//797 796//796 977//977
f 796//796 976//976 977//977
f 972//972 795//795 797//797
f 972//972 797//797 978//978
f 978//978 797//797 977//977
f 973//973 972//972 978//978
f 979//979 980//980 981//981
f 979//979 982//982 983//983
f 980//980 979//979 983//983
f 982//982 984//984 985//985
f 983//983 982//982 985//985
f 985//985 984//984 986//986
f 987//987 979//979 981//981
f 988//988 987//987 981//981
f 982//982 979//979 989//989
f 989//989 979//979 987//987
f 984//984 982//982 990//990
f 990//990 982//982 989//989
f 991//991 986//986 984//984
f 990//990 991//991 984//984
f 811//811 992//992 993//993
f 812//812 811//811 993//993
f 988//988 813//813 987//987
f 988//988 992//992 813//813
f 992//992 811//811 813//813
f 814//814 987//987 813//813
f 989//989 987//987 814//814
f 815//815 989//989 814//814
f 990//990 989//989 815//815
f 990//990 994//994 991//991
f 990//990 815//815 994//994
f 815//815 817//817 994//994
f 994//994 817//817 818//818
f 995//995 994//994 818//818
f 996//996 997//997 998//998
f 996//996 993//993 997//997
f 996//996 819//819 993//993
f 819//819 812//812 993//993
f 999//999 1000//1000 1001//1001
f 999//999 822//822 821//821
f 999//999 1001//1001 822//822
f 1001//1001 1002//1002 822//822
f 823//823 1003//1003 1004//1004
f 823//823 822//822 1003//1003
f 822//822 1002//1002 1003//1003
f 1003//1003 1005//1005 1004//1004
f 818//818 825//825 995//995
f 995//995 825//825 1006//1006
f 1007//1007 996//996 998//998
f 1008//1008 1007//1007 998//998
f 819//819 1007//1007 826//826
f 996//996 1007//1007 819//819
f 829//829 1000//1000 999//999
f 829//829 828//828 1000//1000
f 828//828 1009//1009 1000//1000
f 821//821 829//829 999//999
f 1004//1004 1010//1010 831//831
f 823//823 1004//1004 831//831
f 1011//1011 1004//1004 1005//1005
f 1010//1010 1004//1004 1011//1011
f 825//825 833//833 1006//1006
f 1006//1006 833//833 1012//1012
f 1013//1013 1007//1007 1008//1008
f 1014//1014 1013//1013 1008//1008
f 826//826 1013//1013 834//834
f 1007//1007 1013//1013 826//826
f 828//828 836//836 1009//1009
f 1009//1009 836//836 1015//1015
f 1010//1010 1016//1016 838//838
f 831//831 1010//1010 838//838
f 1017//1017 1010//1010 1011//1011
f 1016//1016 1010//1010 1017//1017
f 833//833 839//839 1012//1012
f 1012//1012 839//839 1018//1018
f 1013//1013 1014//1014 1019//1019
f 1019//1019 834//834 1013//1013
f 1019//1019 1020//1020 834//834
f 1020//1020 840//840 834//834
f 1021//1021 842//842 1022//1022
f 1021//1021 1015//1015 842//842
f 1015//1015 836//836 842//842
f 1021//1021 1022//1022 1023//1023
f 843//843 838//838 1016//1016
f 1024//1024 1025//1025 1026//1026
f 845//845 1026//1026 1025//1025
f 845//845 1017//1017 1026//1026
f 845//845 843//843 1016//1016
f 1017//1017 845//845 1016//1016
f 839//839 846//846 1018//1018
f 1018//1018 846//846 1027//1027
f 840//840 1020//1020 848//848
f 1020//1020 1028//1028 848//848
f 1022//1022 849//849 1029//1029
f 842//842 849//849 1022//1022
f 1030//1030 1023//1023 1022//1022
f 1029//1029 1030//1030 1022//1022
f 1031//1031 1025//1025 1024//1024
f 1032//1032 1031//1031 1024//1024
f 845//845 1031//1031 850//850
f 1025//1025 1031//1031 845//845
f 846//846 852//852 1027//1027
f 1027//1027 852//852 1033//1033
f 853//853 1034//1034 854//854
f 853//853 1035//1035 1034//1034
f 853//853 848//848 1035//1035
f 848//848 1028//1028 1035//1035
f 1029//1029 855//855 1036//1036
f 849//849 855//855 1029//1029
f 1037//1037 1030//1030 1029//1029
f 1037//1037 1029//1029 1038//1038
f 1038//1038 1029//1029 1036//1036
f 1032//1032 1037//1037 1038//1038
f 1032//1032 1038//1038 1031//1031
f 1031//1031 1038//1038 1039//1039
f 850//850 1039//1039 856//856
f 1031//1031 1039//1039 850//850
f 1040//1040 852//852 857//857
f 1040//1040 1041//1041 852//852
f 1041//1041 1033//1033 852//852
f 857//857 858//858 1040//1040
f 1034//1034 1042//1042 859//859
f 854//854 1034//1034 859//859
f 1043//1043 1034//1034 1035//1035
f 1042//1042 1034//1034 1043//1043
f 855//855 860//860 1036//1036
f 862//862 1036//1036 860//860
f 862//862 1044//1044 1036//1036
f 1044//1044 1038//1038 1036//1036
f 1039//1039 1038//1038 1045//1045
f 1045//1045 1038//1038 1044//1044
f 856//856 1045//1045 864//864
f 1039//1039 1045//1045 856//856
f 1046//1046 1041//1041 1040//1040
f 1047//1047 1041//1041 1046//1046
f 858//858 865//865 1046//1046
f 1040//1040 858//858 1046//1046
f 859//859 1042//1042 866//866
f 868//868 1048//1048 1049//1049
f 866//866 1048//1048 868//868
f 866//866 1043//1043 1048//1048
f 866//866 1042//1042 1043//1043
f 1048//1048 1050//1050 1049//1049
f 862//862 870//870 1044//1044
f 872//872 1044//1044 870//870
f 1045//1045 1044//1044 872//872
f 864//864 1045//1045 872//872
f 873//873 1047//1047 1046//1046
f 873//873 875//875 1047//1047
f 875//875 1051//1051 1047//1047
f 865//865 873//873 1046//1046
f 1049//1049 1052//1052 876//876
f 868//868 1049//1049 876//876
f 1053//1053 1049//1049 1050//1050
f 1052//1052 1049//1049 1053//1053
f 875//875 878//878 1051//1051
f 1051//1051 878//878 1054//1054
f 1052//1052 1055//1055 1056//1056
f 1052//1052 1056//1056 876//876
f 876//876 1056//1056 879//879
f 882//882 881//881 1057//1057
f 1052//1052 1053//1053 1055//1055
f 1058//1058 882//882 1057//1057
f 1058//1058 1059//1059 882//882
f 1059//1059 883//883 882//882
f 1060//1060 1059//1059 1061//1061
f 1060//1060 884//884 1059//1059
f 884//884 883//883 1059//1059
f 884//884 1060//1060 886//886
f 878//878 887//887 1054//1054
f 1054//1054 887//887 1062//1062
f 879//879 1056//1056 888//888
f 1056//1056 1063//1063 888//888
f 1057//1057 890//890 1064//1064
f 881//881 890//890 1057//1057
f 1065//1065 1058//1058 1057//1057
f 1064//1064 1065//1065 1057//1057
f 1066//1066 1060//1060 1061//1061
f 1067//1067 1066//1066 1061//1061
f 886//886 1066//1066 891//891
f 1060//1060 1066//1066 886//886
f 887//887 892//892 1062//1062
f 1062//1062 892//892 1068//1068
f 893//893 1069//1069 1070//1070
f 894//894 893//893 1070//1070
f 1063//1063 893//893 888//888
f 1069//1069 893//893 1063//1063
f 1064//1064 1071//1071 1072//1072
f 1064//1064 890//890 1071//1071
f 890//890 895//895 1071//1071
f 1065//1065 1064//1064 1072//1072
f 1066//1066 1067//1067 1073//1073
f 1073//1073 891//891 1066//1066
f 1073//1073 1074//1074 891//891
f 1074//1074 896//896 891//891
f 892//892 1075//1075 1068//1068
f 897//897 1075//1075 892//892
f 1075//1075 897//897 898//898
f 1076//1076 1075//1075 898//898
f 894//894 1070//1070 899//899
f 1070//1070 1077//1077 899//899
f 895//895 900//900 1071//1071
f 1071//1071 900//900 1078//1078
f 896//896 1074//1074 901//901
f 1074//1074 1079//1079 901//901
f 898//898 902//902 1076//1076
f 1076//1076 902//902 1080//1080
f 899//899 1077//1077 904//904
f 1077//1077 1081//1081 904//904
f 1082//1082 905//905 1083//1083
f 1082//1082 1078//1078 905//905
f 1078//1078 900//900 905//905
f 1082//1082 1083//1083 1084//1084
f 1085//1085 1086//1086 1087//1087
f 1085//1085 1079//1079 1086//1086
f 1085//1085 906//906 1079//1079
f 906//906 901//901 1079//1079
f 1088//1088 1089//1089 1090//1090
f 1088//1088 1090//1090 1080//1080
f 1088//1088 1080//1080 908//908
f 908//908 1080//1080 902//902
f 904//904 1081//1081 1091//1091
f 909//909 904//904 1091//1091
f 1091//1091 910//910 909//909
f 1092//1092 910//910 1091//1091
f 905//905 911//911 1083//1083
f 913//913 1093//1093 1094//1094
f 911//911 913//913 1094//1094
f 911//911 1094//1094 1084//1084
f 911//911 1084//1084 1083//1083
f 1087//1087 1094//1094 1093//1093
f 1085//1085 1087//1087 1093//1093
f 1085//1085 1093//1093 915//915
f 1085//1085 915//915 914//914
f 906//906 1085//1085 914//914
f 917//917 1089//1089 1088//1088
f 917//917 916//916 1089//1089
f 916//916 1095//1095 1089//1089
f 908//908 917//917 1088//1088
f 1096//1096 1097//1097 918//918
f 1096//1096 918//918 1092//1092
f 1092//1092 918//918 910//910
f 1096//1096 1098//1098 1097//1097
f 913//913 920//920 1093//1093
f 915//915 1093//1093 920//920
f 1099//1099 1100//1100 1101//1101
f 1100//1100 924//924 923//923
f 1100//1100 1099//1099 924//924
f 1099//1099 1102//1102 924//924
f 1095//1095 916//916 924//924
f 1102//1102 1095//1095 924//924
f 1097//1097 1103//1103 925//925
f 918//918 1097//1097 925//925
f 1104//1104 1097//1097 1098//1098
f 1103//1103 1097//1097 1104//1104
f 1100//1100 1105//1105 1101//1101
f 1105//1105 1100//1100 923//923
f 1105//1105 923//923 1106//1106
f 1106//1106 923//923 928//928
f 925//925 1103//1103 929//929
f 1103//1103 931//931 929//929
f 1103//1103 1104//1104 931//931
f 1104//1104 1107//1107 931//931
f 934//934 1108//1108 1109//1109
f 932//932 1108//1108 934//934
f 1109//1109 935//935 934//934
f 1110//1110 935//935 1109//1109
f 928//928 936//936 1106//1106
f 1106//1106 936//936 1111//1111
f 931//931 1107//1107 937//937
f 1107//1107 1112//1112 937//937
f 1113//1113 932//932 938//938
f 1113//1113 1114//1114 932//932
f 1114//1114 1108//1108 932//932
f 938//938 1115//1115 1113//1113
f 938//938 935//935 1115//1115
f 935//935 1110//1110 1115//1115
f 936//936 939//939 1111//1111
f 1111//1111 939//939 1116//1116
f 937//937 1112//1112 940//940
f 1112//1112 1117//1117 940//940
f 1114//1114 1118//1118 1119//1119
f 1114//1114 942//942 1118//1118
f 1114//1114 1113//1113 943//943
f 942//942 1114//1114 943//943
f 944//944 1119//1119 1118//1118
f 944//944 1115//1115 1119//1119
f 944//944 943//943 1113//1113
f 1115//1115 944//944 1113//1113
f 939//939 945//945 1116//1116
f 1116//1116 945//945 1120//1120
f 1121//1121 1122//1122 1123//1123
f 1121//1121 1117//1117 1122//1122
f 1121//1121 946//946 1117//1117
f 946//946 940//940 1117//1117
f 1118//1118 1124//1124 1125//1125
f 1118//1118 942//942 1124//1124
f 942//942 948//948 1124//1124
f 1125//1125 944//944 1118//1118
f 1125//1125 1126//1126 944//944
f 1126//1126 949//949 944//944
f 945//945 1127//1127 1120//1120
f 950//950 1127//1127 945//945
f 1127//1127 950//950 952//952
f 1128//1128 1127//1127 952//952
f 954//954 1121//1121 1123//1123
f 954//954 1123//1123 955//955
f 955//955 1123//1123 1129//1129
f 946//946 1121//1121 954//954
f 948//948 957//957 1124//1124
f 1124//1124 957//957 1130//1130
f 1131//1131 1132//1132 958//958
f 1131//1131 958//958 1126//1126
f 1126//1126 958//958 949//949
f 1131//1131 1133//1133 1132//1132
f 952//952 960//960 1128//1128
f 1128//1128 960//960 1134//1134
f 955//955 1129//1129 962//962
f 1129//1129 1135//1135 962//962
f 1136//1136 1137//1137 1138//1138
f 1136//1136 1138//1138 1130//1130
f 1136//1136 1130//1130 964//964
f 964//964 1130//1130 957//957
f 1132//1132 1139//1139 965//965
f 958//958 1132//1132 965//965
f 1140//1140 1132//1132 1133//1133
f 1139//1139 1132//1132 1140//1140
f 960//960 967//967 1134//1134
f 1134//1134 967//967 1141//1141
f 962//962 1135//1135 969//969
f 1135//1135 1142//1142 969//969
f 1136//1136 1143//1143 1137//1137
f 964//964 1143//1143 1136//1136
f 964//964 971//971 1143//1143
f 971//971 1144//1144 1143//1143
f 1139//1139 971//971 965//965
f 1139//1139 1145//1145 971//971
f 1145//1145 1144//1144 971//971
f 1140//1140 1145//1145 1139//1139
f 967//967 973//973 1141//1141
f 1141//1141 973//973 1146//1146
f 969//969 1142//1142 1147//1147
f 974//974 969//969 1147//1147
f 1148//1148 1147//1147 1149//1149
f 1148//1148 975//975 1147//1147
f 975//975 974//974 1147//1147
f 975//975 1150//1150 976//976
f 1148//1148 1150//1150 975//975
f 976//976 1151//1151 977//977
f 1150//1150 1151//1151 976//976
f 1152//1152 977//977 1151//1151
f 1152//1152 1153//1153 977//977
f 1153//1153 978//978 977//977
f 1146//1146 973//973 978//978
f 1153//1153 1146//1146 978//978
f 1148//1148 1149//1149 1154//1154
f 1150//1150 1148//1148 1154//1154
f 1155//1155 1150//1150 1154//1154
f 1151//1151 1150//1150 1155//1155
f 1156//1156 1151//1151 1155//1155
f 1152//1152 1151//1151 1156//1156
f 1157//1157 1158//1158 1159//1159
f 1157//1157 981//981 980//980
f 1157//1157 980//980 1158//1158
f 1158//1158 980//980 1160//1160
f 983//983 1161//1161 980//980
f 980//980 1161//1161 1160//1160
f 985//985 1162//1162 983//983
f 983//983 1162//1162 1161//1161
f 986//986 1163//1163 1164//1164
f 986//986 1164//1164 985//985
f 985//985 1164//1164 1162//1162
f 1164//1164 1163//1163 1165//1165
f 1166//1166 1157//1157 1159//1159
f 1167//1167 1166//1166 1159//1159
f 981//981 1166//1166 988//988
f 1157//1157 1166//1166 981//981
f 1168//1168 1169//1169 1170//1170
f 1170//1170 1171//1171 1168//1168
f 1163//1163 991//991 1172//1172
f 986//986 991//991 1163//1163
f 1173//1173 1165//1165 1163//1163
f 1172//1172 1173//1173 1163//1163
f 992//992 1166//1166 1167//1167
f 992//992 1167//1167 993//993
f 993//993 1167//1167 1174//1174
f 988//988 1166//1166 992//992
f 1175//1175 1176//1176 1177//1177
f 1169//1169 1176//1176 1175//1175
f 1169//1169 1168//1168 1176//1176
f 1168//1168 1178//1178 1176//1176
f 1179//1179 1168//1168 1171//1171
f 1179//1179 1180//1180 1168//1168
f 1180//1180 1178//1178 1168//1168
f 991//991 994//994 1172//1172
f 1180//1180 1179//1179 1181//1181
f 1172//1172 994//994 995//995
f 1172//1172 995//995 1173//1173
f 1173//1173 995//995 1182//1182
f 997//997 1183//1183 1184//1184
f 998//998 997//997 1184//1184
f 1174//1174 997//997 993//993
f 1183//1183 997//997 1174//1174
f 1001//1001 1177//1177 1176//1176
f 1001//1001 1000//1000 1177//1177
f 1000//1000 1185//1185 1177//1177
f 1002//1002 1001//1001 1176//1176
f 1178//1178 1002//1002 1176//1176
f 1003//1003 1002//1002 1178//1178
f 1180//1180 1003//1003 1178//1178
f 1180//1180 1005//1005 1003//1003
f 1180//1180 1181//1181 1005//1005
f 1181//1181 1186//1186 1005//1005
f 995//995 1006//1006 1182//1182
f 1182//1182 1006//1006 1187//1187
f 998//998 1184//1184 1008//1008
f 1184//1184 1188//1188 1008//1008
f 1000//1000 1009//1009 1185//1185
f 1185//1185 1009//1009 1189//1189
f 1005//1005 1186//1186 1011//1011
f 1186//1186 1190//1190 1011//1011
f 1006//1006 1012//1012 1187//1187
f 1187//1187 1012//1012 1191//1191
f 1008//1008 1188//1188 1014//1014
f 1188//1188 1192//1192 1014//1014
f 1009//1009 1015//1015 1189//1189
f 1189//1189 1015//1015 1193//1193
f 1011//1011 1190//1190 1017//1017
f 1190//1190 1194//1194 1017//1017
f 1012//1012 1018//1018 1191//1191
f 1191//1191 1018//1018 1195//1195
f 1014//1014 1192//1192 1196//1196
f 1019//1019 1014//1014 1196//1196
f 1196//1196 1020//1020 1019//1019
f 1197//1197 1020//1020 1196//1196
f 1015//1015 1198//1198 1193//1193
f 1021//1021 1198//1198 1015//1015
f 1023//1023 1199//1199 1200//1200
f 1023//1023 1200//1200 1021//1021
f 1021//1021 1200//1200 1198//1198
f 1199//1199 1024//1024 1026//1026
f 1199//1199 1026//1026 1200//1200
f 1200//1200 1026//1026 1201//1201
f 1194//1194 1026//1026 1017//1017
f 1201//1201 1026//1026 1194//1194
f 1018//1018 1027//1027 1195//1195
f 1195//1195 1027//1027 1202//1202
f 1203//1203 1204//1204 1028//1028
f 1203//1203 1028//1028 1197//1197
f 1197//1197 1028//1028 1020//1020
f 1203//1203 1205//1205 1204//1204
f 1199//1199 1030//1030 1206//1206
f 1023//1023 1030//1030 1199//1199
f 1024//1024 1206//1206 1032//1032
f 1199//1199 1206//1206 1024//1024
f 1207//1207 1208//1208 1209//1209
f 1207//1207 1209//1209 1202//1202
f 1207//1207 1202//1202 1033//1033
f 1033//1033 1202//1202 1027//1027
f 1204//1204 1210//1210 1035//1035
f 1028//1028 1204//1204 1035//1035
f 1211//1211 1204//1204 1205//1205
f 1211//1211 1212//1212 1204//1204
f 1212//1212 1210//1210 1204//1204
f 1030//1030 1037//1037 1206//1206
f 1212//1212 1211//1211 1213//1213
f 1032//1032 1206//1206 1037//1037
f 1214//1214 1208//1208 1207//1207
f 1215//1215 1208//1208 1214//1214
f 1033//1033 1041//1041 1214//1214
f 1207//1207 1033//1033 1214//1214
f 1210//1210 1216//1216 1043//1043
f 1035//1035 1210//1210 1043//1043
f 1212//1212 1217//1217 1210//1210
f 1217//1217 1216//1216 1210//1210
f 1218//1218 1212//1212 1213//1213
f 1218//1218 1219//1219 1212//1212
f 1219//1219 1217//1217 1212//1212
f 1219//1219 1220//1220 1221//1221
f 1218//1218 1220//1220 1219//1219
f 1215//1215 1221//1221 1220//1220
f 1215//1215 1214//1214 1221//1221
f 1214//1214 1222//1222 1221//1221
f 1041//1041 1047//1047 1222//1222
f 1214//1214 1041//1041 1222//1222
f 1043//1043 1216//1216 1048//1048
f 1050//1050 1048//1048 1216//1216
f 1050//1050 1216//1216 1223//1223
f 1223//1223 1216//1216 1217//1217
f 1219//1219 1224//1224 1217//1217
f 1224//1224 1223//1223 1217//1217
f 1221//1221 1225//1225 1219//1219
f 1225//1225 1224//1224 1219//1219
f 1222//1222 1226//1226 1221//1221
f 1226//1226 1225//1225 1221//1221
f 1047//1047 1051//1051 1226//1226
f 1222//1222 1047//1047 1226//1226
f 1223//1223 1227//1227 1053//1053
f 1050//1050 1223//1223 1053//1053
f 1228//1228 1224//1224 1229//1229
f 1228//1228 1227//1227 1224//1224
f 1227//1227 1223//1223 1224//1224
f 1225//1225 1229//1229 1224//1224
f 1230//1230 1229//1229 1225//1225
f 1230//1230 1231//1231 1232//1232
f 1230//1230 1225//1225 1231//1231
f 1225//1225 1226//1226 1231//1231
f 1051//1051 1054//1054 1231//1231
f 1226//1226 1051//1051 1231//1231
f 1055//1055 1233//1233 1056//1056
f 1055//1055 1234//1234 1233//1233
f 1053//1053 1234//1234 1055//1055
f 1053//1053 1235//1235 1234//1234
f 1053//1053 1227//1227 1235//1235
f 1059//1059 1058//1058 1236//1236
f 1227//1227 1228//1228 1235//1235
f 1059//1059 1236//1236 1061//1061
f 1237//1237 1232//1232 1231//1231
f 1238//1238 1232//1232 1237//1237
f 1054//1054 1062//1062 1237//1237
f 1231//1231 1054//1054 1237//1237
f 1233//1233 1239//1239 1240//1240
f 1233//1233 1240//1240 1056//1056
f 1056//1056 1240//1240 1063//1063
f 1234//1234 1239//1239 1233//1233
f 1236//1236 1241//1241 1242//1242
f 1236//1236 1058//1058 1241//1241
f 1058//1058 1065//1065 1241//1241
f 1242//1242 1061//1061 1236//1236
f 1242//1242 1243//1243 1061//1061
f 1243//1243 1067//1067 1061//1061
f 1237//1237 1244//1244 1238//1238
f 1244//1244 1237//1237 1062//1062
f 1244//1244 1062//1062 1245//1245
f 1245//1245 1062//1062 1068//1068
f 1069//1069 1246//1246 1070//1070
f 1069//1069 1247//1247 1246//1246
f 1069//1069 1063//1063 1247//1247
f 1063//1063 1240//1240 1247//1247
f 1072//1072 1248//1248 1249//1249
f 1071//1071 1248//1248 1072//1072
f 1241//1241 1065//1065 1072//1072
f 1249//1249 1241//1241 1072//1072
f 1250//1250 1073//1073 1067//1067
f 1250//1250 1067//1067 1251//1251
f 1251//1251 1067//1067 1243//1243
f 1073//1073 1250//1250 1074//1074
f 1252//1252 1068//1068 1075//1075
f 1252//1252 1253//1253 1068//1068
f 1253//1253 1245//1245 1068//1068
f 1075//1075 1076//1076 1252//1252
f 1246//1246 1254//1254 1077//1077
f 1070//1070 1246//1246 1077//1077
f 1255//1255 1246//1246 1247//1247
f 1254//1254 1246//1246 1255//1255
f 1256//1256 1078//1078 1257//1257
f 1256//1256 1248//1248 1078//1078
f 1248//1248 1071//1071 1078//1078
f 1257//1257 1258//1258 1259//1259
f 1256//1256 1257//1257 1259//1259
f 1251//1251 1259//1259 1258//1258
f 1251//1251 1258//1258 1250//1250
f 1250//1250 1258//1258 1260//1260
f 1074//1074 1260//1260 1079//1079
f 1250//1250 1260//1260 1074//1074
f 1261//1261 1253//1253 1252//1252
f 1262//1262 1253//1253 1261//1261
f 1076//1076 1080//1080 1261//1261
f 1252//1252 1076//1076 1261//1261
f 1254//1254 1263//1263 1081//1081
f 1077//1077 1254//1254 1081//1081
f 1264//1264 1254//1254 1255//1255
f 1263//1263 1254//1254 1264//1264
f 1078//1078 1082//1082 1257//1257
f 1084//1084 1257//1257 1082//1082
f 1084//1084 1265//1265 1257//1257
f 1265//1265 1258//1258 1257//1257
f 1086//1086 1265//1265 1087//1087
f 1086//1086 1260//1260 1265//1265
f 1260//1260 1258//1258 1265//1265
f 1079//1079 1260//1260 1086//1086
f 1090//1090 1262//1262 1261//1261
f 1090//1090 1089//1089 1262//1262
f 1089//1089 1266//1266 1262//1262
f 1080//1080 1090//1090 1261//1261
f 1081//1081 1263//1263 1091//1091
f 1092//1092 1267//1267 1268//1268
f 1091//1091 1267//1267 1092//1092
f 1091//1091 1264//1264 1267//1267
f 1091//1091 1263//1263 1264//1264
f 1267//1267 1269//1269 1268//1268
f 1084//1084 1094//1094 1265//1265
f 1087//1087 1265//1265 1094//1094
f 1270//1270 1271//1271 1272//1272
f 1270//1270 1272//1272 1266//1266
f 1270//1270 1266//1266 1095//1095
f 1095//1095 1266//1266 1089//1089
f 1092//1092 1268//1268 1096//1096
f 1098//1098 1273//1273 1274//1274
f 1096//1096 1273//1273 1098//1098
f 1096//1096 1269//1269 1273//1273
f 1096//1096 1268//1268 1269//1269
f 1274//1274 1275//1275 1276//1276
f 1273//1273 1275//1275 1274//1274
f 1276//1276 1099//1099 1101//1101
f 1276//1276 1275//1275 1099//1099
f 1275//1275 1277//1277 1099//1099
f 1271//1271 1270//1270 1102//1102
f 1271//1271 1102//1102 1277//1277
f 1277//1277 1102//1102 1099//1099
f 1095//1095 1102//1102 1270//1270
f 1274//1274 1278//1278 1279//1279
f 1274//1274 1279//1279 1098//1098
f 1098//1098 1279//1279 1104//1104
f 1276//1276 1278//1278 1274//1274
f 1280//1280 1278//1278 1276//1276
f 1101//1101 1280//1280 1276//1276
f 1101//1101 1105//1105 1280//1280
f 1105//1105 1281//1281 1280//1280
f 1281//1281 1105//1105 1106//1106
f 1282//1282 1281//1281 1106//1106
f 1104//1104 1279//1279 1107//1107
f 1279//1279 1283//1283 1107//1107
f 1109//1109 1108//1108 1284//1284
f 1109//1109 1284//1284 1110//1110
f 1106//1106 1111//1111 1282//1282
f 1282//1282 1111//1111 1285//1285
f 1107//1107 1283//1283 1112//1112
f 1283//1283 1286//1286 1112//1112
f 1284//1284 1287//1287 1288//1288
f 1284//1284 1108//1108 1287//1287
f 1108//1108 1114//1114 1287//1287
f 1288//1288 1110//1110 1284//1284
f 1288//1288 1289//1289 1110//1110
f 1289//1289 1115//1115 1110//1110
f 1111//1111 1116//1116 1285//1285
f 1285//1285 1116//1116 1290//1290
f 1112//1112 1286//1286 1117//1117
f 1286//1286 1291//1291 1117//1117
f 1292//1292 1114//1114 1119//1119
f 1292//1292 1293//1293 1114//1114
f 1293//1293 1287//1287 1114//1114
f 1119//1119 1294//1294 1292//1292
f 1119//1119 1115//1115 1294//1294
f 1115//1115 1289//1289 1294//1294
f 1116//1116 1120//1120 1290//1290
f 1290//1290 1120//1120 1295//1295
f 1122//1122 1296//1296 1297//1297
f 1123//1123 1122//1122 1297//1297
f 1291//1291 1122//1122 1117//1117
f 1296//1296 1122//1122 1291//1291
f 1125//1125 1293//1293 1292//1292
f 1125//1125 1124//1124 1293//1293
f 1124//1124 1298//1298 1293//1293
f 1292//1292 1126//1126 1125//1125
f 1292//1292 1294//1294 1126//1126
f 1294//1294 1299//1299 1126//1126
f 1120//1120 1300//1300 1295//1295
f 1127//1127 1300//1300 1120//1120
f 1300//1300 1127//1127 1128//1128
f 1301//1301 1300//1300 1128//1128
f 1123//1123 1297//1297 1129//1129
f 1297//1297 1302//1302 1129//1129
f 1124//1124 1130//1130 1298//1298
f 1298//1298 1130//1130 1303//1303
f 1304//1304 1131//1131 1126//1126
f 1304//1304 1126//1126 1305//1305
f 1305//1305 1126//1126 1299//1299
f 1131//1131 1304//1304 1133//1133
f 1128//1128 1134//1134 1301//1301
f 1301//1301 1134//1134 1306//1306
f 1129//1129 1302//1302 1135//1135
f 1302//1302 1307//1307 1135//1135
f 1138//1138 1308//1308 1309//1309
f 1137//1137 1308//1308 1138//1138
f 1303//1303 1130//1130 1138//1138
f 1309//1309 1303//1303 1138//1138
f 1310//1310 1304//1304 1305//1305
f 1311//1311 1310//1310 1305//1305
f 1133//1133 1310//1310 1140//1140
f 1304//1304 1310//1310 1133//1133
f 1134//1134 1141//1141 1306//1306
f 1306//1306 1141//1141 1312//1312
f 1135//1135 1307//1307 1142//1142
f 1307//1307 1313//1313 1142//1142
f 1137//1137 1314//1314 1308//1308
f 1143//1143 1314//1314 1137//1137
f 1144//1144 1315//1315 1143//1143
f 1143//1143 1315//1315 1314//1314
f 1311//1311 1145//1145 1310//1310
f 1311//1311 1315//1315 1145//1145
f 1315//1315 1144//1144 1145//1145
f 1140//1140 1310//1310 1145//1145
f 1141//1141 1146//1146 1312//1312
f 1312//1312 1146//1146 1316//1316
f 1142//1142 1313//1313 1317//1317
f 1147//1147 1142//1142 1317//1317
f 1317//1317 1149//1149 1147//1147
f 1318//1318 1149//1149 1317//1317
f 1319//1319 1320//1320 1321//1321
f 1319//1319 1153//1153 1152//1152
f 1319//1319 1321//1321 1153//1153
f 1321//1321 1322//1322 1153//1153
f 1316//1316 1146//1146 1153//1153
f 1322//1322 1316//1316 1153//1153
f 1149//1149 1318//1318 1323//1323
f 1154//1154 1149//1149 1323//1323
f 1155//1155 1154//1154 1324//1324
f 1154//1154 1323//1323 1324//1324
f 1320//1320 1319//1319 1156//1156
f 1320//1320 1156//1156 1324//1324
f 1324//1324 1156//1156 1155//1155
f 1152//1152 1156//1156 1319//1319
f 1325//1325 1326//1326 1327//1327
f 1326//1326 1325//1325 1328//1328
f 1329//1329 1330//1330 1331//1331
f 1327//1327 1330//1330 1329//1329
f 1327//1327 1329//1329 1325//1325
f 1325//1325 1329//1329 1332//1332
f 1333//1333 1328//1328 1325//1325
f 1333//1333 1325//1325 1334//1334
f 1334//1334 1325//1325 1332//1332
f 1333//1333 1334//1334 1335//1335
f 1158//1158 1336//1336 1337//1337
f 1159//1159 1158//1158 1337//1337
f 1331//1331 1160//1160 1329//1329
f 1331//1331 1336//1336 1160//1160
f 1336//1336 1158//1158 1160//1160
f 1161//1161 1329//1329 1160//1160
f 1332//1332 1329//1329 1161//1161
f 1162//1162 1332//1332 1161//1161
f 1334//1334 1332//1332 1162//1162
f 1334//1334 1338//1338 1335//1335
f 1334//1334 1162//1162 1338//1338
f 1162//1162 1164//1164 1338//1338
f 1338//1338 1164//1164 1165//1165
f 1339//1339 1338//1338 1165//1165
f 1340//1340 1341//1341 1342//1342
f 1340//1340 1337//1337 1341//1341
f 1340//1340 1167//1167 1337//1337
f 1167//1167 1159//1159 1337//1337
f 1343//1343 1344//1344 1345//1345
f 1343//1343 1170//1170 1169//1169
f 1343//1343 1345//1345 1170//1170
f 1345//1345 1346//1346 1170//1170
f 1171//1171 1347//1347 1348//1348
f 1171//1171 1170//1170 1347//1347
f 1170//1170 1346//1346 1347//1347
f 1347//1347 1349//1349 1348//1348
f 1165//1165 1173//1173 1339//1339
f 1339//1339 1173//1173 1350//1350
f 1351//1351 1340//1340 1342//1342
f 1352//1352 1351//1351 1342//1342
f 1167//1167 1351//1351 1174//1174
f 1340//1340 1351//1351 1167//1167
f 1175//1175 1344//1344 1343//1343
f 1175//1175 1177//1177 1344//1344
f 1177//1177 1353//1353 1344//1344
f 1169//1169 1175//1175 1343//1343
f 1171//1171 1348//1348 1179//1179
f 1348//1348 1181//1181 1179//1179
f 1348//1348 1349//1349 1181//1181
f 1349//1349 1354//1354 1181//1181
f 1173//1173 1182//1182 1350//1350
f 1350//1350 1182//1182 1355//1355
f 1183//1183 1351//1351 1352//1352
f 1183//1183 1352//1352 1184//1184
f 1184//1184 1352//1352 1356//1356
f 1174//1174 1351//1351 1183//1183
f 1177//1177 1185//1185 1353//1353
f 1353//1353 1185//1185 1357//1357
f 1181//1181 1354//1354 1186//1186
f 1354//1354 1358//1358 1186//1186
f 1182//1182 1187//1187 1355//1355
f 1355//1355 1187//1187 1359//1359
f 1360//1360 1361//1361 1188//1188
f 1360//1360 1188//1188 1356//1356
f 1356//1356 1188//1188 1184//1184
f 1360//1360 1362//1362 1361//1361
f 1363//1363 1189//1189 1364//1364
f 1363//1363 1357//1357 1189//1189
f 1357//1357 1185//1185 1189//1189
f 1363//1363 1364//1364 1365//1365
f 1186//1186 1358//1358 1190//1190
f 1358//1358 1366//1366 1190//1190
f 1187//1187 1191//1191 1359//1359
f 1359//1359 1191//1191 1367//1367
f 1361//1361 1368//1368 1192//1192
f 1188//1188 1361//1361 1192//1192
f 1369//1369 1361//1361 1362//1362
f 1368//1368 1361//1361 1369//1369
f 1364//1364 1193//1193 1370//1370
f 1189//1189 1193//1193 1364//1364
f 1371//1371 1365//1365 1364//1364
f 1371//1371 1364//1364 1372//1372
f 1372//1372 1364//1364 1370//1370
f 1372//1372 1373//1373 1374//1374
f 1371//1371 1372//1372 1374//1374
f 1373//1373 1366//1366 1374//1374
f 1373//1373 1194//1194 1366//1366
f 1194//1194 1190//1190 1366//1366
f 1191//1191 1195//1195 1367//1367
f 1367//1367 1195//1195 1375//1375
f 1192//1192 1368//1368 1196//1196
f 1368//1368 1197//1197 1196//1196
f 1368//1368 1369//1369 1197//1197
f 1369//1369 1376//1376 1197//1197
f 1193//1193 1198//1198 1370//1370
f 1200//1200 1370//1370 1198//1198
f 1372//1372 1370//1370 1200//1200
f 1201//1201 1372//1372 1200//1200
f 1373//1373 1372//1372 1201//1201
f 1194//1194 1373//1373 1201//1201
f 1195//1195 1202//1202 1375//1375
f 1375//1375 1202//1202 1377//1377
f 1197//1197 1376//1376 1378//1378
f 1203//1203 1197//1197 1378//1378
f 1205//1205 1379//1379 1380//1380
f 1205//1205 1203//1203 1379//1379
f 1203//1203 1378//1378 1379//1379
f 1380//1380 1381//1381 1382//1382
f 1379//1379 1381//1381 1380//1380
f 1382//1382 1383//1383 1384//1384
f 1381//1381 1383//1383 1382//1382
f 1384//1384 1209//1209 1208//1208
f 1384//1384 1383//1383 1209//1209
f 1383//1383 1385//1385 1209//1209
f 1377//1377 1202//1202 1209//1209
f 1385//1385 1377//1377 1209//1209
f 1205//1205 1380//1380 1211//1211
f 1213//1213 1211//1211 1380//1380
f 1213//1213 1380//1380 1386//1386
f 1386//1386 1380//1380 1382//1382
f 1384//1384 1387//1387 1382//1382
f 1387//1387 1386//1386 1382//1382
f 1208//1208 1215//1215 1387//1387
f 1384//1384 1208//1208 1387//1387
f 1213//1213 1386//1386 1218//1218
f 1220//1220 1218//1218 1386//1386
f 1387//1387 1220//1220 1386//1386
f 1215//1215 1220//1220 1387//1387
f 1388//1388 1389//1389 1390//1390
f 1388//1388 1228//1228 1229//1229
f 1388//1388 1229//1229 1389//1389
f 1389//1389 1229//1229 1391//1391
f 1230//1230 1392//1392 1229//1229
f 1229//1229 1392//1392 1391//1391
f 1392//1392 1230//1230 1232//1232
f 1393//1393 1392//1392 1232//1232
f 1394//1394 1395//1395 1396//1396
f 1390//1390 1395//1395 1394//1394
f 1388//1388 1390//1390 1394//1394
f 1388//1388 1394//1394 1234//1234
f 1388//1388 1234//1234 1235//1235
f 1228//1228 1388//1388 1235//1235
f 1397//1397 1238//1238 1398//1398
f 1397//1397 1393//1393 1238//1238
f 1393//1393 1232//1232 1238//1238
f 1397//1397 1398//1398 1399//1399
f 1239//1239 1394//1394 1396//1396
f 1239//1239 1396//1396 1240//1240
f 1240//1240 1396//1396 1400//1400
f 1234//1234 1394//1394 1239//1239
f 1242//1242 1401//1401 1402//1402
f 1241//1241 1401//1401 1242//1242
f 1402//1402 1243//1243 1242//1242
f 1403//1403 1243//1243 1402//1402
f 1238//1238 1244//1244 1398//1398
f 1398//1398 1244//1244 1245//1245
f 1398//1398 1245//1245 1399//1399
f 1399//1399 1245//1245 1404//1404
f 1240//1240 1400//1400 1247//1247
f 1400//1400 1405//1405 1247//1247
f 1249//1249 1406//1406 1407//1407
f 1248//1248 1406//1406 1249//1249
f 1401//1401 1241//1241 1249//1249
f 1407//1407 1401//1401 1249//1249
f 1243//1243 1403//1403 1251//1251
f 1403//1403 1408//1408 1251//1251
f 1245//1245 1253//1253 1404//1404
f 1404//1404 1253//1253 1409//1409
f 1247//1247 1405//1405 1255//1255
f 1405//1405 1410//1410 1255//1255
f 1248//1248 1411//1411 1406//1406
f 1256//1256 1411//1411 1248//1248
f 1259//1259 1412//1412 1256//1256
f 1256//1256 1412//1412 1411//1411
f 1408//1408 1259//1259 1251//1251
f 1412//1412 1259//1259 1408//1408
f 1413//1413 1414//1414 1415//1415
f 1413//1413 1415//1415 1409//1409
f 1413//1413 1409//1409 1262//1262
f 1262//1262 1409//1409 1253//1253
f 1416//1416 1417//1417 1264//1264
f 1416//1416 1264//1264 1410//1410
f 1410//1410 1264//1264 1255//1255
f 1416//1416 1418//1418 1417//1417
f 1419//1419 1420//1420 1421//1421
f 1414//1414 1419//1419 1421//1421
f 1414//1414 1413//1413 1419//1419
f 1413//1413 1422//1422 1419//1419
f 1262//1262 1266//1266 1422//1422
f 1413//1413 1262//1262 1422//1422
f 1264//1264 1417//1417 1267//1267
f 1269//1269 1423//1423 1424//1424
f 1267//1267 1423//1423 1269//1269
f 1267//1267 1418//1418 1423//1423
f 1267//1267 1417//1417 1418//1418
f 1424//1424 1425//1425 1426//1426
f 1423//1423 1425//1425 1424//1424
f 1420//1420 1426//1426 1425//1425
f 1420//1420 1419//1419 1426//1426
f 1419//1419 1427//1427 1426//1426
f 1272//1272 1271//1271 1427//1427
f 1272//1272 1427//1427 1422//1422
f 1422//1422 1427//1427 1419//1419
f 1266//1266 1272//1272 1422//1422
f 1269//1269 1424//1424 1273//1273
f 1275//1275 1273//1273 1424//1424
f 1426//1426 1275//1275 1424//1424
f 1277//1277 1275//1275 1426//1426
f 1427//1427 1277//1277 1426//1426
f 1271//1271 1277//1277 1427//1427
f 1278//1278 1428//1428 1279//1279
f 1278//1278 1280//1280 1429//1429
f 1428//1428 1278//1278 1429//1429
f 1280//1280 1281//1281 1430//1430
f 1429//1429 1280//1280 1430//1430
f 1281//1281 1282//1282 1430//1430
f 1428//1428 1431//1431 1432//1432
f 1428//1428 1432//1432 1279//1279
f 1279//1279 1432//1432 1283//1283
f 1429//1429 1431//1431 1428//1428
f 1433//1433 1431//1431 1429//1429
f 1430//1430 1433//1433 1429//1429
f 1434//1434 1433//1433 1430//1430
f 1434//1434 1430//1430 1282//1282
f 1434//1434 1282//1282 1435//1435
f 1435//1435 1282//1282 1285//1285
f 1283//1283 1432//1432 1286//1286
f 1432//1432 1436//1436 1286//1286
f 1288//1288 1287//1287 1437//1437
f 1288//1288 1437//1437 1289//1289
f 1285//1285 1290//1290 1435//1435
f 1435//1435 1290//1290 1438//1438
f 1286//1286 1436//1436 1291//1291
f 1436//1436 1439//1439 1291//1291
f 1437//1437 1293//1293 1440//1440
f 1287//1287 1293//1293 1437//1437
f 1289//1289 1440//1440 1294//1294
f 1437//1437 1440//1440 1289//1289
f 1290//1290 1295//1295 1438//1438
f 1438//1438 1295//1295 1441//1441
f 1296//1296 1442//1442 1297//1297
f 1296//1296 1443//1443 1442//1442
f 1296//1296 1291//1291 1443//1443
f 1291//1291 1439//1439 1443//1443
f 1440//1440 1444//1444 1445//1445
f 1440//1440 1293//1293 1444//1444
f 1293//1293 1298//1298 1444//1444
f 1445//1445 1294//1294 1440//1440
f 1445//1445 1446//1446 1294//1294
f 1446//1446 1299//1299 1294//1294
f 1447//1447 1295//1295 1300//1300
f 1447//1447 1448//1448 1295//1295
f 1448//1448 1441//1441 1295//1295
f 1300//1300 1301//1301 1447//1447
f 1442//1442 1449//1449 1450//1450
f 1442//1442 1450//1450 1297//1297
f 1297//1297 1450//1450 1302//1302
f 1443//1443 1449//1449 1442//1442
f 1451//1451 1303//1303 1452//1452
f 1451//1451 1444//1444 1303//1303
f 1444//1444 1298//1298 1303//1303
f 1452//1452 1446//1446 1451//1451
f 1452//1452 1305//1305 1446//1446
f 1305//1305 1299//1299 1446//1446
f 1447//1447 1453//1453 1448//1448
f 1453//1453 1447//1447 1301//1301
f 1453//1453 1301//1301 1454//1454
f 1454//1454 1301//1301 1306//1306
f 1302//1302 1450//1450 1307//1307
f 1450//1450 1455//1455 1307//1307
f 1309//1309 1308//1308 1456//1456
f 1309//1309 1452//1452 1303//1303
f 1309//1309 1456//1456 1452//1452
f 1456//1456 1457//1457 1452//1452
f 1305//1305 1457//1457 1311//1311
f 1452//1452 1457//1457 1305//1305
f 1306//1306 1312//1312 1454//1454
f 1454//1454 1312//1312 1458//1458
f 1307//1307 1455//1455 1313//1313
f 1455//1455 1459//1459 1313//1313
f 1308//1308 1314//1314 1456//1456
f 1315//1315 1456//1456 1314//1314
f 1457//1457 1456//1456 1315//1315
f 1311//1311 1457//1457 1315//1315
f 1460//1460 1461//1461 1462//1462
f 1460//1460 1462//1462 1458//1458
f 1460//1460 1458//1458 1316//1316
f 1316//1316 1458//1458 1312//1312
f 1313//1313 1459//1459 1463//1463
f 1317//1317 1313//1313 1463//1463
f 1318//1318 1464//1464 1465//1465
f 1318//1318 1317//1317 1464//1464
f 1317//1317 1463//1463 1464//1464
f 1465//1465 1466//1466 1467//1467
f 1464//1464 1466//1466 1465//1465
f 1467//1467 1321//1321 1320//1320
f 1467//1467 1466//1466 1321//1321
f 1466//1466 1468//1468 1321//1321
f 1461//1461 1460//1460 1322//1322
f 1461//1461 1322//1322 1468//1468
f 1468//1468 1322//1322 1321//1321
f 1316//1316 1322//1322 1460//1460
f 1318//1318 1465//1465 1323//1323
f 1324//1324 1323//1323 1465//1465
f 1467//1467 1324//1324 1465//1465
f 1320//1320 1324//1324 1467//1467
f 1469//1469 1470//1470 1471//1471
f 1469//1469 1472//1472 1473//1473
f 1470//1470 1469//1469 1473//1473
f 1472//1472 1474//1474 1475//1475
f 1473//1473 1472//1472 1475//1475
f 1475//1475 1474//1474 1476//1476
f 1477//1477 1469//1469 1471//1471
f 1478//1478 1477//1477 1471//1471
f 1326//1326 1477//1477 1327//1327
f 1326//1326 1472//1472 1477//1477
f 1472//1472 1469//1469 1477//1477
f 1328//1328 1472//1472 1326//1326
f 1328//1328 1479//1479 1472//1472
f 1479//1479 1474//1474 1472//1472
f 1480//1480 1476//1476 1474//1474
f 1480//1480 1474//1474 1481//1481
f 1481//1481 1474//1474 1479//1479
f 1480//1480 1481//1481 1482//1482
f 1330//1330 1477//1477 1478//1478
f 1330//1330 1478//1478 1331//1331
f 1331//1331 1478//1478 1483//1483
f 1327//1327 1477//1477 1330//1330
f 1328//1328 1333//1333 1479//1479
f 1335//1335 1479//1479 1333//1333
f 1335//1335 1484//1484 1479//1479
f 1484//1484 1481//1481 1479//1479
f 1485//1485 1482//1482 1481//1481
f 1484//1484 1485//1485 1481//1481
f 1336//1336 1486//1486 1487//1487
f 1337//1337 1336//1336 1487//1487
f 1483//1483 1336//1336 1331//1331
f 1486//1486 1336//1336 1483//1483
f 1488//1488 1489//1489 1490//1490
f 1490//1490 1491//1491 1488//1488
f 1335//1335 1338//1338 1484//1484
f 1484//1484 1338//1338 1339//1339
f 1484//1484 1339//1339 1485//1485
f 1485//1485 1339//1339 1492//1492
f 1341//1341 1493//1493 1494//1494
f 1342//1342 1341//1341 1494//1494
f 1487//1487 1341//1341 1337//1337
f 1493//1493 1341//1341 1487//1487
f 1345//1345 1495//1495 1496//1496
f 1344//1344 1495//1495 1345//1345
f 1489//1489 1488//1488 1346//1346
f 1489//1489 1346//1346 1496//1496
f 1496//1496 1346//1346 1345//1345
f 1488//1488 1347//1347 1346//1346
f 1488//1488 1497//1497 1347//1347
f 1488//1488 1491//1491 1497//1497
f 1497//1497 1498//1498 1347//1347
f 1347//1347 1498//1498 1349//1349
f 1339//1339 1350//1350 1492//1492
f 1492//1492 1350//1350 1499//1499
f 1342//1342 1494//1494 1352//1352
f 1494//1494 1500//1500 1352//1352
f 1344//1344 1353//1353 1495//1495
f 1495//1495 1353//1353 1501//1501
f 1498//1498 1497//1497 1502//1502
f 1502//1502 1349//1349 1498//1498
f 1502//1502 1503//1503 1349//1349
f 1503//1503 1354//1354 1349//1349
f 1350//1350 1355//1355 1499//1499
f 1499//1499 1355//1355 1504//1504
f 1352//1352 1500//1500 1356//1356
f 1500//1500 1505//1505 1356//1356
f 1353//1353 1357//1357 1501//1501
f 1501//1501 1357//1357 1506//1506
f 1354//1354 1503//1503 1358//1358
f 1503//1503 1507//1507 1358//1358
f 1355//1355 1359//1359 1504//1504
f 1504//1504 1359//1359 1508//1508
f 1356//1356 1505//1505 1509//1509
f 1360//1360 1356//1356 1509//1509
f 1509//1509 1362//1362 1360//1360
f 1510//1510 1362//1362 1509//1509
f 1357//1357 1511//1511 1506//1506
f 1363//1363 1511//1511 1357//1357
f 1365//1365 1512//1512 1513//1513
f 1365//1365 1513//1513 1363//1363
f 1363//1363 1513//1513 1511//1511
f 1512//1512 1514//1514 1515//1515
f 1513//1513 1512//1512 1515//1515
f 1514//1514 1507//1507 1515//1515
f 1514//1514 1366//1366 1507//1507
f 1366//1366 1358//1358 1507//1507
f 1359//1359 1367//1367 1508//1508
f 1508//1508 1367//1367 1516//1516
f 1517//1517 1518//1518 1369//1369
f 1517//1517 1369//1369 1510//1510
f 1510//1510 1369//1369 1362//1362
f 1517//1517 1519//1519 1518//1518
f 1365//1365 1371//1371 1512//1512
f 1374//1374 1512//1512 1371//1371
f 1514//1514 1512//1512 1374//1374
f 1366//1366 1514//1514 1374//1374
f 1367//1367 1375//1375 1516//1516
f 1516//1516 1375//1375 1520//1520
f 1518//1518 1521//1521 1376//1376
f 1369//1369 1518//1518 1376//1376
f 1522//1522 1518//1518 1519//1519
f 1522//1522 1523//1523 1518//1518
f 1523//1523 1521//1521 1518//1518
f 1523//1523 1524//1524 1525//1525
f 1522//1522 1524//1524 1523//1523
f 1525//1525 1526//1526 1527//1527
f 1524//1524 1526//1526 1525//1525
f 1527//1527 1528//1528 1529//1529
f 1526//1526 1528//1528 1527//1527
f 1529//1529 1528//1528 1520//1520
f 1529//1529 1520//1520 1377//1377
f 1377//1377 1520//1520 1375//1375
f 1376//1376 1521//1521 1378//1378
f 1379//1379 1378//1378 1521//1521
f 1523//1523 1379//1379 1521//1521
f 1381//1381 1379//1379 1523//1523
f 1525//1525 1381//1381 1523//1523
f 1383//1383 1381//1381 1525//1525
f 1527//1527 1383//1383 1525//1525
f 1385//1385 1383//1383 1527//1527
f 1529//1529 1385//1385 1527//1527
f 1377//1377 1385//1385 1529//1529
f 1389//1389 1530//1530 1531//1531
f 1390//1390 1389//1389 1531//1531
f 1391//1391 1532//1532 1389//1389
f 1389//1389 1532//1532 1530//1530
f 1392//1392 1533//1533 1391//1391
f 1391//1391 1533//1533 1532//1532
f 1533//1533 1392//1392 1393//1393
f 1534//1534 1533//1533 1393//1393
f 1395//1395 1535//1535 1536//1536
f 1396//1396 1395//1395 1536//1536
f 1531//1531 1395//1395 1390//1390
f 1535//1535 1395//1395 1531//1531
f 1537//1537 1538//1538 1539//1539
f 1539//1539 1540//1540 1537//1537
f 1393//1393 1541//1541 1534//1534
f 1397//1397 1541//1541 1393//1393
f 1541//1541 1397//1397 1399//1399
f 1542//1542 1541//1541 1399//1399
f 1396//1396 1536//1536 1400//1400
f 1536//1536 1543//1543 1400//1400
f 1544//1544 1545//1545 1546//1546
f 1538//1538 1544//1544 1546//1546
f 1537//1537 1544//1544 1538//1538
f 1537//1537 1401//1401 1544//1544
f 1537//1537 1402//1402 1401//1401
f 1403//1403 1547//1547 1548//1548
f 1402//1402 1547//1547 1403//1403
f 1402//1402 1540//1540 1547//1547
f 1402//1402 1537//1537 1540//1540
f 1547//1547 1549//1549 1548//1548
f 1399//1399 1404//1404 1542//1542
f 1542//1542 1404//1404 1550//1550
f 1400//1400 1543//1543 1405//1405
f 1543//1543 1551//1551 1405//1405
f 1407//1407 1545//1545 1544//1544
f 1407//1407 1406//1406 1545//1545
f 1406//1406 1552//1552 1545//1545
f 1401//1401 1407//1407 1544//1544
f 1548//1548 1553//1553 1408//1408
f 1403//1403 1548//1548 1408//1408
f 1554//1554 1548//1548 1549//1549
f 1553//1553 1548//1548 1554//1554
f 1404//1404 1409//1409 1550//1550
f 1550//1550 1409//1409 1555//1555
f 1405//1405 1551//1551 1410//1410
f 1551//1551 1556//1556 1410//1410
f 1406//1406 1557//1557 1552//1552
f 1411//1411 1557//1557 1406//1406
f 1412//1412 1558//1558 1411//1411
f 1411//1411 1558//1558 1557//1557
f 1553//1553 1412//1412 1408//1408
f 1553//1553 1559//1559 1412//1412
f 1559//1559 1558//1558 1412//1412
f 1415//1415 1414//1414 1560//1560
f 1553//1553 1554//1554 1559//1559
f 1415//1415 1560//1560 1561//1561
f 1415//1415 1561//1561 1409//1409
f 1409//1409 1561//1561 1555//1555
f 1410//1410 1556//1556 1562//1562
f 1416//1416 1410//1410 1562//1562
f 1562//1562 1418//1418 1416//1416
f 1563//1563 1418//1418 1562//1562
f 1421//1421 1564//1564 1565//1565
f 1420//1420 1564//1564 1421//1421
f 1560//1560 1414//1414 1421//1421
f 1560//1560 1421//1421 1566//1566
f 1566//1566 1421//1421 1565//1565
f 1561//1561 1560//1560 1566//1566
f 1418//1418 1563//1563 1567//1567
f 1423//1423 1418//1418 1567//1567
f 1425//1425 1423//1423 1568//1568
f 1423//1423 1567//1567 1568//1568
f 1564//1564 1420//1420 1425//1425
f 1568//1568 1564//1564 1425//1425
f 1431//1431 1569//1569 1432//1432
f 1431//1431 1433//1433 1570//1570
f 1569//1569 1431//1431 1570//1570
f 1433//1433 1434//1434 1571//1571
f 1570//1570 1433//1433 1571//1571
f 1434//1434 1435//1435 1571//1571
f 1569//1569 1572//1572 1436//1436
f 1432//1432 1569//1569 1436//1436
f 1570//1570 1573//1573 1569//1569
f 1573//1573 1572//1572 1569//1569
f 1571//1571 1574//1574 1570//1570
f 1574//1574 1573//1573 1570//1570
f 1435//1435 1438//1438 1574//1574
f 1571//1571 1435//1435 1574//1574
f 1572//1572 1575//1575 1576//1576
f 1572//1572 1576//1576 1436//1436
f 1436//1436 1576//1576 1439//1439
f 1573//1573 1575//1575 1572//1572
f 1577//1577 1575//1575 1573//1573
f 1574//1574 1577//1577 1573//1573
f 1578//1578 1577//1577 1574//1574
f 1578//1578 1574//1574 1438//1438
f 1578//1578 1438//1438 1579//1579
f 1579//1579 1438//1438 1441//1441
f 1439//1439 1576//1576 1443//1443
f 1576//1576 1580//1580 1443//1443
f 1445//1445 1581//1581 1582//1582
f 1444//1444 1581//1581 1445//1445
f 1582//1582 1446//1446 1445//1445
f 1583//1583 1446//1446 1582//1582
f 1441//1441 1448//1448 1579//1579
f 1579//1579 1448//1448 1584//1584
f 1449//1449 1585//1585 1450//1450
f 1449//1449 1586//1586 1585//1585
f 1449//1449 1443//1443 1586//1586
f 1443//1443 1580//1580 1586//1586
f 1444//1444 1587//1587 1581//1581
f 1451//1451 1587//1587 1444//1444
f 1583//1583 1451//1451 1446//1446
f 1587//1587 1451//1451 1583//1583
f 1588//1588 1448//1448 1453//1453
f 1588//1588 1589//1589 1448//1448
f 1589//1589 1584//1584 1448//1448
f 1453//1453 1454//1454 1588//1588
f 1585//1585 1590//1590 1455//1455
f 1450//1450 1585//1585 1455//1455
f 1591//1591 1585//1585 1586//1586
f 1590//1590 1585//1585 1591//1591
f 1592//1592 1589//1589 1588//1588
f 1593//1593 1589//1589 1592//1592
f 1454//1454 1458//1458 1592//1592
f 1588//1588 1454//1454 1592//1592
f 1590//1590 1594//1594 1459//1459
f 1455//1455 1590//1590 1459//1459
f 1595//1595 1590//1590 1591//1591
f 1595//1595 1596//1596 1590//1590
f 1596//1596 1594//1594 1590//1590
f 1596//1596 1597//1597 1598//1598
f 1595//1595 1597//1597 1596//1596
f 1598//1598 1599//1599 1600//1600
f 1597//1597 1599//1599 1598//1598
f 1593//1593 1600//1600 1599//1599
f 1592//1592 1600//1600 1593//1593
f 1592//1592 1461//1461 1600//1600
f 1592//1592 1462//1462 1461//1461
f 1458//1458 1462//1462 1592//1592
f 1459//1459 1594//1594 1463//1463
f 1464//1464 1463//1463 1594//1594
f 1596//1596 1464//1464 1594//1594
f 1466//1466 1464//1464 1596//1596
f 1598//1598 1466//1466 1596//1596
f 1468//1468 1466//1466 1598//1598
f 1600//1600 1468//1468 1598//1598
f 1461//1461 1468//1468 1600//1600
f 1601//1601 1602//1602 1603//1603
f 1601//1601 1604//1604 1605//1605
f 1602//1602 1601//1601 1605//1605
f 1604//1604 1606//1606 1607//1607
f 1605//1605 1604//1604 1607//1607
f 1607//1607 1606//1606 1608//1608
f 1609//1609 1610//1610 1611//1611
f 1603//1603 1610//1610 1609//1609
f 1601//1601 1603//1603 1609//1609
f 1601//1601 1609//1609 1471//1471
f 1601//1601 1471//1471 1470//1470
f 1473//1473 1601//1601 1470//1470
f 1604//1604 1601//1601 1473//1473
f 1475//1475 1604//1604 1473//1473
f 1606//1606 1604//1604 1475//1475
f 1476//1476 1612//1612 1613//1613
f 1475//1475 1476//1476 1613//1613
f 1475//1475 1613//1613 1608//1608
f 1475//1475 1608//1608 1606//1606
f 1613//1613 1612//1612 1614//1614
f 1615//1615 1609//1609 1611//1611
f 1616//1616 1615//1615 1611//1611
f 1471//1471 1615//1615 1478//1478
f 1609//1609 1615//1615 1471//1471
f 1617//1617 1618//1618 1619//1619
f 1619//1619 1620//1620 1617//1617
f 1476//1476 1480//1480 1612//1612
f 1612//1612 1480//1480 1482//1482
f 1612//1612 1482//1482 1614//1614
f 1614//1614 1482//1482 1621//1621
f 1622//1622 1615//1615 1616//1616
f 1623//1623 1622//1622 1616//1616
f 1478//1478 1622//1622 1483//1483
f 1615//1615 1622//1622 1478//1478
f 1624//1624 1618//1618 1617//1617
f 1625//1625 1618//1618 1624//1624
f 1626//1626 1617//1617 1620//1620
f 1624//1624 1617//1617 1626//1626
f 1482//1482 1485//1485 1621//1621
f 1621//1621 1485//1485 1627//1627
f 1486//1486 1622//1622 1623//1623
f 1486//1486 1623//1623 1487//1487
f 1487//1487 1623//1623 1628//1628
f 1483//1483 1622//1622 1486//1486
f 1490//1490 1625//1625 1624//1624
f 1490//1490 1489//1489 1625//1625
f 1489//1489 1629//1629 1625//1625
f 1624//1624 1491//1491 1490//1490
f 1624//1624 1626//1626 1491//1491
f 1626//1626 1630//1630 1491//1491
f 1631//1631 1632//1632 1633//1633
f 1631//1631 1633//1633 1627//1627
f 1631//1631 1627//1627 1492//1492
f 1492//1492 1627//1627 1485//1485
f 1493//1493 1634//1634 1494//1494
f 1493//1493 1635//1635 1634//1634
f 1493//1493 1487//1487 1635//1635
f 1487//1487 1628//1628 1635//1635
f 1496//1496 1495//1495 1636//1636
f 1496//1496 1636//1636 1637//1637
f 1496//1496 1637//1637 1489//1489
f 1489//1489 1637//1637 1629//1629
f 1491//1491 1630//1630 1497//1497
f 1630//1630 1638//1638 1497//1497
f 1631//1631 1639//1639 1632//1632
f 1639//1639 1631//1631 1492//1492
f 1639//1639 1492//1492 1640//1640
f 1640//1640 1492//1492 1499//1499
f 1634//1634 1641//1641 1500//1500
f 1494//1494 1634//1634 1500//1500
f 1642//1642 1634//1634 1635//1635
f 1641//1641 1634//1634 1642//1642
f 1636//1636 1501//1501 1643//1643
f 1495//1495 1501//1501 1636//1636
f 1644//1644 1637//1637 1636//1636
f 1643//1643 1644//1644 1636//1636
f 1645//1645 1502//1502 1497//1497
f 1645//1645 1497//1497 1646//1646
f 1646//1646 1497//1497 1638//1638
f 1502//1502 1645//1645 1503//1503
f 1499//1499 1504//1504 1640//1640
f 1640//1640 1504//1504 1647//1647
f 1641//1641 1648//1648 1505//1505
f 1500//1500 1641//1641 1505//1505
f 1649//1649 1641//1641 1642//1642
f 1648//1648 1641//1641 1649//1649
f 1643//1643 1506//1506 1650//1650
f 1501//1501 1506//1506 1643//1643
f 1651//1651 1644//1644 1643//1643
f 1651//1651 1643//1643 1652//1652
f 1652//1652 1643//1643 1650//1650
f 1646//1646 1651//1651 1652//1652
f 1646//1646 1652//1652 1645//1645
f 1645//1645 1652//1652 1653//1653
f 1503//1503 1653//1653 1507//1507
f 1645//1645 1653//1653 1503//1503
f 1504//1504 1508//1508 1647//1647
f 1647//1647 1508//1508 1654//1654
f 1505//1505 1648//1648 1509//1509
f 1648//1648 1510//1510 1509//1509
f 1648//1648 1649//1649 1510//1510
f 1649//1649 1655//1655 1510//1510
f 1506//1506 1511//1511 1650//1650
f 1513//1513 1650//1650 1511//1511
f 1652//1652 1650//1650 1513//1513
f 1515//1515 1652//1652 1513//1513
f 1653//1653 1652//1652 1515//1515
f 1507//1507 1653//1653 1515//1515
f 1656//1656 1657//1657 1658//1658
f 1657//1657 1656//1656 1654//1654
f 1657//1657 1654//1654 1516//1516
f 1516//1516 1654//1654 1508//1508
f 1510//1510 1655//1655 1659//1659
f 1517//1517 1510//1510 1659//1659
f 1519//1519 1660//1660 1661//1661
f 1519//1519 1517//1517 1660//1660
f 1517//1517 1659//1659 1660//1660
f 1661//1661 1662//1662 1663//1663
f 1660//1660 1662//1662 1661//1661
f 1663//1663 1664//1664 1665//1665
f 1662//1662 1664//1664 1663//1663
f 1658//1658 1665//1665 1664//1664
f 1658//1658 1657//1657 1665//1665
f 1657//1657 1666//1666 1665//1665
f 1516//1516 1520//1520 1666//1666
f 1657//1657 1516//1516 1666//1666
f 1519//1519 1661//1661 1522//1522
f 1524//1524 1522//1522 1661//1661
f 1663//1663 1524//1524 1661//1661
f 1526//1526 1524//1524 1663//1663
f 1665//1665 1526//1526 1663//1663
f 1528//1528 1526//1526 1665//1665
f 1666//1666 1528//1528 1665//1665
f 1520//1520 1528//1528 1666//1666
f 1530//1530 1667//1667 1668//1668
f 1531//1531 1530//1530 1668//1668
f 1532//1532 1669//1669 1530//1530
f 1530//1530 1669//1669 1667//1667
f 1533//1533 1670//1670 1532//1532
f 1532//1532 1670//1670 1669//1669
f 1670//1670 1533//1533 1534//1534
f 1671//1671 1670//1670 1534//1534
f 1535//1535 1672//1672 1673//1673
f 1536//1536 1535//1535 1673//1673
f 1668//1668 1535//1535 1531//1531
f 1672//1672 1535//1535 1668//1668
f 1539//1539 1674//1674 1675//1675
f 1538//1538 1674//1674 1539//1539
f 1675//1675 1540//1540 1539//1539
f 1676//1676 1540//1540 1675//1675
f 1534//1534 1677//1677 1671//1671
f 1541//1541 1677//1677 1534//1534
f 1677//1677 1541//1541 1542//1542
f 1678//1678 1677//1677 1542//1542
f 1536//1536 1673//1673 1543//1543
f 1673//1673 1679//1679 1543//1543
f 1546//1546 1680//1680 1681//1681
f 1545//1545 1680//1680 1546//1546
f 1674//1674 1538//1538 1546//1546
f 1681//1681 1674//1674 1546//1546
f 1540//1540 1676//1676 1682//1682
f 1547//1547 1540//1540 1682//1682
f 1682//1682 1549//1549 1547//1547
f 1683//1683 1549//1549 1682//1682
f 1542//1542 1550//1550 1678//1678
f 1678//1678 1550//1550 1684//1684
f 1543//1543 1679//1679 1551//1551
f 1679//1679 1685//1685 1551//1551
f 1545//1545 1552//1552 1680//1680
f 1680//1680 1552//1552 1686//1686
f 1549//1549 1683//1683 1554//1554
f 1683//1683 1687//1687 1554//1554
f 1550//1550 1555//1555 1684//1684
f 1684//1684 1555//1555 1688//1688
f 1551//1551 1685//1685 1556//1556
f 1685//1685 1689//1689 1556//1556
f 1552//1552 1690//1690 1686//1686
f 1557//1557 1690//1690 1552//1552
f 1558//1558 1691//1691 1557//1557
f 1557//1557 1691//1691 1690//1690
f 1559//1559 1692//1692 1558//1558
f 1558//1558 1692//1692 1691//1691
f 1687//1687 1559//1559 1554//1554
f 1692//1692 1559//1559 1687//1687
f 1555//1555 1561//1561 1688//1688
f 1688//1688 1561//1561 1693//1693
f 1556//1556 1689//1689 1694//1694
f 1562//1562 1556//1556 1694//1694
f 1694//1694 1563//1563 1562//1562
f 1695//1695 1563//1563 1694//1694
f 1565//1565 1696//1696 1697//1697
f 1564//1564 1696//1696 1565//1565
f 1566//1566 1565//1565 1698//1698
f 1565//1565 1697//1697 1698//1698
f 1693//1693 1561//1561 1566//1566
f 1698//1698 1693//1693 1566//1566
f 1563//1563 1695//1695 1699//1699
f 1567//1567 1563//1563 1699//1699
f 1568//1568 1567//1567 1700//1700
f 1567//1567 1699//1699 1700//1700
f 1696//1696 1564//1564 1568//1568
f 1700//1700 1696//1696 1568//1568
f 1575//1575 1701//1701 1702//1702
f 1576//1576 1575//1575 1702//1702
f 1577//1577 1703//1703 1575//1575
f 1575//1575 1703//1703 1701//1701
f 1578//1578 1704//1704 1577//1577
f 1577//1577 1704//1704 1703//1703
f 1704//1704 1578//1578 1579//1579
f 1705//1705 1704//1704 1579//1579
f 1576//1576 1702//1702 1580//1580
f 1702//1702 1706//1706 1580//1580
f 1582//1582 1707//1707 1708//1708
f 1581//1581 1707//1707 1582//1582
f 1708//1708 1583//1583 1582//1582
f 1709//1709 1583//1583 1708//1708
f 1579//1579 1584//1584 1705//1705
f 1705//1705 1584//1584 1710//1710
f 1580//1580 1706//1706 1586//1586
f 1706//1706 1711//1711 1586//1586
f 1712//1712 1581//1581 1587//1587
f 1712//1712 1713//1713 1581//1581
f 1713//1713 1707//1707 1581//1581
f 1587//1587 1714//1714 1712//1712
f 1587//1587 1583//1583 1714//1714
f 1583//1583 1709//1709 1714//1714
f 1584//1584 1589//1589 1710//1710
f 1710//1710 1589//1589 1715//1715
f 1586//1586 1711//1711 1591//1591
f 1711//1711 1716//1716 1591//1591
f 1712//1712 1717//1717 1713//1713
f 1714//1714 1717//1717 1712//1712
f 1589//1589 1593//1593 1715//1715
f 1715//1715 1593//1593 1718//1718
f 1719//1719 1595//1595 1591//1591
f 1719//1719 1591//1591 1720//1720
f 1720//1720 1591//1591 1716//1716
f 1595//1595 1721//1721 1597//1597
f 1719//1719 1721//1721 1595//1595
f 1597//1597 1722//1722 1599//1599
f 1721//1721 1722//1722 1597//1597
f 1599//1599 1722//1722 1723//1723
f 1599//1599 1723//1723 1593//1593
f 1593//1593 1723//1723 1718//1718
f 1724//1724 1719//1719 1720//1720
f 1725//1725 1724//1724 1720//1720
f 1721//1721 1719//1719 1726//1726
f 1726//1726 1719//1719 1724//1724
f 1727//1727 1728//1728 1722//1722
f 1727//1727 1722//1722 1726//1726
f 1726//1726 1722//1722 1721//1721
f 1723//1723 1722//1722 1728//1728
f 1724//1724 1725//1725 1729//1729
f 1726//1726 1724//1724 1729//1729
f 1730//1730 1726//1726 1729//1729
f 1727//1727 1726//1726 1730//1730
f 1602//1602 1731//1731 1732//1732
f 1603//1603 1602//1602 1732//1732
f 1605//1605 1733//1733 1602//1602
f 1602//1602 1733//1733 1731//1731
f 1607//1607 1734//1734 1605//1605
f 1605//1605 1734//1734 1733//1733
f 1734//1734 1607//1607 1608//1608
f 1735//1735 1734//1734 1608//1608
f 1610//1610 1736//1736 1737//1737
f 1611//1611 1610//1610 1737//1737
f 1732//1732 1610//1610 1603//1603
f 1736//1736 1610//1610 1732//1732
f 1608//1608 1738//1738 1735//1735
f 1613//1613 1738//1738 1608//1608
f 1738//1738 1613//1613 1614//1614
f 1739//1739 1738//1738 1614//1614
f 1611//1611 1737//1737 1616//1616
f 1737//1737 1740//1740 1616//1616
f 1741//1741 1742//1742 1743//1743
f 1741//1741 1619//1619 1618//1618
f 1741//1741 1743//1743 1619//1619
f 1743//1743 1744//1744 1619//1619
f 1744//1744 1620//1620 1619//1619
f 1745//1745 1620//1620 1744//1744
f 1614//1614 1621//1621 1739//1739
f 1739//1739 1621//1621 1746//1746
f 1616//1616 1740//1740 1623//1623
f 1740//1740 1747//1747 1623//1623
f 1748//1748 1742//1742 1741//1741
f 1749//1749 1742//1742 1748//1748
f 1618//1618 1625//1625 1748//1748
f 1741//1741 1618//1618 1748//1748
f 1620//1620 1745//1745 1626//1626
f 1745//1745 1750//1750 1626//1626
f 1621//1621 1627//1627 1746//1746
f 1746//1746 1627//1627 1751//1751
f 1623//1623 1747//1747 1628//1628
f 1747//1747 1752//1752 1628//1628
f 1753//1753 1749//1749 1748//1748
f 1754//1754 1749//1749 1753//1753
f 1625//1625 1629//1629 1753//1753
f 1748//1748 1625//1625 1753//1753
f 1626//1626 1750//1750 1630//1630
f 1750//1750 1755//1755 1630//1630
f 1633//1633 1632//1632 1756//1756
f 1633//1633 1756//1756 1757//1757
f 1633//1633 1757//1757 1627//1627
f 1627//1627 1757//1757 1751//1751
f 1628//1628 1752//1752 1635//1635
f 1752//1752 1758//1758 1635//1635
f 1753//1753 1759//1759 1754//1754
f 1759//1759 1753//1753 1629//1629
f 1759//1759 1629//1629 1760//1760
f 1760//1760 1629//1629 1637//1637
f 1630//1630 1755//1755 1638//1638
f 1755//1755 1761//1761 1638//1638
f 1632//1632 1639//1639 1756//1756
f 1756//1756 1639//1639 1640//1640
f 1756//1756 1640//1640 1757//1757
f 1757//1757 1640//1640 1762//1762
f 1763//1763 1764//1764 1642//1642
f 1763//1763 1642//1642 1758//1758
f 1758//1758 1642//1642 1635//1635
f 1763//1763 1765//1765 1764//1764
f 1766//1766 1644//1644 1767//1767
f 1766//1766 1760//1760 1644//1644
f 1760//1760 1637//1637 1644//1644
f 1767//1767 1761//1761 1766//1766
f 1767//1767 1646//1646 1761//1761
f 1646//1646 1638//1638 1761//1761
f 1768//1768 1769//1769 1770//1770
f 1768//1768 1770//1770 1762//1762
f 1768//1768 1762//1762 1647//1647
f 1647//1647 1762//1762 1640//1640
f 1764//1764 1771//1771 1649//1649
f 1642//1642 1764//1764 1649//1649
f 1772//1772 1764//1764 1765//1765
f 1771//1771 1764//1764 1772//1772
f 1644//1644 1651//1651 1767//1767
f 1646//1646 1767//1767 1651//1651
f 1773//1773 1774//1774 1775//1775
f 1769//1769 1774//1774 1773//1773
f 1769//1769 1768//1768 1774//1774
f 1768//1768 1776//1776 1774//1774
f 1647//1647 1654//1654 1776//1776
f 1768//1768 1647//1647 1776//1776
f 1771//1771 1777//1777 1655//1655
f 1649//1649 1771//1771 1655//1655
f 1778//1778 1771//1771 1772//1772
f 1778//1778 1779//1779 1771//1771
f 1779//1779 1777//1777 1771//1771
f 1779//1779 1780//1780 1781//1781
f 1778//1778 1780//1780 1779//1779
f 1775//1775 1781//1781 1780//1780
f 1775//1775 1774//1774 1781//1781
f 1774//1774 1782//1782 1781//1781
f 1656//1656 1658//1658 1782//1782
f 1656//1656 1782//1782 1776//1776
f 1776//1776 1782//1782 1774//1774
f 1654//1654 1656//1656 1776//1776
f 1655//1655 1777//1777 1659//1659
f 1660//1660 1659//1659 1777//1777
f 1779//1779 1660//1660 1777//1777
f 1662//1662 1660//1660 1779//1779
f 1781//1781 1662//1662 1779//1779
f 1664//1664 1662//1662 1781//1781
f 1782//1782 1664//1664 1781//1781
f 1658//1658 1664//1664 1782//1782
f 1667//1667 1783//1783 1784//1784
f 1668//1668 1667//1667 1784//1784
f 1669//1669 1785//1785 1667//1667
f 1667//1667 1785//1785 1783//1783
f 1786//1786 1787//1787 1785//1785
f 1786//1786 1785//1785 1670//1670
f 1670//1670 1785//1785 1669//1669
f 1670//1670 1671//1671 1786//1786
f 1672//1672 1788//1788 1789//1789
f 1673//1673 1672//1672 1789//1789
f 1784//1784 1672//1672 1668//1668
f 1788//1788 1672//1672 1784//1784
f 1675//1675 1674//1674 1790//1790
f 1786//1786 1791//1791 1787//1787
f 1676//1676 1675//1675 1790//1790
f 1671//1671 1791//1791 1786//1786
f 1671//1671 1677//1677 1791//1791
f 1677//1677 1792//1792 1791//1791
f 1792//1792 1677//1677 1678//1678
f 1793//1793 1792//1792 1678//1678
f 1673//1673 1789//1789 1679//1679
f 1789//1789 1794//1794 1679//1679
f 1681//1681 1680//1680 1795//1795
f 1681//1681 1795//1795 1796//1796
f 1674//1674 1681//1681 1796//1796
f 1674//1674 1796//1796 1797//1797
f 1674//1674 1797//1797 1790//1790
f 1798//1798 1797//1797 1799//1799
f 1682//1682 1797//1797 1798//1798
f 1682//1682 1790//1790 1797//1797
f 1682//1682 1676//1676 1790//1790
f 1682//1682 1798//1798 1683//1683
f 1678//1678 1684//1684 1793//1793
f 1793//1793 1684//1684 1800//1800
f 1679//1679 1794//1794 1685//1685
f 1794//1794 1801//1801 1685//1685
f 1795//1795 1686//1686 1802//1802
f 1680//1680 1686//1686 1795//1795
f 1803//1803 1796//1796 1795//1795
f 1802//1802 1803//1803 1795//1795
f 1804//1804 1798//1798 1799//1799
f 1805//1805 1804//1804 1799//1799
f 1683//1683 1804//1804 1687//1687
f 1798//1798 1804//1804 1683//1683
f 1684//1684 1688//1688 1800//1800
f 1800//1800 1688//1688 1806//1806
f 1685//1685 1801//1801 1689//1689
f 1801//1801 1807//1807 1689//1689
f 1686//1686 1690//1690 1802//1802
f 1802//1802 1808//1808 1803//1803
f 1802//1802 1690//1690 1808//1808
f 1690//1690 1691//1691 1808//1808
f 1805//1805 1692//1692 1804//1804
f 1805//1805 1808//1808 1692//1692
f 1808//1808 1691//1691 1692//1692
f 1687//1687 1804//1804 1692//1692
f 1688//1688 1693//1693 1806//1806
f 1806//1806 1693//1693 1809//1809
f 1689//1689 1807//1807 1810//1810
f 1694//1694 1689//1689 1810//1810
f 1810//1810 1695//1695 1694//1694
f 1811//1811 1695//1695 1810//1810
f 1697//1697 1696//1696 1812//1812
f 1813//1813 1697//1697 1812//1812
f 1813//1813 1814//1814 1697//1697
f 1814//1814 1698//1698 1697//1697
f 1809//1809 1693//1693 1698//1698
f 1814//1814 1809//1809 1698//1698
f 1815//1815 1699//1699 1695//1695
f 1815//1815 1695//1695 1816//1816
f 1816//1816 1695//1695 1811//1811
f 1699//1699 1817//1817 1700//1700
f 1815//1815 1817//1817 1699//1699
f 1700//1700 1812//1812 1696//1696
f 1700//1700 1817//1817 1812//1812
f 1817//1817 1818//1818 1812//1812
f 1819//1819 1813//1813 1812//1812
f 1818//1818 1819//1819 1812//1812
f 1820//1820 1815//1815 1816//1816
f 1821//1821 1820//1820 1816//1816
f 1817//1817 1815//1815 1822//1822
f 1822//1822 1815//1815 1820//1820
f 1818//1818 1817//1817 1823//1823
f 1823//1823 1817//1817 1822//1822
f 1824//1824 1819//1819 1818//1818
f 1823//1823 1824//1824 1818//1818
f 1825//1825 1820//1820 1821//1821
f 1826//1826 1825//1825 1821//1821
f 1822//1822 1820//1820 1827//1827
f 1827//1827 1820//1820 1825//1825
f 1823//1823 1822//1822 1828//1828
f 1828//1828 1822//1822 1827//1827
f 1829//1829 1824//1824 1823//1823
f 1828//1828 1829//1829 1823//1823
f 1825//1825 1826//1826 1830//1830
f 1827//1827 1825//1825 1830//1830
f 1831//1831 1827//1827 1830//1830
f 1828//1828 1827//1827 1831//1831
f 1832//1832 1828//1828 1831//1831
f 1829//1829 1828//1828 1832//1832
f 1701//1701 1833//1833 1834//1834
f 1702//1702 1701//1701 1834//1834
f 1703//1703 1835//1835 1701//1701
f 1701//1701 1835//1835 1833//1833
f 1836//1836 1837//1837 1835//1835
f 1836//1836 1835//1835 1704//1704
f 1704//1704 1835//1835 1703//1703
f 1704//1704 1705//1705 1836//1836
f 1702//1702 1834//1834 1706//1706
f 1834//1834 1838//1838 1706//1706
f 1708//1708 1707//1707 1839//1839
f 1836//1836 1840//1840 1837//1837
f 1709//1709 1708//1708 1839//1839
f 1840//1840 1836//1836 1705//1705
f 1840//1840 1705//1705 1841//1841
f 1841//1841 1705//1705 1710//1710
f 1706//1706 1838//1838 1711//1711
f 1838//1838 1842//1842 1711//1711
f 1839//1839 1713//1713 1843//1843
f 1707//1707 1713//1713 1839//1839
f 1709//1709 1843//1843 1714//1714
f 1839//1839 1843//1843 1709//1709
f 1710//1710 1715//1715 1841//1841
f 1841//1841 1715//1715 1844//1844
f 1711//1711 1842//1842 1716//1716
f 1842//1842 1845//1845 1716//1716
f 1713//1713 1717//1717 1843//1843
f 1714//1714 1843//1843 1717//1717
f 1715//1715 1718//1718 1844//1844
f 1844//1844 1718//1718 1846//1846
f 1716//1716 1845//1845 1720//1720
f 1845//1845 1847//1847 1720//1720
f 1718//1718 1723//1723 1846//1846
f 1846//1846 1723//1723 1848//1848
f 1720//1720 1847//1847 1725//1725
f 1847//1847 1849//1849 1725//1725
f 1728//1728 1727//1727 1850//1850
f 1728//1728 1850//1850 1851//1851
f 1728//1728 1851//1851 1723//1723
f 1723//1723 1851//1851 1848//1848
f 1725//1725 1849//1849 1852//1852
f 1729//1729 1725//1725 1852//1852
f 1730//1730 1729//1729 1853//1853
f 1729//1729 1852//1852 1853//1853
f 1850//1850 1727//1727 1730//1730
f 1850//1850 1730//1730 1854//1854
f 1854//1854 1730//1730 1853//1853
f 1851//1851 1850//1850 1854//1854
f 1731//1731 1855//1855 1856//1856
f 1732//1732 1731//1731 1856//1856
f 1733//1733 1857//1857 1731//1731
f 1731//1731 1857//1857 1855//1855
f 1858//1858 1859//1859 1857//1857
f 1858//1858 1857//1857 1734//1734
f 1734//1734 1857//1857 1733//1733
f 1734//1734 1735//1735 1858//1858
f 1736//1736 1860//1860 1861//1861
f 1737//1737 1736//1736 1861//1861
f 1856//1856 1736//1736 1732//1732
f 1860//1860 1736//1736 1856//1856
f 1858//1858 1862//1862 1859//1859
f 1863//1863 1864//1864 1862//1862
f 1738//1738 1863//1863 1862//1862
f 1738//1738 1862//1862 1858//1858
f 1738//1738 1858//1858 1735//1735
f 1738//1738 1739//1739 1863//1863
f 1737//1737 1861//1861 1740//1740
f 1861//1861 1865//1865 1740//1740
f 1743//1743 1866//1866 1867//1867
f 1742//1742 1866//1866 1743//1743
f 1744//1744 1743//1743 1868//1868
f 1743//1743 1867//1867 1868//1868
f 1868//1868 1745//1745 1744//1744
f 1869//1869 1745//1745 1868//1868
f 1863//1863 1870//1870 1864//1864
f 1870//1870 1863//1863 1739//1739
f 1870//1870 1739//1739 1871//1871
f 1871//1871 1739//1739 1746//1746
f 1740//1740 1865//1865 1747//1747
f 1865//1865 1872//1872 1747//1747
f 1742//1742 1749//1749 1866//1866
f 1866//1866 1749//1749 1873//1873
f 1745//1745 1869//1869 1750//1750
f 1869//1869 1874//1874 1750//1750
f 1746//1746 1751//1751 1871//1871
f 1871//1871 1751//1751 1875//1875
f 1747//1747 1872//1872 1752//1752
f 1872//1872 1876//1876 1752//1752
f 1877//1877 1754//1754 1878//1878
f 1877//1877 1873//1873 1754//1754
f 1873//1873 1749//1749 1754//1754
f 1877//1877 1878//1878 1879//1879
f 1750//1750 1874//1874 1755//1755
f 1874//1874 1880//1880 1755//1755
f 1751//1751 1757//1757 1875//1875
f 1875//1875 1757//1757 1881//1881
f 1752//1752 1876//1876 1758//1758
f 1876//1876 1882//1882 1758//1758
f 1754//1754 1759//1759 1878//1878
f 1760//1760 1883//1883 1884//1884
f 1759//1759 1760//1760 1884//1884
f 1759//1759 1884//1884 1879//1879
f 1759//1759 1879//1879 1878//1878
f 1883//1883 1880//1880 1884//1884
f 1883//1883 1761//1761 1880//1880
f 1761//1761 1755//1755 1880//1880
f 1757//1757 1762//1762 1881//1881
f 1881//1881 1762//1762 1885//1885
f 1758//1758 1882//1882 1886//1886
f 1763//1763 1758//1758 1886//1886
f 1886//1886 1765//1765 1763//1763
f 1887//1887 1765//1765 1886//1886
f 1760//1760 1766//1766 1883//1883
f 1761//1761 1883//1883 1766//1766
f 1770//1770 1888//1888 1889//1889
f 1769//1769 1888//1888 1770//1770
f 1885//1885 1762//1762 1770//1770
f 1889//1889 1885//1885 1770//1770
f 1890//1890 1891//1891 1772//1772
f 1890//1890 1772//1772 1887//1887
f 1887//1887 1772//1772 1765//1765
f 1891//1891 1892//1892 1893//1893
f 1890//1890 1892//1892 1891//1891
f 1893//1893 1773//1773 1775//1775
f 1893//1893 1892//1892 1773//1773
f 1892//1892 1894//1894 1773//1773
f 1888//1888 1769//1769 1773//1773
f 1894//1894 1888//1888 1773//1773
f 1772//1772 1891//1891 1778//1778
f 1780//1780 1778//1778 1891//1891
f 1893//1893 1780//1780 1891//1891
f 1775//1775 1780//1780 1893//1893
f 1783//1783 1895//1895 1784//1784
f 1783//1783 1785//1785 1896//1896
f 1895//1895 1783//1783 1896//1896
f 1785//1785 1787//1787 1896//1896
f 1788//1788 1897//1897 1789//1789
f 1788//1788 1898//1898 1897//1897
f 1784//1784 1898//1898 1788//1788
f 1784//1784 1899//1899 1898//1898
f 1784//1784 1895//1895 1899//1899
f 1896//1896 1899//1899 1895//1895
f 1900//1900 1899//1899 1896//1896
f 1787//1787 1900//1900 1896//1896
f 1787//1787 1791//1791 1900//1900
f 1791//1791 1901//1901 1900//1900
f 1902//1902 1903//1903 1901//1901
f 1902//1902 1901//1901 1792//1792
f 1792//1792 1901//1901 1791//1791
f 1792//1792 1793//1793 1902//1902
f 1897//1897 1904//1904 1794//1794
f 1789//1789 1897//1897 1794//1794
f 1905//1905 1897//1897 1898//1898
f 1904//1904 1897//1897 1905//1905
f 1797//1797 1906//1906 1907//1907
f 1796//1796 1906//1906 1797//1797
f 1907//1907 1799//1799 1797//1797
f 1908//1908 1799//1799 1907//1907
f 1909//1909 1903//1903 1902//1902
f 1910//1910 1903//1903 1909//1909
f 1793//1793 1800//1800 1909//1909
f 1902//1902 1793//1793 1909//1909
f 1904//1904 1911//1911 1801//1801
f 1794//1794 1904//1904 1801//1801
f 1912//1912 1904//1904 1905//1905
f 1911//1911 1904//1904 1912//1912
f 1796//1796 1803//1803 1906//1906
f 1906//1906 1803//1803 1913//1913
f 1799//1799 1908//1908 1805//1805
f 1908//1908 1914//1914 1805//1805
f 1915//1915 1910//1910 1909//1909
f 1916//1916 1910//1910 1915//1915
f 1800//1800 1806//1806 1915//1915
f 1909//1909 1800//1800 1915//1915
f 1911//1911 1917//1917 1807//1807
f 1801//1801 1911//1911 1807//1807
f 1918//1918 1911//1911 1912//1912
f 1917//1917 1911//1911 1918//1918
f 1919//1919 1803//1803 1808//1808
f 1919//1919 1920//1920 1803//1803
f 1920//1920 1913//1913 1803//1803
f 1808//1808 1921//1921 1919//1919
f 1808//1808 1805//1805 1921//1921
f 1805//1805 1914//1914 1921//1921
f 1922//1922 1916//1916 1915//1915
f 1923//1923 1916//1916 1922//1922
f 1806//1806 1809//1809 1922//1922
f 1915//1915 1806//1806 1922//1922
f 1807//1807 1917//1917 1810//1810
f 1917//1917 1811//1811 1810//1810
f 1917//1917 1918//1918 1811//1811
f 1918//1918 1924//1924 1811//1811
f 1925//1925 1920//1920 1919//1919
f 1926//1926 1920//1920 1925//1925
f 1927//1927 1919//1919 1921//1921
f 1925//1925 1919//1919 1927//1927
f 1814//1814 1923//1923 1922//1922
f 1814//1814 1813//1813 1923//1923
f 1813//1813 1928//1928 1923//1923
f 1809//1809 1814//1814 1922//1922
f 1811//1811 1924//1924 1816//1816
f 1924//1924 1929//1929 1816//1816
f 1930//1930 1926//1926 1925//1925
f 1931//1931 1926//1926 1930//1930
f 1932//1932 1925//1925 1927//1927
f 1930//1930 1925//1925 1932//1932
f 1933//1933 1819//1819 1934//1934
f 1933//1933 1928//1928 1819//1819
f 1928//1928 1813//1813 1819//1819
f 1933//1933 1934//1934 1935//1935
f 1816//1816 1929//1929 1821//1821
f 1929//1929 1936//1936 1821//1821
f 1937//1937 1931//1931 1930//1930
f 1938//1938 1931//1931 1937//1937
f 1939//1939 1930//1930 1932//1932
f 1937//1937 1930//1930 1939//1939
f 1934//1934 1940//1940 1941//1941
f 1934//1934 1819//1819 1940//1940
f 1819//1819 1824//1824 1940//1940
f 1935//1935 1934//1934 1941//1941
f 1821//1821 1936//1936 1826//1826
f 1936//1936 1942//1942 1826//1826
f 1937//1937 1943//1943 1938//1938
f 1939//1939 1943//1943 1937//1937
f 1824//1824 1829//1829 1940//1940
f 1940//1940 1829//1829 1944//1944
f 1826//1826 1942//1942 1945//1945
f 1830//1830 1826//1826 1945//1945
f 1831//1831 1830//1830 1946//1946
f 1830//1830 1945//1945 1946//1946
f 1832//1832 1831//1831 1947//1947
f 1831//1831 1946//1946 1947//1947
f 1944//1944 1829//1829 1832//1832
f 1947//1947 1944//1944 1832//1832
f 1833//1833 1948//1948 1834//1834
f 1833//1833 1835//1835 1949//1949
f 1948//1948 1833//1833 1949//1949
f 1835//1835 1837//1837 1949//1949
f 1948//1948 1950//1950 1838//1838
f 1834//1834 1948//1948 1838//1838
f 1949//1949 1951//1951 1948//1948
f 1951//1951 1950//1950 1948//1948
f 1837//1837 1840//1840 1952//1952
f 1837//1837 1952//1952 1949//1949
f 1949//1949 1952//1952 1951//1951
f 1840//1840 1841//1841 1952//1952
f 1950//1950 1953//1953 1842//1842
f 1838//1838 1950//1950 1842//1842
f 1954//1954 1951//1951 1955//1955
f 1954//1954 1953//1953 1951//1951
f 1953//1953 1950//1950 1951//1951
f 1955//1955 1956//1956 1957//1957
f 1955//1955 1951//1951 1956//1956
f 1951//1951 1952//1952 1956//1956
f 1841//1841 1844//1844 1956//1956
f 1952//1952 1841//1841 1956//1956
f 1953//1953 1958//1958 1959//1959
f 1953//1953 1959//1959 1842//1842
f 1842//1842 1959//1959 1845//1845
f 1954//1954 1958//1958 1953//1953
f 1956//1956 1960//1960 1957//1957
f 1960//1960 1956//1956 1844//1844
f 1960//1960 1844//1844 1961//1961
f 1961//1961 1844//1844 1846//1846
f 1845//1845 1959//1959 1847//1847
f 1959//1959 1962//1962 1847//1847
f 1846//1846 1848//1848 1961//1961
f 1961//1961 1848//1848 1963//1963
f 1847//1847 1962//1962 1849//1849
f 1962//1962 1964//1964 1849//1849
f 1848//1848 1851//1851 1963//1963
f 1963//1963 1851//1851 1965//1965
f 1849//1849 1964//1964 1966//1966
f 1852//1852 1849//1849 1966//1966
f 1853//1853 1852//1852 1967//1967
f 1852//1852 1966//1966 1967//1967
f 1854//1854 1853//1853 1968//1968
f 1853//1853 1967//1967 1968//1968
f 1965//1965 1851//1851 1854//1854
f 1968//1968 1965//1965 1854//1854
f 1855//1855 1969//1969 1970//1970
f 1856//1856 1855//1855 1970//1970
f 1857//1857 1971//1971 1855//1855
f 1855//1855 1971//1971 1969//1969
f 1859//1859 1972//1972 1973//1973
f 1859//1859 1973//1973 1857//1857
f 1857//1857 1973//1973 1971//1971
f 1973//1973 1972//1972 1974//1974
f 1860//1860 1975//1975 1976//1976
f 1861//1861 1860//1860 1976//1976
f 1970//1970 1860//1860 1856//1856
f 1975//1975 1860//1860 1970//1970
f 1977//1977 1978//1978 1979//1979
f 1859//1859 1862//1862 1972//1972
f 1977//1977 1979//1979 1980//1980
f 1972//1972 1862//1862 1864//1864
f 1972//1972 1864//1864 1974//1974
f 1974//1974 1864//1864 1981//1981
f 1861//1861 1976//1976 1865//1865
f 1976//1976 1982//1982 1865//1865
f 1867//1867 1983//1983 1984//1984
f 1866//1866 1983//1983 1867//1867
f 1978//1978 1977//1977 1868//1868
f 1978//1978 1868//1868 1984//1984
f 1984//1984 1868//1868 1867//1867
f 1977//1977 1869//1869 1868//1868
f 1977//1977 1980//1980 1869//1869
f 1980//1980 1985//1985 1869//1869
f 1864//1864 1986//1986 1981//1981
f 1870//1870 1986//1986 1864//1864
f 1986//1986 1870//1870 1871//1871
f 1987//1987 1986//1986 1871//1871
f 1865//1865 1982//1982 1872//1872
f 1982//1982 1988//1988 1872//1872
f 1989//1989 1873//1873 1990//1990
f 1989//1989 1983//1983 1873//1873
f 1983//1983 1866//1866 1873//1873
f 1989//1989 1990//1990 1991//1991
f 1869//1869 1985//1985 1874//1874
f 1985//1985 1992//1992 1874//1874
f 1871//1871 1875//1875 1987//1987
f 1987//1987 1875//1875 1993//1993
f 1872//1872 1988//1988 1876//1876
f 1988//1988 1994//1994 1876//1876
f 1873//1873 1877//1877 1990//1990
f 1879//1879 1995//1995 1996//1996
f 1877//1877 1879//1879 1996//1996
f 1877//1877 1996//1996 1991//1991
f 1877//1877 1991//1991 1990//1990
f 1995//1995 1992//1992 1996//1996
f 1995//1995 1880//1880 1992//1992
f 1880//1880 1874//1874 1992//1992
f 1875//1875 1881//1881 1993//1993
f 1993//1993 1881//1881 1997//1997
f 1998//1998 1999//1999 1882//1882
f 1998//1998 1882//1882 1994//1994
f 1994//1994 1882//1882 1876//1876
f 1998//1998 2000//2000 1999//1999
f 1879//1879 1884//1884 1995//1995
f 1880//1880 1995//1995 1884//1884
f 2001//2001 2002//2002 2003//2003
f 2001//2001 2003//2003 1997//1997
f 2001//2001 1997//1997 1885//1885
f 1885//1885 1997//1997 1881//1881
f 1882//1882 1999//1999 1886//1886
f 1887//1887 2004//2004 2005//2005
f 1886//1886 2004//2004 1887//1887
f 1886//1886 2000//2000 2004//2004
f 1886//1886 1999//1999 2000//2000
f 2005//2005 2006//2006 2007//2007
f 2004//2004 2006//2006 2005//2005
f 2007//2007 2008//2008 2009//2009
f 2006//2006 2008//2008 2007//2007
f 2002//2002 2009//2009 2008//2008
f 2001//2001 2009//2009 2002//2002
f 2001//2001 1888//1888 2009//2009
f 2001//2001 1889//1889 1888//1888
f 1885//1885 1889//1889 2001//2001
f 1887//1887 2005//2005 1890//1890
f 1892//1892 1890//1890 2005//2005
f 2007//2007 1892//1892 2005//2005
f 1894//1894 1892//1892 2007//2007
f 2009//2009 1894//1894 2007//2007
f 1888//1888 1894//1894 2009//2009
f 1899//1899 2010//2010 2011//2011
f 1898//1898 1899//1899 2011//2011
f 1900//1900 2012//2012 1899//1899
f 1899//1899 2012//2012 2010//2010
f 1901//1901 2013//2013 1900//1900
f 1900//1900 2013//2013 2012//2012
f 2013//2013 1901//1901 1903//1903
f 2014//2014 2013//2013 1903//1903
f 1898//1898 2011//2011 1905//1905
f 2011//2011 2015//2015 1905//1905
f 1907//1907 1906//1906 2016//2016
f 1907//1907 2016//2016 1908//1908
f 1903//1903 1910//1910 2014//2014
f 2014//2014 1910//1910 2017//2017
f 1905//1905 2015//2015 1912//1912
f 2015//2015 2018//2018 1912//1912
f 2016//2016 1913//1913 2019//2019
f 1906//1906 1913//1913 2016//2016
f 1908//1908 2019//2019 1914//1914
f 2016//2016 2019//2019 1908//1908
f 1910//1910 1916//1916 2017//2017
f 2017//2017 1916//1916 2020//2020
f 1912//1912 2018//2018 1918//1918
f 2018//2018 2021//2021 1918//1918
f 2019//2019 1920//1920 2022//2022
f 1913//1913 1920//1920 2019//2019
f 1914//1914 2022//2022 1921//1921
f 2019//2019 2022//2022 1914//1914
f 1916//1916 1923//1923 2020//2020
f 2020//2020 1923//1923 2023//2023
f 1918//1918 2021//2021 1924//1924
f 2021//2021 2024//2024 1924//1924
f 2022//2022 1926//1926 2025//2025
f 1920//1920 1926//1926 2022//2022
f 1921//1921 2025//2025 1927//1927
f 2022//2022 2025//2025 1921//1921
f 1923//1923 1928//1928 2023//2023
f 2023//2023 1928//1928 2026//2026
f 1924//1924 2024//2024 1929//1929
f 2024//2024 2027//2027 1929//1929
f 2025//2025 1931//1931 2028//2028
f 1926//1926 1931//1931 2025//2025
f 1927//1927 2028//2028 1932//1932
f 2025//2025 2028//2028 1927//1927
f 2029//2029 1928//1928 1933//1933
f 2029//2029 2030//2030 1928//1928
f 2030//2030 2026//2026 1928//1928
f 1933//1933 1935//1935 2029//2029
f 1929//1929 2027//2027 1936//1936
f 2027//2027 2031//2031 1936//1936
f 2028//2028 1938//1938 2032//2032
f 1931//1931 1938//1938 2028//2028
f 1932//1932 2032//2032 1939//1939
f 2028//2028 2032//2032 1932//1932
f 1941//1941 2030//2030 2029//2029
f 1941//1941 1940//1940 2030//2030
f 1940//1940 2033//2033 2030//2030
f 1935//1935 1941//1941 2029//2029
f 1936//1936 2031//2031 1942//1942
f 2031//2031 2034//2034 1942//1942
f 1938//1938 1943//1943 2032//2032
f 1939//1939 2032//2032 1943//1943
f 1940//1940 1944//1944 2033//2033
f 2033//2033 1944//1944 2035//2035
f 1942//1942 2034//2034 2036//2036
f 1945//1945 1942//1942 2036//2036
f 1946//1946 1945//1945 2037//2037
f 1945//1945 2036//2036 2037//2037
f 1947//1947 1946//1946 2038//2038
f 1946//1946 2037//2037 2038//2038
f 2035//2035 1944//1944 1947//1947
f 2038//2038 2035//2035 1947//1947
f 2039//2039 2040//2040 2041//2041
f 2039//2039 1954//1954 1955//1955
f 2039//2039 1955//1955 2040//2040
f 2040//2040 1955//1955 2042//2042
f 1957//1957 2043//2043 2044//2044
f 1957//1957 2044//2044 1955//1955
f 1955//1955 2044//2044 2042//2042
f 2044//2044 2043//2043 2045//2045
f 2046//2046 2047//2047 2048//2048
f 2041//2041 2047//2047 2046//2046
f 2039//2039 2041//2041 2046//2046
f 2039//2039 2046//2046 1959//1959
f 2039//2039 1959//1959 1958//1958
f 1954//1954 2039//2039 1958//1958
f 1957//1957 1960//1960 2043//2043
f 1961//1961 2049//2049 2050//2050
f 1960//1960 1961//1961 2050//2050
f 1960//1960 2050//2050 2045//2045
f 1960//1960 2045//2045 2043//2043
f 2050//2050 2049//2049 2051//2051
f 2052//2052 2046//2046 2048//2048
f 2053//2053 2052//2052 2048//2048
f 1959//1959 2052//2052 1962//1962
f 2046//2046 2052//2052 1959//1959
f 2054//2054 2055//2055 2056//2056
f 2056//2056 2057//2057 2054//2054
f 2049//2049 1963//1963 2058//2058
f 1961//1961 1963//1963 2049//2049
f 2059//2059 2051//2051 2049//2049
f 2058//2058 2059//2059 2049//2049
f 2052//2052 2053//2053 2060//2060
f 2060//2060 1962//1962 2052//2052
f 2060//2060 2061//2061 1962//1962
f 2061//2061 1964//1964 1962//1962
f 2054//2054 2062//2062 2055//2055
f 2057//2057 2062//2062 2054//2054
f 2058//2058 2063//2063 2064//2064
f 2058//2058 1963//1963 2063//2063
f 1963//1963 1965//1965 2063//2063
f 2059//2059 2058//2058 2064//2064
f 1964//1964 2061//2061 2065//2065
f 1966//1966 1964//1964 2065//2065
f 1967//1967 1966//1966 2066//2066
f 1966//1966 2065//2065 2066//2066
f 1968//1968 1967//1967 2067//2067
f 1967//1967 2066//2066 2067//2067
f 2063//2063 1965//1965 1968//1968
f 2067//2067 2063//2063 1968//1968
f 1969//1969 2068//2068 2069//2069
f 1970//1970 1969//1969 2069//2069
f 1971//1971 2070//2070 1969//1969
f 1969//1969 2070//2070 2068//2068
f 1973//1973 2071//2071 1971//1971
f 1971//1971 2071//2071 2070//2070
f 2071//2071 1973//1973 1974//1974
f 2072//2072 2071//2071 1974//1974
f 1975//1975 2073//2073 2074//2074
f 1976//1976 1975//1975 2074//2074
f 2069//2069 1975//1975 1970//1970
f 2073//2073 1975//1975 2069//2069
f 1979//1979 2075//2075 2076//2076
f 1978//1978 2075//2075 1979//1979
f 2076//2076 1980//1980 1979//1979
f 2077//2077 1980//1980 2076//2076
f 2078//2078 1981//1981 2079//2079
f 2078//2078 2072//2072 1981//1981
f 2072//2072 1974//1974 1981//1981
f 2078//2078 2079//2079 2080//2080
f 1976//1976 2074//2074 1982//1982
f 2074//2074 2081//2081 1982//1982
f 1984//1984 1983//1983 2082//2082
f 1984//1984 2082//2082 2083//2083
f 1984//1984 2083//2083 1978//1978
f 1978//1978 2083//2083 2075//2075
f 1980//1980 2077//2077 1985//1985
f 2077//2077 2084//2084 1985//1985
f 1981//1981 1986//1986 2079//2079
f 2079//2079 1986//1986 1987//1987
f 2079//2079 1987//1987 2080//2080
f 2080//2080 1987//1987 2085//2085
f 1982//1982 2081//2081 1988//1988
f 2081//2081 2086//2086 1988//1988
f 1983//1983 1989//1989 2082//2082
f 1991//1991 2087//2087 2088//2088
f 1989//1989 1991//1991 2088//2088
f 1989//1989 2088//2088 2083//2083
f 1989//1989 2083//2083 2082//2082
f 2087//2087 2084//2084 2088//2088
f 2087//2087 1992//1992 2084//2084
f 1992//1992 1985//1985 2084//2084
f 2089//2089 2090//2090 2091//2091
f 2089//2089 2091//2091 2085//2085
f 2089//2089 2085//2085 1993//1993
f 1993//1993 2085//2085 1987//1987
f 2092//2092 2093//2093 1994//1994
f 2092//2092 1994//1994 2086//2086
f 2086//2086 1994//1994 1988//1988
f 2092//2092 2094//2094 2093//2093
f 1991//1991 1996//1996 2087//2087
f 1992//1992 2087//2087 1996//1996
f 2095//2095 2090//2090 2089//2089
f 2096//2096 2090//2090 2095//2095
f 1993//1993 1997//1997 2095//2095
f 2089//2089 1993//1993 2095//2095
f 1994//1994 2093//2093 1998//1998
f 2000//2000 2097//2097 2098//2098
f 1998//1998 2097//2097 2000//2000
f 1998//1998 2094//2094 2097//2097
f 1998//1998 2093//2093 2094//2094
f 2098//2098 2099//2099 2100//2100
f 2097//2097 2099//2099 2098//2098
f 2100//2100 2101//2101 2102//2102
f 2099//2099 2101//2101 2100//2100
f 2096//2096 2102//2102 2101//2101
f 2095//2095 2102//2102 2096//2096
f 2095//2095 2002//2002 2102//2102
f 2095//2095 2003//2003 2002//2002
f 1997//1997 2003//2003 2095//2095
f 2000//2000 2098//2098 2004//2004
f 2006//2006 2004//2004 2098//2098
f 2100//2100 2006//2006 2098//2098
f 2008//2008 2006//2006 2100//2100
f 2102//2102 2008//2008 2100//2100
f 2002//2002 2008//2008 2102//2102
f 2103//2103 2104//2104 2105//2105
f 2103//2103 2106//2106 2107//2107
f 2104//2104 2103//2103 2107//2107
f 2106//2106 2108//2108 2109//2109
f 2107//2107 2106//2106 2109//2109
f 2109//2109 2108//2108 2110//2110
f 2111//2111 2112//2112 2113//2113
f 2105//2105 2112//2112 2111//2111
f 2105//2105 2111//2111 2103//2103
f 2103//2103 2111//2111 2114//2114
f 2106//2106 2103//2103 2115//2115
f 2115//2115 2103//2103 2114//2114
f 2108//2108 2106//2106 2116//2116
f 2116//2116 2106//2106 2115//2115
f 2117//2117 2110//2110 2108//2108
f 2116//2116 2117//2117 2108//2108
f 2118//2118 2111//2111 2113//2113
f 2119//2119 2118//2118 2113//2113
f 2114//2114 2111//2111 2120//2120
f 2120//2120 2111//2111 2118//2118
f 2115//2115 2114//2114 2121//2121
f 2121//2121 2114//2114 2120//2120
f 2116//2116 2115//2115 2122//2122
f 2122//2122 2115//2115 2121//2121
f 2123//2123 2117//2117 2116//2116
f 2122//2122 2123//2123 2116//2116
f 2118//2118 2119//2119 2124//2124
f 2124//2124 2125//2125 2126//2126
f 2124//2124 2126//2126 2118//2118
f 2118//2118 2126//2126 2120//2120
f 2121//2121 2120//2120 2127//2127
f 2127//2127 2120//2120 2126//2126
f 2122//2122 2121//2121 2128//2128
f 2128//2128 2121//2121 2127//2127
f 2129//2129 2123//2123 2122//2122
f 2128//2128 2129//2129 2122//2122
f 2130//2130 2126//2126 2125//2125
f 2131//2131 2130//2130 2125//2125
f 2127//2127 2126//2126 2132//2132
f 2132//2132 2126//2126 2130//2130
f 2128//2128 2127//2127 2133//2133
f 2133//2133 2127//2127 2132//2132
f 2134//2134 2129//2129 2128//2128
f 2133//2133 2134//2134 2128//2128
f 2135//2135 2011//2011 2010//2010
f 2131//2131 2136//2136 2130//2130
f 2137//2137 2132//2132 2136//2136
f 2130//2130 2136//2136 2132//2132
f 2135//2135 2012//2012 2138//2138
f 2012//2012 2135//2135 2010//2010
f 2139//2139 2133//2133 2137//2137
f 2132//2132 2137//2137 2133//2133
f 2138//2138 2013//2013 2140//2140
f 2013//2013 2138//2138 2012//2012
f 2139//2139 2134//2134 2133//2133
f 2014//2014 2140//2140 2013//2013
f 2135//2135 2141//2141 2015//2015
f 2011//2011 2135//2135 2015//2015
f 2138//2138 2142//2142 2135//2135
f 2142//2142 2141//2141 2135//2135
f 2140//2140 2143//2143 2138//2138
f 2143//2143 2142//2142 2138//2138
f 2014//2014 2017//2017 2143//2143
f 2140//2140 2014//2014 2143//2143
f 2141//2141 2144//2144 2018//2018
f 2015//2015 2141//2141 2018//2018
f 2142//2142 2145//2145 2141//2141
f 2145//2145 2144//2144 2141//2141
f 2143//2143 2146//2146 2142//2142
f 2146//2146 2145//2145 2142//2142
f 2017//2017 2020//2020 2146//2146
f 2143//2143 2017//2017 2146//2146
f 2144//2144 2147//2147 2021//2021
f 2018//2018 2144//2144 2021//2021
f 2145//2145 2148//2148 2144//2144
f 2148//2148 2147//2147 2144//2144
f 2146//2146 2149//2149 2145//2145
f 2149//2149 2148//2148 2145//2145
f 2020//2020 2023//2023 2149//2149
f 2146//2146 2020//2020 2149//2149
f 2147//2147 2150//2150 2151//2151
f 2147//2147 2151//2151 2021//2021
f 2021//2021 2151//2151 2024//2024
f 2148//2148 2150//2150 2147//2147
f 2152//2152 2150//2150 2148//2148
f 2149//2149 2152//2152 2148//2148
f 2153//2153 2152//2152 2149//2149
f 2153//2153 2149//2149 2023//2023
f 2153//2153 2023//2023 2154//2154
f 2154//2154 2023//2023 2026//2026
f 2155//2155 2156//2156 2157//2157
f 2155//2155 2151//2151 2156//2156
f 2155//2155 2027//2027 2151//2151
f 2027//2027 2024//2024 2151//2151
f 2158//2158 2159//2159 2160//2160
f 2160//2160 2161//2161 2158//2158
f 2162//2162 2030//2030 2163//2163
f 2162//2162 2154//2154 2030//2030
f 2154//2154 2026//2026 2030//2030
f 2162//2162 2163//2163 2164//2164
f 2165//2165 2155//2155 2157//2157
f 2166//2166 2165//2165 2157//2157
f 2027//2027 2165//2165 2031//2031
f 2155//2155 2165//2165 2027//2027
f 2158//2158 2167//2167 2159//2159
f 2161//2161 2167//2167 2158//2158
f 2163//2163 2033//2033 2168//2168
f 2030//2030 2033//2033 2163//2163
f 2169//2169 2164//2164 2163//2163
f 2168//2168 2169//2169 2163//2163
f 2165//2165 2166//2166 2170//2170
f 2170//2170 2031//2031 2165//2165
f 2170//2170 2171//2171 2031//2031
f 2171//2171 2034//2034 2031//2031
f 2168//2168 2172//2172 2173//2173
f 2168//2168 2033//2033 2172//2172
f 2033//2033 2035//2035 2172//2172
f 2169//2169 2168//2168 2173//2173
f 2034//2034 2171//2171 2174//2174
f 2036//2036 2034//2034 2174//2174
f 2037//2037 2036//2036 2175//2175
f 2036//2036 2174//2174 2175//2175
f 2038//2038 2037//2037 2176//2176
f 2037//2037 2175//2175 2176//2176
f 2172//2172 2035//2035 2038//2038
f 2176//2176 2172//2172 2038//2038
f 2040//2040 2177//2177 2178//2178
f 2041//2041 2040//2040 2178//2178
f 2042//2042 2179//2179 2040//2040
f 2040//2040 2179//2179 2177//2177
f 2044//2044 2180//2180 2042//2042
f 2042//2042 2180//2180 2179//2179
f 2180//2180 2044//2044 2045//2045
f 2181//2181 2180//2180 2045//2045
f 2047//2047 2182//2182 2183//2183
f 2048//2048 2047//2047 2183//2183
f 2178//2178 2047//2047 2041//2041
f 2182//2182 2047//2047 2178//2178
f 2184//2184 2185//2185 2186//2186
f 2186//2186 2187//2187 2184//2184
f 2045//2045 2188//2188 2181//2181
f 2050//2050 2188//2188 2045//2045
f 2188//2188 2050//2050 2051//2051
f 2189//2189 2188//2188 2051//2051
f 2048//2048 2183//2183 2053//2053
f 2183//2183 2190//2190 2053//2053
f 2056//2056 2185//2185 2184//2184
f 2056//2056 2055//2055 2185//2185
f 2055//2055 2191//2191 2185//2185
f 2184//2184 2057//2057 2056//2056
f 2184//2184 2187//2187 2057//2057
f 2187//2187 2192//2192 2057//2057
f 2051//2051 2059//2059 2189//2189
f 2189//2189 2059//2059 2193//2193
f 2053//2053 2190//2190 2194//2194
f 2060//2060 2053//2053 2194//2194
f 2194//2194 2061//2061 2060//2060
f 2195//2195 2061//2061 2194//2194
f 2055//2055 2196//2196 2191//2191
f 2062//2062 2196//2196 2055//2055
f 2192//2192 2062//2062 2057//2057
f 2196//2196 2062//2062 2192//2192
f 2064//2064 2063//2063 2197//2197
f 2064//2064 2197//2197 2198//2198
f 2064//2064 2198//2198 2059//2059
f 2059//2059 2198//2198 2193//2193
f 2061//2061 2195//2195 2199//2199
f 2065//2065 2061//2061 2199//2199
f 2066//2066 2065//2065 2200//2200
f 2065//2065 2199//2199 2200//2200
f 2067//2067 2066//2066 2201//2201
f 2066//2066 2200//2200 2201//2201
f 2197//2197 2063//2063 2067//2067
f 2197//2197 2067//2067 2202//2202
f 2202//2202 2067//2067 2201//2201
f 2198//2198 2197//2197 2202//2202
f 2068//2068 2203//2203 2204//2204
f 2069//2069 2068//2068 2204//2204
f 2070//2070 2205//2205 2068//2068
f 2068//2068 2205//2205 2203//2203
f 2071//2071 2206//2206 2070//2070
f 2070//2070 2206//2206 2205//2205
f 2206//2206 2071//2071 2072//2072
f 2207//2207 2206//2206 2072//2072
f 2073//2073 2208//2208 2209//2209
f 2074//2074 2073//2073 2209//2209
f 2204//2204 2073//2073 2069//2069
f 2208//2208 2073//2073 2204//2204
f 2076//2076 2210//2210 2211//2211
f 2075//2075 2210//2210 2076//2076
f 2211//2211 2077//2077 2076//2076
f 2212//2212 2077//2077 2211//2211
f 2072//2072 2213//2213 2207//2207
f 2078//2078 2213//2213 2072//2072
f 2213//2213 2078//2078 2080//2080
f 2214//2214 2213//2213 2080//2080
f 2074//2074 2209//2209 2081//2081
f 2209//2209 2215//2215 2081//2081
f 2075//2075 2083//2083 2210//2210
f 2210//2210 2083//2083 2216//2216
f 2077//2077 2212//2212 2084//2084
f 2212//2212 2217//2217 2084//2084
f 2080//2080 2085//2085 2214//2214
f 2214//2214 2085//2085 2218//2218
f 2081//2081 2215//2215 2086//2086
f 2215//2215 2219//2219 2086//2086
f 2083//2083 2220//2220 2216//2216
f 2088//2088 2220//2220 2083//2083
f 2217//2217 2088//2088 2084//2084
f 2220//2220 2088//2088 2217//2217
f 2091//2091 2090//2090 2221//2221
f 2091//2091 2221//2221 2222//2222
f 2091//2091 2222//2222 2085//2085
f 2085//2085 2222//2222 2218//2218
f 2223//2223 2092//2092 2086//2086
f 2223//2223 2086//2086 2224//2224
f 2224//2224 2086//2086 2219//2219
f 2092//2092 2223//2223 2094//2094
f 2221//2221 2096//2096 2225//2225
f 2090//2090 2096//2096 2221//2221
f 2226//2226 2222//2222 2221//2221
f 2225//2225 2226//2226 2221//2221
f 2223//2223 2224//2224 2227//2227
f 2094//2094 2223//2223 2227//2227
f 2094//2094 2227//2227 2097//2097
f 2097//2097 2227//2227 2228//2228
f 2099//2099 2097//2097 2229//2229
f 2097//2097 2228//2228 2229//2229
f 2101//2101 2099//2099 2230//2230
f 2099//2099 2229//2229 2230//2230
f 2225//2225 2096//2096 2101//2101
f 2225//2225 2101//2101 2231//2231
f 2231//2231 2101//2101 2230//2230
f 2226//2226 2225//2225 2231//2231
f 2232//2232 2233//2233 2234//2234
f 2232//2232 2235//2235 2236//2236
f 2233//2233 2232//2232 2236//2236
f 2235//2235 2237//2237 2238//2238
f 2236//2236 2235//2235 2238//2238
f 2237//2237 2239//2239 2240//2240
f 2238//2238 2237//2237 2240//2240
f 2239//2239 2241//2241 2242//2242
f 2240//2240 2239//2239 2242//2242
f 2242//2242 2241//2241 2243//2243
f 2244//2244 2232//2232 2234//2234
f 2245//2245 2244//2244 2234//2234
f 2104//2104 2244//2244 2105//2105
f 2104//2104 2235//2235 2244//2244
f 2235//2235 2232//2232 2244//2244
f 2107//2107 2235//2235 2104//2104
f 2237//2237 2235//2235 2107//2107
f 2109//2109 2237//2237 2107//2107
f 2239//2239 2237//2237 2109//2109
f 2110//2110 2239//2239 2109//2109
f 2110//2110 2246//2246 2239//2239
f 2246//2246 2241//2241 2239//2239
f 2247//2247 2243//2243 2241//2241
f 2246//2246 2247//2247 2241//2241
f 2248//2248 2249//2249 2250//2250
f 2245//2245 2249//2249 2248//2248
f 2244//2244 2245//2245 2248//2248
f 2244//2244 2248//2248 2113//2113
f 2244//2244 2113//2113 2112//2112
f 2105//2105 2244//2244 2112//2112
f 2251//2251 2252//2252 2253//2253
f 2253//2253 2254//2254 2251//2251
f 2246//2246 2117//2117 2255//2255
f 2110//2110 2117//2117 2246//2246
f 2256//2256 2247//2247 2246//2246
f 2255//2255 2256//2256 2246//2246
f 2257//2257 2248//2248 2250//2250
f 2258//2258 2257//2257 2250//2250
f 2113//2113 2257//2257 2119//2119
f 2248//2248 2257//2257 2113//2113
f 2259//2259 2252//2252 2251//2251
f 2260//2260 2252//2252 2259//2259
f 2261//2261 2251//2251 2254//2254
f 2259//2259 2251//2251 2261//2261
f 2255//2255 2123//2123 2262//2262
f 2117//2117 2123//2123 2255//2255
f 2263//2263 2256//2256 2255//2255
f 2262//2262 2263//2263 2255//2255
f 2257//2257 2258//2258 2264//2264
f 2265//2265 2264//2264 2266//2266
f 2124//2124 2264//2264 2265//2265
f 2124//2124 2257//2257 2264//2264
f 2124//2124 2119//2119 2257//2257
f 2124//2124 2265//2265 2125//2125
f 2267//2267 2260//2260 2259//2259
f 2268//2268 2260//2260 2267//2267
f 2269//2269 2259//2259 2261//2261
f 2267//2267 2259//2259 2269//2269
f 2262//2262 2129//2129 2270//2270
f 2123//2123 2129//2129 2262//2262
f 2271//2271 2263//2263 2262//2262
f 2270//2270 2271//2271 2262//2262
f 2272//2272 2265//2265 2266//2266
f 2273//2273 2272//2272 2266//2266
f 2125//2125 2272//2272 2131//2131
f 2265//2265 2272//2272 2125//2125
f 2267//2267 2274//2274 2268//2268
f 2269//2269 2274//2274 2267//2267
f 2270//2270 2275//2275 2276//2276
f 2270//2270 2129//2129 2275//2275
f 2129//2129 2134//2134 2275//2275
f 2271//2271 2270//2270 2276//2276
f 2277//2277 2272//2272 2273//2273
f 2278//2278 2277//2277 2273//2273
f 2131//2131 2279//2279 2136//2136
f 2131//2131 2272//2272 2279//2279
f 2272//2272 2277//2277 2279//2279
f 2136//2136 2280//2280 2137//2137
f 2279//2279 2280//2280 2136//2136
f 2137//2137 2281//2281 2139//2139
f 2280//2280 2281//2281 2137//2137
f 2282//2282 2275//2275 2134//2134
f 2282//2282 2134//2134 2281//2281
f 2282//2282 2281//2281 2283//2283
f 2281//2281 2134//2134 2139//2139
f 2282//2282 2283//2283 2284//2284
f 2285//2285 2277//2277 2278//2278
f 2286//2286 2285//2285 2278//2278
f 2279//2279 2277//2277 2287//2287
f 2287//2287 2277//2277 2285//2285
f 2280//2280 2279//2279 2288//2288
f 2288//2288 2279//2279 2287//2287
f 2281//2281 2280//2280 2289//2289
f 2289//2289 2280//2280 2288//2288
f 2283//2283 2281//2281 2290//2290
f 2290//2290 2281//2281 2289//2289
f 2291//2291 2284//2284 2283//2283
f 2290//2290 2291//2291 2283//2283
f 2292//2292 2285//2285 2286//2286
f 2293//2293 2292//2292 2286//2286
f 2287//2287 2285//2285 2294//2294
f 2294//2294 2285//2285 2292//2292
f 2288//2288 2287//2287 2295//2295
f 2295//2295 2287//2287 2294//2294
f 2289//2289 2288//2288 2296//2296
f 2296//2296 2288//2288 2295//2295
f 2290//2290 2289//2289 2297//2297
f 2297//2297 2289//2289 2296//2296
f 2298//2298 2291//2291 2290//2290
f 2297//2297 2298//2298 2290//2290
f 2292//2292 2293//2293 2299//2299
f 2299//2299 2300//2300 2301//2301
f 2299//2299 2301//2301 2292//2292
f 2292//2292 2301//2301 2294//2294
f 2295//2295 2294//2294 2302//2302
f 2302//2302 2294//2294 2301//2301
f 2296//2296 2295//2295 2303//2303
f 2303//2303 2295//2295 2302//2302
f 2297//2297 2296//2296 2304//2304
f 2304//2304 2296//2296 2303//2303
f 2305//2305 2298//2298 2297//2297
f 2304//2304 2305//2305 2297//2297
f 2150//2150 2301//2301 2300//2300
f 2150//2150 2300//2300 2151//2151
f 2151//2151 2300//2300 2306//2306
f 2152//2152 2301//2301 2150//2150
f 2302//2302 2301//2301 2152//2152
f 2153//2153 2302//2302 2152//2152
f 2303//2303 2302//2302 2153//2153
f 2307//2307 2304//2304 2303//2303
f 2307//2307 2303//2303 2154//2154
f 2307//2307 2154//2154 2308//2308
f 2153//2153 2154//2154 2303//2303
f 2305//2305 2304//2304 2307//2307
f 2156//2156 2309//2309 2310//2310
f 2157//2157 2156//2156 2310//2310
f 2306//2306 2156//2156 2151//2151
f 2309//2309 2156//2156 2306//2306
f 2160//2160 2311//2311 2312//2312
f 2159//2159 2311//2311 2160//2160
f 2312//2312 2161//2161 2160//2160
f 2313//2313 2161//2161 2312//2312
f 2154//2154 2314//2314 2308//2308
f 2162//2162 2314//2314 2154//2154
f 2314//2314 2162//2162 2164//2164
f 2315//2315 2314//2314 2164//2164
f 2157//2157 2310//2310 2166//2166
f 2310//2310 2316//2316 2166//2166
f 2317//2317 2159//2159 2167//2167
f 2317//2317 2318//2318 2159//2159
f 2318//2318 2311//2311 2159//2159
f 2167//2167 2319//2319 2317//2317
f 2167//2167 2161//2161 2319//2319
f 2161//2161 2313//2313 2319//2319
f 2164//2164 2169//2169 2315//2315
f 2315//2315 2169//2169 2320//2320
f 2166//2166 2316//2316 2321//2321
f 2170//2170 2166//2166 2321//2321
f 2321//2321 2171//2171 2170//2170
f 2322//2322 2171//2171 2321//2321
f 2317//2317 2323//2323 2318//2318
f 2319//2319 2323//2323 2317//2317
f 2173//2173 2324//2324 2325//2325
f 2172//2172 2324//2324 2173//2173
f 2320//2320 2169//2169 2173//2173
f 2325//2325 2320//2320 2173//2173
f 2171//2171 2322//2322 2326//2326
f 2174//2174 2171//2171 2326//2326
f 2175//2175 2174//2174 2327//2327
f 2174//2174 2326//2326 2327//2327
f 2176//2176 2175//2175 2328//2328
f 2175//2175 2327//2327 2328//2328
f 2324//2324 2172//2172 2176//2176
f 2328//2328 2324//2324 2176//2176
f 2177//2177 2329//2329 2330//2330
f 2178//2178 2177//2177 2330//2330
f 2179//2179 2331//2331 2177//2177
f 2177//2177 2331//2331 2329//2329
f 2180//2180 2332//2332 2179//2179
f 2179//2179 2332//2332 2331//2331
f 2332//2332 2180//2180 2181//2181
f 2333//2333 2332//2332 2181//2181
f 2182//2182 2334//2334 2335//2335
f 2183//2183 2182//2182 2335//2335
f 2330//2330 2182//2182 2178//2178
f 2334//2334 2182//2182 2330//2330
f 2186//2186 2185//2185 2336//2336
f 2186//2186 2336//2336 2187//2187
f 2181//2181 2337//2337 2333//2333
f 2188//2188 2337//2337 2181//2181
f 2337//2337 2188//2188 2189//2189
f 2338//2338 2337//2337 2189//2189
f 2183//2183 2335//2335 2190//2190
f 2335//2335 2339//2339 2190//2190
f 2336//2336 2340//2340 2341//2341
f 2336//2336 2185//2185 2340//2340
f 2185//2185 2191//2191 2340//2340
f 2341//2341 2187//2187 2336//2336
f 2341//2341 2342//2342 2187//2187
f 2342//2342 2192//2192 2187//2187
f 2189//2189 2193//2193 2338//2338
f 2338//2338 2193//2193 2343//2343
f 2190//2190 2339//2339 2344//2344
f 2194//2194 2190//2190 2344//2344
f 2344//2344 2195//2195 2194//2194
f 2345//2345 2195//2195 2344//2344
f 2191//2191 2346//2346 2340//2340
f 2196//2196 2346//2346 2191//2191
f 2342//2342 2196//2196 2192//2192
f 2346//2346 2196//2196 2342//2342
f 2193//2193 2198//2198 2343//2343
f 2343//2343 2198//2198 2347//2347
f 2195//2195 2345//2345 2348//2348
f 2199//2199 2195//2195 2348//2348
f 2200//2200 2199//2199 2349//2349
f 2199//2199 2348//2348 2349//2349
f 2201//2201 2200//2200 2350//2350
f 2200//2200 2349//2349 2350//2350
f 2202//2202 2201//2201 2351//2351
f 2201//2201 2350//2350 2351//2351
f 2347//2347 2198//2198 2202//2202
f 2351//2351 2347//2347 2202//2202
f 2352//2352 2353//2353 2354//2354
f 2352//2352 2204//2204 2203//2203
f 2352//2352 2203//2203 2353//2353
f 2353//2353 2203//2203 2355//2355
f 2205//2205 2356//2356 2203//2203
f 2203//2203 2356//2356 2355//2355
f 2206//2206 2357//2357 2205//2205
f 2205//2205 2357//2357 2356//2356
f 2207//2207 2358//2358 2359//2359
f 2207//2207 2359//2359 2206//2206
f 2206//2206 2359//2359 2357//2357
f 2359//2359 2358//2358 2360//2360
f 2208//2208 2352//2352 2354//2354
f 2208//2208 2354//2354 2209//2209
f 2209//2209 2354//2354 2361//2361
f 2204//2204 2352//2352 2208//2208
f 2362//2362 2363//2363 2364//2364
f 2363//2363 2211//2211 2210//2210
f 2363//2363 2362//2362 2211//2211
f 2362//2362 2365//2365 2211//2211
f 2365//2365 2212//2212 2211//2211
f 2366//2366 2212//2212 2365//2365
f 2207//2207 2213//2213 2358//2358
f 2358//2358 2213//2213 2214//2214
f 2358//2358 2214//2214 2360//2360
f 2360//2360 2214//2214 2367//2367
f 2368//2368 2369//2369 2370//2370
f 2368//2368 2361//2361 2369//2369
f 2368//2368 2215//2215 2361//2361
f 2215//2215 2209//2209 2361//2361
f 2371//2371 2364//2364 2363//2363
f 2372//2372 2364//2364 2371//2371
f 2210//2210 2216//2216 2371//2371
f 2363//2363 2210//2210 2371//2371
f 2373//2373 2374//2374 2217//2217
f 2373//2373 2217//2217 2366//2366
f 2366//2366 2217//2217 2212//2212
f 2373//2373 2375//2375 2374//2374
f 2376//2376 2218//2218 2377//2377
f 2376//2376 2367//2367 2218//2218
f 2367//2367 2214//2214 2218//2218
f 2376//2376 2377//2377 2378//2378
f 2379//2379 2368//2368 2370//2370
f 2380//2380 2379//2379 2370//2370
f 2215//2215 2379//2379 2219//2219
f 2368//2368 2379//2379 2215//2215
f 2381//2381 2372//2372 2371//2371
f 2382//2382 2372//2372 2381//2381
f 2216//2216 2220//2220 2383//2383
f 2216//2216 2383//2383 2371//2371
f 2371//2371 2383//2383 2381//2381
f 2220//2220 2217//2217 2374//2374
f 2220//2220 2374//2374 2383//2383
f 2383//2383 2374//2374 2384//2384
f 2385//2385 2374//2374 2375//2375
f 2384//2384 2374//2374 2385//2385
f 2377//2377 2222//2222 2386//2386
f 2218//2218 2222//2222 2377//2377
f 2387//2387 2378//2378 2377//2377
f 2386//2386 2387//2387 2377//2377
f 2379//2379 2380//2380 2388//2388
f 2388//2388 2219//2219 2379//2379
f 2388//2388 2389//2389 2219//2219
f 2389//2389 2224//2224 2219//2219
f 2381//2381 2390//2390 2382//2382
f 2383//2383 2390//2390 2381//2381
f 2391//2391 2390//2390 2383//2383
f 2384//2384 2391//2391 2383//2383
f 2392//2392 2391//2391 2384//2384
f 2385//2385 2392//2392 2384//2384
f 2386//2386 2393//2393 2394//2394
f 2386//2386 2222//2222 2393//2393
f 2222//2222 2226//2226 2393//2393
f 2387//2387 2386//2386 2394//2394
f 2224//2224 2389//2389 2395//2395
f 2227//2227 2224//2224 2395//2395
f 2396//2396 2395//2395 2397//2397
f 2396//2396 2228//2228 2395//2395
f 2228//2228 2227//2227 2395//2395
f 2228//2228 2398//2398 2229//2229
f 2396//2396 2398//2398 2228//2228
f 2229//2229 2399//2399 2230//2230
f 2398//2398 2399//2399 2229//2229
f 2400//2400 2230//2230 2399//2399
f 2400//2400 2401//2401 2230//2230
f 2401//2401 2231//2231 2230//2230
f 2393//2393 2226//2226 2231//2231
f 2401//2401 2393//2393 2231//2231
f 2396//2396 2397//2397 2402//2402
f 2398//2398 2396//2396 2402//2402
f 2403//2403 2398//2398 2402//2402
f 2399//2399 2398//2398 2403//2403
f 2404//2404 2399//2399 2403//2403
f 2400//2400 2399//2399 2404//2404
f 2405//2405 2406//2406 2407//2407
f 2405//2405 2408//2408 2409//2409
f 2406//2406 2405//2405 2409//2409
f 2408//2408 2410//2410 2411//2411
f 2409//2409 2408//2408 2411//2411
f 2411//2411 2410//2410 2412//2412
f 2233//2233 2413//2413 2414//2414
f 2234//2234 2233//2233 2414//2414
f 2407//2407 2236//2236 2405//2405
f 2407//2407 2413//2413 2236//2236
f 2413//2413 2233//2233 2236//2236
f 2238//2238 2405//2405 2236//2236
f 2408//2408 2405//2405 2238//2238
f 2240//2240 2408//2408 2238//2238
f 2410//2410 2408//2408 2240//2240
f 2410//2410 2415//2415 2412//2412
f 2410//2410 2240//2240 2415//2415
f 2240//2240 2242//2242 2415//2415
f 2415//2415 2242//2242 2243//2243
f 2416//2416 2415//2415 2243//2243
f 2417//2417 2418//2418 2419//2419
f 2417//2417 2414//2414 2418//2418
f 2417//2417 2245//2245 2414//2414
f 2245//2245 2234//2234 2414//2414
f 2420//2420 2421//2421 2422//2422
f 2420//2420 2423//2423 2424//2424
f 2422//2422 2423//2423 2420//2420
f 2424//2424 2425//2425 2426//2426
f 2423//2423 2425//2425 2424//2424
f 2425//2425 2427//2427 2426//2426
f 2243//2243 2247//2247 2416//2416
f 2416//2416 2247//2247 2428//2428
f 2249//2249 2417//2417 2419//2419
f 2249//2249 2419//2419 2250//2250
f 2250//2250 2419//2419 2429//2429
f 2245//2245 2417//2417 2249//2249
f 2430//2430 2421//2421 2420//2420
f 2431//2431 2421//2421 2430//2430
f 2253//2253 2252//2252 2430//2430
f 2253//2253 2430//2430 2424//2424
f 2424//2424 2430//2430 2420//2420
f 2254//2254 2253//2253 2424//2424
f 2254//2254 2424//2424 2432//2432
f 2432//2432 2424//2424 2426//2426
f 2433//2433 2426//2426 2427//2427
f 2432//2432 2426//2426 2433//2433
f 2247//2247 2256//2256 2428//2428
f 2428//2428 2256//2256 2434//2434
f 2250//2250 2429//2429 2258//2258
f 2429//2429 2435//2435 2258//2258
f 2436//2436 2431//2431 2430//2430
f 2437//2437 2431//2431 2436//2436
f 2252//2252 2260//2260 2436//2436
f 2430//2430 2252//2252 2436//2436
f 2432//2432 2438//2438 2261//2261
f 2254//2254 2432//2432 2261//2261
f 2439//2439 2432//2432 2433//2433
f 2438//2438 2432//2432 2439//2439
f 2256//2256 2263//2263 2434//2434
f 2434//2434 2263//2263 2440//2440
f 2258//2258 2435//2435 2441//2441
f 2264//2264 2258//2258 2441//2441
f 2441//2441 2266//2266 2264//2264
f 2442//2442 2266//2266 2441//2441
f 2443//2443 2437//2437 2436//2436
f 2444//2444 2437//2437 2443//2443
f 2260//2260 2268//2268 2443//2443
f 2436//2436 2260//2260 2443//2443
f 2438//2438 2445//2445 2446//2446
f 2438//2438 2446//2446 2261//2261
f 2261//2261 2446//2446 2269//2269
f 2439//2439 2445//2445 2438//2438
f 2263//2263 2271//2271 2440//2440
f 2440//2440 2271//2271 2447//2447
f 2266//2266 2442//2442 2273//2273
f 2442//2442 2448//2448 2273//2273
f 2443//2443 2449//2449 2444//2444
f 2450//2450 2451//2451 2449//2449
f 2274//2274 2450//2450 2449//2449
f 2274//2274 2449//2449 2443//2443
f 2274//2274 2443//2443 2268//2268
f 2274//2274 2452//2452 2450//2450
f 2274//2274 2269//2269 2452//2452
f 2269//2269 2446//2446 2452//2452
f 2276//2276 2275//2275 2453//2453
f 2276//2276 2453//2453 2454//2454
f 2276//2276 2454//2454 2271//2271
f 2271//2271 2454//2454 2447//2447
f 2273//2273 2448//2448 2278//2278
f 2448//2448 2455//2455 2278//2278
f 2456//2456 2451//2451 2450//2450
f 2457//2457 2451//2451 2456//2456
f 2458//2458 2450//2450 2452//2452
f 2456//2456 2450//2450 2458//2458
f 2275//2275 2282//2282 2453//2453
f 2284//2284 2459//2459 2460//2460
f 2282//2282 2284//2284 2460//2460
f 2282//2282 2460//2460 2454//2454
f 2282//2282 2454//2454 2453//2453
f 2460//2460 2459//2459 2461//2461
f 2462//2462 2463//2463 2464//2464
f 2462//2462 2455//2455 2463//2463
f 2462//2462 2286//2286 2455//2455
f 2286//2286 2278//2278 2455//2455
f 2465//2465 2466//2466 2467//2467
f 2457//2457 2465//2465 2467//2467
f 2457//2457 2456//2456 2465//2465
f 2456//2456 2468//2468 2465//2465
f 2469//2469 2456//2456 2458//2458
f 2469//2469 2470//2470 2456//2456
f 2470//2470 2468//2468 2456//2456
f 2469//2469 2471//2471 2470//2470
f 2459//2459 2291//2291 2472//2472
f 2284//2284 2291//2291 2459//2459
f 2473//2473 2461//2461 2459//2459
f 2472//2472 2473//2473 2459//2459
f 2462//2462 2464//2464 2474//2474
f 2474//2474 2286//2286 2462//2462
f 2474//2474 2475//2475 2286//2286
f 2475//2475 2293//2293 2286//2286
f 2476//2476 2466//2466 2465//2465
f 2477//2477 2466//2466 2476//2476
f 2468//2468 2478//2478 2465//2465
f 2478//2478 2476//2476 2465//2465
f 2470//2470 2479//2479 2468//2468
f 2479//2479 2478//2478 2468//2468
f 2480//2480 2470//2470 2471//2471
f 2479//2479 2470//2470 2480//2480
f 2472//2472 2298//2298 2481//2481
f 2291//2291 2298//2298 2472//2472
f 2482//2482 2473//2473 2472//2472
f 2481//2481 2482//2482 2472//2472
f 2483//2483 2299//2299 2293//2293
f 2483//2483 2293//2293 2484//2484
f 2484//2484 2293//2293 2475//2475
f 2476//2476 2485//2485 2477//2477
f 2300//2300 2299//2299 2483//2483
f 2485//2485 2486//2486 2487//2487
f 2485//2485 2476//2476 2486//2486
f 2476//2476 2478//2478 2486//2486
f 2488//2488 2479//2479 2489//2489
f 2488//2488 2486//2486 2479//2479
f 2486//2486 2478//2478 2479//2479
f 2480//2480 2489//2489 2479//2479
f 2481//2481 2305//2305 2490//2490
f 2298//2298 2305//2305 2481//2481
f 2491//2491 2482//2482 2481//2481
f 2490//2490 2491//2491 2481//2481
f 2483//2483 2484//2484 2492//2492
f 2492//2492 2300//2300 2483//2483
f 2492//2492 2493//2493 2300//2300
f 2493//2493 2306//2306 2300//2300
f 2494//2494 2487//2487 2486//2486
f 2495//2495 2487//2487 2494//2494
f 2496//2496 2486//2486 2488//2488
f 2494//2494 2486//2486 2496//2496
f 2307//2307 2308//2308 2497//2497
f 2307//2307 2497//2497 2498//2498
f 2305//2305 2307//2307 2498//2498
f 2305//2305 2498//2498 2499//2499
f 2305//2305 2499//2499 2490//2490
f 2491//2491 2490//2490 2499//2499
f 2309//2309 2500//2500 2310//2310
f 2309//2309 2501//2501 2500//2500
f 2309//2309 2306//2306 2501//2501
f 2306//2306 2493//2493 2501//2501
f 2312//2312 2495//2495 2494//2494
f 2312//2312 2311//2311 2495//2495
f 2311//2311 2502//2502 2495//2495
f 2494//2494 2313//2313 2312//2312
f 2494//2494 2496//2496 2313//2313
f 2496//2496 2503//2503 2313//2313
f 2308//2308 2314//2314 2497//2497
f 2497//2497 2314//2314 2315//2315
f 2497//2497 2315//2315 2498//2498
f 2498//2498 2315//2315 2504//2504
f 2500//2500 2505//2505 2506//2506
f 2500//2500 2506//2506 2310//2310
f 2310//2310 2506//2506 2316//2316
f 2501//2501 2505//2505 2500//2500
f 2311//2311 2318//2318 2502//2502
f 2502//2502 2318//2318 2507//2507
f 2313//2313 2503//2503 2319//2319
f 2503//2503 2508//2508 2319//2319
f 2509//2509 2510//2510 2511//2511
f 2509//2509 2511//2511 2504//2504
f 2509//2509 2504//2504 2320//2320
f 2320//2320 2504//2504 2315//2315
f 2512//2512 2321//2321 2316//2316
f 2512//2512 2316//2316 2513//2513
f 2513//2513 2316//2316 2506//2506
f 2321//2321 2512//2512 2322//2322
f 2318//2318 2514//2514 2507//2507
f 2323//2323 2514//2514 2318//2318
f 2508//2508 2323//2323 2319//2319
f 2514//2514 2323//2323 2508//2508
f 2325//2325 2510//2510 2509//2509
f 2325//2325 2324//2324 2510//2510
f 2324//2324 2515//2515 2510//2510
f 2320//2320 2325//2325 2509//2509
f 2512//2512 2513//2513 2516//2516
f 2517//2517 2516//2516 2518//2518
f 2326//2326 2516//2516 2517//2517
f 2326//2326 2512//2512 2516//2516
f 2326//2326 2322//2322 2512//2512
f 2326//2326 2519//2519 2327//2327
f 2517//2517 2519//2519 2326//2326
f 2327//2327 2520//2520 2328//2328
f 2519//2519 2520//2520 2327//2327
f 2328//2328 2520//2520 2521//2521
f 2328//2328 2521//2521 2324//2324
f 2324//2324 2521//2521 2515//2515
f 2517//2517 2518//2518 2522//2522
f 2519//2519 2517//2517 2522//2522
f 2523//2523 2519//2519 2522//2522
f 2520//2520 2519//2519 2523//2523
f 2524//2524 2520//2520 2523//2523
f 2521//2521 2520//2520 2524//2524
f 2329//2329 2525//2525 2330//2330
f 2329//2329 2331//2331 2526//2526
f 2525//2525 2329//2329 2526//2526
f 2331//2331 2332//2332 2527//2527
f 2526//2526 2331//2331 2527//2527
f 2332//2332 2333//2333 2527//2527
f 2334//2334 2528//2528 2335//2335
f 2334//2334 2529//2529 2528//2528
f 2330//2330 2529//2529 2334//2334
f 2330//2330 2530//2530 2529//2529
f 2330//2330 2525//2525 2530//2530
f 2526//2526 2530//2530 2525//2525
f 2531//2531 2530//2530 2526//2526
f 2527//2527 2531//2531 2526//2526
f 2532//2532 2531//2531 2527//2527
f 2533//2533 2534//2534 2532//2532
f 2337//2337 2533//2533 2532//2532
f 2337//2337 2532//2532 2527//2527
f 2337//2337 2527//2527 2333//2333
f 2337//2337 2338//2338 2533//2533
f 2528//2528 2535//2535 2339//2339
f 2335//2335 2528//2528 2339//2339
f 2536//2536 2528//2528 2529//2529
f 2535//2535 2528//2528 2536//2536
f 2341//2341 2340//2340 2537//2537
f 2341//2341 2537//2537 2342//2342
f 2538//2538 2534//2534 2533//2533
f 2539//2539 2534//2534 2538//2538
f 2338//2338 2343//2343 2538//2538
f 2533//2533 2338//2338 2538//2538
f 2339//2339 2535//2535 2344//2344
f 2345//2345 2540//2540 2541//2541
f 2344//2344 2540//2540 2345//2345
f 2344//2344 2536//2536 2540//2540
f 2344//2344 2535//2535 2536//2536
f 2340//2340 2346//2346 2537//2537
f 2541//2541 2540//2540 2542//2542
f 2342//2342 2537//2537 2346//2346
f 2543//2543 2539//2539 2538//2538
f 2544//2544 2539//2539 2543//2543
f 2343//2343 2347//2347 2543//2543
f 2538//2538 2343//2343 2543//2543
f 2345//2345 2541//2541 2348//2348
f 2541//2541 2542//2542 2545//2545
f 2541//2541 2545//2545 2348//2348
f 2348//2348 2545//2545 2349//2349
f 2350//2350 2349//2349 2546//2546
f 2349//2349 2545//2545 2546//2546
f 2544//2544 2543//2543 2351//2351
f 2544//2544 2351//2351 2546//2546
f 2546//2546 2351//2351 2350//2350
f 2347//2347 2351//2351 2543//2543
f 2353//2353 2547//2547 2548//2548
f 2354//2354 2353//2353 2548//2548
f 2355//2355 2549//2549 2353//2353
f 2353//2353 2549//2549 2547//2547
f 2356//2356 2550//2550 2355//2355
f 2355//2355 2550//2550 2549//2549
f 2357//2357 2551//2551 2356//2356
f 2356//2356 2551//2551 2550//2550
f 2359//2359 2552//2552 2357//2357
f 2357//2357 2552//2552 2551//2551
f 2552//2552 2359//2359 2360//2360
f 2553//2553 2552//2552 2360//2360
f 2554//2554 2555//2555 2556//2556
f 2554//2554 2548//2548 2555//2555
f 2554//2554 2361//2361 2548//2548
f 2361//2361 2354//2354 2548//2548
f 2362//2362 2557//2557 2558//2558
f 2364//2364 2557//2557 2362//2362
f 2365//2365 2362//2362 2559//2559
f 2362//2362 2558//2558 2559//2559
f 2366//2366 2560//2560 2561//2561
f 2366//2366 2365//2365 2560//2560
f 2365//2365 2559//2559 2560//2560
f 2560//2560 2562//2562 2561//2561
f 2360//2360 2367//2367 2553//2553
f 2553//2553 2367//2367 2563//2563
f 2369//2369 2554//2554 2556//2556
f 2369//2369 2556//2556 2370//2370
f 2370//2370 2556//2556 2564//2564
f 2361//2361 2554//2554 2369//2369
f 2565//2565 2566//2566 2567//2567
f 2566//2566 2565//2565 2557//2557
f 2566//2566 2557//2557 2372//2372
f 2372//2372 2557//2557 2364//2364
f 2366//2366 2561//2561 2373//2373
f 2561//2561 2375//2375 2373//2373
f 2561//2561 2562//2562 2375//2375
f 2562//2562 2568//2568 2375//2375
f 2367//2367 2569//2569 2563//2563
f 2376//2376 2569//2569 2367//2367
f 2569//2569 2376//2376 2378//2378
f 2570//2570 2569//2569 2378//2378
f 2370//2370 2564//2564 2380//2380
f 2564//2564 2571//2571 2380//2380
f 2566//2566 2572//2572 2567//2567
f 2572//2572 2566//2566 2372//2372
f 2572//2572 2372//2372 2573//2573
f 2573//2573 2372//2372 2382//2382
f 2375//2375 2568//2568 2385//2385
f 2568//2568 2574//2574 2385//2385
f 2378//2378 2387//2387 2570//2570
f 2570//2570 2387//2387 2575//2575
f 2380//2380 2571//2571 2576//2576
f 2388//2388 2380//2380 2576//2576
f 2576//2576 2389//2389 2388//2388
f 2577//2577 2389//2389 2576//2576
f 2382//2382 2578//2578 2573//2573
f 2390//2390 2578//2578 2382//2382
f 2579//2579 2580//2580 2578//2578
f 2579//2579 2578//2578 2391//2391
f 2391//2391 2578//2578 2390//2390
f 2581//2581 2579//2579 2391//2391
f 2581//2581 2391//2391 2582//2582
f 2582//2582 2391//2391 2392//2392
f 2574//2574 2392//2392 2385//2385
f 2582//2582 2392//2392 2574//2574
f 2394//2394 2583//2583 2584//2584
f 2393//2393 2583//2583 2394//2394
f 2575//2575 2387//2387 2394//2394
f 2584//2584 2575//2575 2394//2394
f 2389//2389 2577//2577 2585//2585
f 2395//2395 2389//2389 2585//2585
f 2585//2585 2397//2397 2395//2395
f 2586//2586 2397//2397 2585//2585
f 2579//2579 2587//2587 2580//2580
f 2581//2581 2587//2587 2579//2579
f 2401//2401 2588//2588 2589//2589
f 2400//2400 2588//2588 2401//2401
f 2583//2583 2393//2393 2401//2401
f 2589//2589 2583//2583 2401//2401
f 2397//2397 2586//2586 2590//2590
f 2402//2402 2397//2397 2590//2590
f 2403//2403 2402//2402 2591//2591
f 2402//2402 2590//2590 2591//2591
f 2404//2404 2403//2403 2592//2592
f 2403//2403 2591//2591 2592//2592
f 2588//2588 2400//2400 2404//2404
f 2592//2592 2588//2588 2404//2404
f 2406//2406 2593//2593 2594//2594
f 2407//2407 2406//2406 2594//2594
f 2409//2409 2595//2595 2406//2406
f 2406//2406 2595//2595 2593//2593
f 2411//2411 2596//2596 2409//2409
f 2409//2409 2596//2596 2595//2595
f 2596//2596 2411//2411 2412//2412
f 2597//2597 2596//2596 2412//2412
f 2413//2413 2598//2598 2599//2599
f 2414//2414 2413//2413 2599//2599
f 2594//2594 2413//2413 2407//2407
f 2598//2598 2413//2413 2594//2594
f 2600//2600 2601//2601 2602//2602
f 2602//2602 2603//2603 2600//2600
f 2412//2412 2604//2604 2597//2597
f 2415//2415 2604//2604 2412//2412
f 2604//2604 2415//2415 2416//2416
f 2605//2605 2604//2604 2416//2416
f 2418//2418 2606//2606 2607//2607
f 2419//2419 2418//2418 2607//2607
f 2599//2599 2418//2418 2414//2414
f 2606//2606 2418//2418 2599//2599
f 2422//2422 2608//2608 2609//2609
f 2421//2421 2608//2608 2422//2422
f 2601//2601 2600//2600 2423//2423
f 2601//2601 2423//2423 2609//2609
f 2609//2609 2423//2423 2422//2422
f 2600//2600 2603//2603 2610//2610
f 2600//2600 2610//2610 2423//2423
f 2423//2423 2610//2610 2425//2425
f 2610//2610 2427//2427 2425//2425
f 2611//2611 2427//2427 2610//2610
f 2612//2612 2428//2428 2613//2613
f 2612//2612 2605//2605 2428//2428
f 2605//2605 2416//2416 2428//2428
f 2612//2612 2613//2613 2614//2614
f 2419//2419 2607//2607 2429//2429
f 2607//2607 2615//2615 2429//2429
f 2616//2616 2617//2617 2618//2618
f 2616//2616 2618//2618 2608//2608
f 2616//2616 2608//2608 2431//2431
f 2431//2431 2608//2608 2421//2421
f 2427//2427 2611//2611 2433//2433
f 2611//2611 2619//2619 2433//2433
f 2613//2613 2434//2434 2620//2620
f 2428//2428 2434//2434 2613//2613
f 2621//2621 2614//2614 2613//2613
f 2620//2620 2621//2621 2613//2613
f 2429//2429 2615//2615 2435//2435
f 2615//2615 2622//2622 2435//2435
f 2616//2616 2623//2623 2617//2617
f 2623//2623 2616//2616 2431//2431
f 2623//2623 2431//2431 2624//2624
f 2624//2624 2431//2431 2437//2437
f 2433//2433 2619//2619 2439//2439
f 2619//2619 2625//2625 2439//2439
f 2620//2620 2626//2626 2627//2627
f 2620//2620 2434//2434 2626//2626
f 2434//2434 2440//2440 2626//2626
f 2621//2621 2620//2620 2627//2627
f 2435//2435 2622//2622 2628//2628
f 2441//2441 2435//2435 2628//2628
f 2628//2628 2442//2442 2441//2441
f 2629//2629 2442//2442 2628//2628
f 2437//2437 2444//2444 2624//2624
f 2624//2624 2444//2444 2630//2630
f 2445//2445 2631//2631 2632//2632
f 2446//2446 2445//2445 2632//2632
f 2625//2625 2445//2445 2439//2439
f 2631//2631 2445//2445 2625//2625
f 2440//2440 2447//2447 2626//2626
f 2626//2626 2447//2447 2633//2633
f 2442//2442 2629//2629 2448//2448
f 2629//2629 2634//2634 2448//2448
f 2635//2635 2444//2444 2449//2449
f 2635//2635 2636//2636 2444//2444
f 2636//2636 2630//2630 2444//2444
f 2449//2449 2451//2451 2635//2635
f 2446//2446 2632//2632 2452//2452
f 2632//2632 2637//2637 2452//2452
f 2447//2447 2454//2454 2633//2633
f 2633//2633 2454//2454 2638//2638
f 2639//2639 2640//2640 2641//2641
f 2639//2639 2634//2634 2640//2640
f 2639//2639 2455//2455 2634//2634
f 2455//2455 2448//2448 2634//2634
f 2642//2642 2636//2636 2635//2635
f 2643//2643 2636//2636 2642//2642
f 2451//2451 2457//2457 2642//2642
f 2635//2635 2451//2451 2642//2642
f 2644//2644 2645//2645 2458//2458
f 2644//2644 2458//2458 2637//2637
f 2637//2637 2458//2458 2452//2452
f 2644//2644 2646//2646 2645//2645
f 2454//2454 2647//2647 2638//2638
f 2460//2460 2647//2647 2454//2454
f 2647//2647 2460//2460 2461//2461
f 2648//2648 2647//2647 2461//2461
f 2463//2463 2639//2639 2641//2641
f 2463//2463 2641//2641 2464//2464
f 2464//2464 2641//2641 2649//2649
f 2455//2455 2639//2639 2463//2463
f 2650//2650 2651//2651 2652//2652
f 2643//2643 2651//2651 2650//2650
f 2642//2642 2651//2651 2643//2643
f 2642//2642 2466//2466 2651//2651
f 2642//2642 2467//2467 2466//2466
f 2457//2457 2467//2467 2642//2642
f 2458//2458 2645//2645 2469//2469
f 2471//2471 2653//2653 2654//2654
f 2469//2469 2653//2653 2471//2471
f 2469//2469 2646//2646 2653//2653
f 2469//2469 2645//2645 2646//2646
f 2653//2653 2655//2655 2654//2654
f 2461//2461 2473//2473 2648//2648
f 2648//2648 2473//2473 2656//2656
f 2657//2657 2474//2474 2464//2464
f 2657//2657 2464//2464 2658//2658
f 2658//2658 2464//2464 2649//2649
f 2651//2651 2659//2659 2652//2652
f 2475//2475 2474//2474 2657//2657
f 2659//2659 2651//2651 2466//2466
f 2659//2659 2466//2466 2660//2660
f 2660//2660 2466//2466 2477//2477
f 2654//2654 2661//2661 2480//2480
f 2471//2471 2654//2654 2480//2480
f 2662//2662 2654//2654 2655//2655
f 2661//2661 2654//2654 2662//2662
f 2473//2473 2482//2482 2656//2656
f 2656//2656 2482//2482 2663//2663
f 2657//2657 2658//2658 2664//2664
f 2664//2664 2475//2475 2657//2657
f 2664//2664 2665//2665 2475//2475
f 2665//2665 2484//2484 2475//2475
f 2477//2477 2666//2666 2660//2660
f 2485//2485 2666//2666 2477//2477
f 2666//2666 2485//2485 2487//2487
f 2667//2667 2666//2666 2487//2487
f 2489//2489 2668//2668 2488//2488
f 2489//2489 2669//2669 2668//2668
f 2480//2480 2669//2669 2489//2489
f 2480//2480 2670//2670 2669//2669
f 2480//2480 2661//2661 2670//2670
f 2662//2662 2670//2670 2661//2661
f 2482//2482 2491//2491 2663//2663
f 2663//2663 2491//2491 2671//2671
f 2672//2672 2492//2492 2484//2484
f 2672//2672 2484//2484 2673//2673
f 2673//2673 2484//2484 2665//2665
f 2492//2492 2672//2672 2493//2493
f 2487//2487 2495//2495 2667//2667
f 2667//2667 2495//2495 2674//2674
f 2668//2668 2675//2675 2676//2676
f 2668//2668 2676//2676 2488//2488
f 2488//2488 2676//2676 2496//2496
f 2669//2669 2675//2675 2668//2668
f 2499//2499 2677//2677 2678//2678
f 2498//2498 2677//2677 2499//2499
f 2671//2671 2491//2491 2499//2499
f 2678//2678 2671//2671 2499//2499
f 2679//2679 2672//2672 2673//2673
f 2680//2680 2679//2679 2673//2673
f 2493//2493 2679//2679 2501//2501
f 2672//2672 2679//2679 2493//2493
f 2495//2495 2502//2502 2674//2674
f 2674//2674 2502//2502 2681//2681
f 2496//2496 2676//2676 2503//2503
f 2676//2676 2682//2682 2503//2503
f 2683//2683 2684//2684 2685//2685
f 2683//2683 2685//2685 2677//2677
f 2683//2683 2677//2677 2504//2504
f 2504//2504 2677//2677 2498//2498
f 2505//2505 2679//2679 2680//2680
f 2505//2505 2680//2680 2506//2506
f 2506//2506 2680//2680 2686//2686
f 2501//2501 2679//2679 2505//2505
f 2502//2502 2507//2507 2681//2681
f 2681//2681 2507//2507 2687//2687
f 2503//2503 2682//2682 2508//2508
f 2682//2682 2688//2688 2508//2508
f 2684//2684 2689//2689 2690//2690
f 2684//2684 2510//2510 2689//2689
f 2684//2684 2683//2683 2511//2511
f 2510//2510 2684//2684 2511//2511
f 2683//2683 2504//2504 2511//2511
f 2691//2691 2690//2690 2689//2689
f 2506//2506 2686//2686 2513//2513
f 2686//2686 2692//2692 2513//2513
f 2693//2693 2507//2507 2514//2514
f 2693//2693 2694//2694 2507//2507
f 2694//2694 2687//2687 2507//2507
f 2514//2514 2695//2695 2693//2693
f 2514//2514 2508//2508 2695//2695
f 2508//2508 2688//2688 2695//2695
f 2689//2689 2515//2515 2696//2696
f 2510//2510 2515//2515 2689//2689
f 2697//2697 2691//2691 2689//2689
f 2696//2696 2697//2697 2689//2689
f 2513//2513 2692//2692 2698//2698
f 2516//2516 2513//2513 2698//2698
f 2698//2698 2518//2518 2516//2516
f 2699//2699 2518//2518 2698//2698
f 2693//2693 2700//2700 2694//2694
f 2695//2695 2700//2700 2693//2693
f 2696//2696 2701//2701 2702//2702
f 2696//2696 2515//2515 2701//2701
f 2515//2515 2521//2521 2701//2701
f 2697//2697 2696//2696 2702//2702
f 2518//2518 2699//2699 2703//2703
f 2522//2522 2518//2518 2703//2703
f 2523//2523 2522//2522 2704//2704
f 2522//2522 2703//2703 2704//2704
f 2524//2524 2523//2523 2705//2705
f 2523//2523 2704//2704 2705//2705
f 2701//2701 2521//2521 2524//2524
f 2705//2705 2701//2701 2524//2524
f 2530//2530 2706//2706 2529//2529
f 2530//2530 2531//2531 2707//2707
f 2706//2706 2530//2530 2707//2707
f 2531//2531 2532//2532 2708//2708
f 2707//2707 2531//2531 2708//2708
f 2532//2532 2534//2534 2708//2708
f 2706//2706 2709//2709 2536//2536
f 2529//2529 2706//2706 2536//2536
f 2707//2707 2710//2710 2706//2706
f 2710//2710 2709//2709 2706//2706
f 2708//2708 2711//2711 2707//2707
f 2711//2711 2710//2710 2707//2707
f 2534//2534 2539//2539 2711//2711
f 2708//2708 2534//2534 2711//2711
f 2536//2536 2709//2709 2540//2540
f 2542//2542 2540//2540 2709//2709
f 2542//2542 2709//2709 2712//2712
f 2712//2712 2709//2709 2710//2710
f 2711//2711 2713//2713 2710//2710
f 2713//2713 2712//2712 2710//2710
f 2539//2539 2544//2544 2713//2713
f 2711//2711 2539//2539 2713//2713
f 2542//2542 2712//2712 2545//2545
f 2546//2546 2545//2545 2712//2712
f 2713//2713 2546//2546 2712//2712
f 2544//2544 2546//2546 2713//2713
f 2547//2547 2714//2714 2715//2715
f 2548//2548 2547//2547 2715//2715
f 2549//2549 2716//2716 2547//2547
f 2547//2547 2716//2716 2714//2714
f 2550//2550 2717//2717 2549//2549
f 2549//2549 2717//2717 2716//2716
f 2551//2551 2718//2718 2550//2550
f 2550//2550 2718//2718 2717//2717
f 2552//2552 2719//2719 2551//2551
f 2551//2551 2719//2719 2718//2718
f 2719//2719 2552//2552 2553//2553
f 2720//2720 2719//2719 2553//2553
f 2555//2555 2721//2721 2722//2722
f 2556//2556 2555//2555 2722//2722
f 2715//2715 2555//2555 2548//2548
f 2721//2721 2555//2555 2715//2715
f 2558//2558 2557//2557 2723//2723
f 2724//2724 2558//2558 2723//2723
f 2724//2724 2725//2725 2558//2558
f 2725//2725 2559//2559 2558//2558
f 2726//2726 2725//2725 2727//2727
f 2726//2726 2560//2560 2725//2725
f 2560//2560 2559//2559 2725//2725
f 2560//2560 2726//2726 2562//2562
f 2553//2553 2563//2563 2720//2720
f 2720//2720 2563//2563 2728//2728
f 2556//2556 2722//2722 2564//2564
f 2722//2722 2729//2729 2564//2564
f 2565//2565 2567//2567 2730//2730
f 2565//2565 2730//2730 2731//2731
f 2557//2557 2565//2565 2731//2731
f 2557//2557 2731//2731 2732//2732
f 2557//2557 2732//2732 2723//2723
f 2724//2724 2723//2723 2732//2732
f 2726//2726 2727//2727 2733//2733
f 2733//2733 2562//2562 2726//2726
f 2733//2733 2734//2734 2562//2562
f 2734//2734 2568//2568 2562//2562
f 2563//2563 2735//2735 2728//2728
f 2569//2569 2735//2735 2563//2563
f 2735//2735 2569//2569 2570//2570
f 2736//2736 2735//2735 2570//2570
f 2564//2564 2729//2729 2571//2571
f 2729//2729 2737//2737 2571//2571
f 2567//2567 2572//2572 2730//2730
f 2730//2730 2572//2572 2573//2573
f 2730//2730 2573//2573 2731//2731
f 2731//2731 2573//2573 2738//2738
f 2568//2568 2734//2734 2574//2574
f 2734//2734 2739//2739 2574//2574
f 2570//2570 2575//2575 2736//2736
f 2736//2736 2575//2575 2740//2740
f 2571//2571 2737//2737 2741//2741
f 2576//2576 2571//2571 2741//2741
f 2741//2741 2577//2577 2576//2576
f 2742//2742 2577//2577 2741//2741
f 2573//2573 2743//2743 2738//2738
f 2578//2578 2743//2743 2573//2573
f 2580//2580 2744//2744 2745//2745
f 2580//2580 2745//2745 2578//2578
f 2578//2578 2745//2745 2743//2743
f 2744//2744 2581//2581 2582//2582
f 2744//2744 2582//2582 2745//2745
f 2745//2745 2582//2582 2746//2746
f 2739//2739 2582//2582 2574//2574
f 2746//2746 2582//2582 2739//2739
f 2584//2584 2747//2747 2748//2748
f 2583//2583 2747//2747 2584//2584
f 2740//2740 2575//2575 2584//2584
f 2748//2748 2740//2740 2584//2584
f 2577//2577 2742//2742 2749//2749
f 2585//2585 2577//2577 2749//2749
f 2749//2749 2586//2586 2585//2585
f 2750//2750 2586//2586 2749//2749
f 2580//2580 2587//2587 2744//2744
f 2581//2581 2744//2744 2587//2587
f 2589//2589 2751//2751 2752//2752
f 2588//2588 2751//2751 2589//2589
f 2747//2747 2583//2583 2589//2589
f 2752//2752 2747//2747 2589//2589
f 2586//2586 2750//2750 2753//2753
f 2590//2590 2586//2586 2753//2753
f 2591//2591 2590//2590 2754//2754
f 2590//2590 2753//2753 2754//2754
f 2592//2592 2591//2591 2755//2755
f 2591//2591 2754//2754 2755//2755
f 2751//2751 2588//2588 2592//2592
f 2755//2755 2751//2751 2592//2592
f 2593//2593 2756//2756 2757//2757
f 2594//2594 2593//2593 2757//2757
f 2595//2595 2758//2758 2593//2593
f 2593//2593 2758//2758 2756//2756
f 2596//2596 2759//2759 2595//2595
f 2595//2595 2759//2759 2758//2758
f 2759//2759 2596//2596 2597//2597
f 2760//2760 2759//2759 2597//2597
f 2598//2598 2761//2761 2762//2762
f 2599//2599 2598//2598 2762//2762
f 2757//2757 2598//2598 2594//2594
f 2761//2761 2598//2598 2757//2757
f 2602//2602 2601//2601 2763//2763
f 2602//2602 2763//2763 2603//2603
f 2597//2597 2764//2764 2760//2760
f 2604//2604 2764//2764 2597//2597
f 2764//2764 2604//2604 2605//2605
f 2765//2765 2764//2764 2605//2605
f 2606//2606 2766//2766 2767//2767
f 2607//2607 2606//2606 2767//2767
f 2762//2762 2606//2606 2599//2599
f 2766//2766 2606//2606 2762//2762
f 2609//2609 2768//2768 2769//2769
f 2608//2608 2768//2768 2609//2609
f 2763//2763 2601//2601 2609//2609
f 2763//2763 2609//2609 2770//2770
f 2770//2770 2609//2609 2769//2769
f 2603//2603 2763//2763 2770//2770
f 2603//2603 2770//2770 2610//2610
f 2610//2610 2770//2770 2771//2771
f 2771//2771 2611//2611 2610//2610
f 2772//2772 2611//2611 2771//2771
f 2773//2773 2605//2605 2612//2612
f 2773//2773 2774//2774 2605//2605
f 2774//2774 2765//2765 2605//2605
f 2612//2612 2614//2614 2773//2773
f 2607//2607 2767//2767 2615//2615
f 2767//2767 2775//2775 2615//2615
f 2618//2618 2617//2617 2776//2776
f 2618//2618 2776//2776 2777//2777
f 2618//2618 2777//2777 2608//2608
f 2608//2608 2777//2777 2768//2768
f 2611//2611 2772//2772 2619//2619
f 2772//2772 2778//2778 2619//2619
f 2773//2773 2779//2779 2774//2774
f 2779//2779 2773//2773 2614//2614
f 2779//2779 2614//2614 2780//2780
f 2780//2780 2614//2614 2621//2621
f 2615//2615 2775//2775 2622//2622
f 2775//2775 2781//2781 2622//2622
f 2617//2617 2623//2623 2776//2776
f 2776//2776 2623//2623 2624//2624
f 2776//2776 2624//2624 2777//2777
f 2777//2777 2624//2624 2782//2782
f 2783//2783 2784//2784 2785//2785
f 2783//2783 2778//2778 2784//2784
f 2783//2783 2625//2625 2778//2778
f 2625//2625 2619//2619 2778//2778
f 2627//2627 2786//2786 2787//2787
f 2626//2626 2786//2786 2627//2627
f 2780//2780 2621//2621 2627//2627
f 2787//2787 2780//2780 2627//2627
f 2622//2622 2781//2781 2788//2788
f 2628//2628 2622//2622 2788//2788
f 2788//2788 2629//2629 2628//2628
f 2789//2789 2629//2629 2788//2788
f 2790//2790 2630//2630 2791//2791
f 2790//2790 2782//2782 2630//2630
f 2782//2782 2624//2624 2630//2630
f 2790//2790 2791//2791 2792//2792
f 2631//2631 2783//2783 2785//2785
f 2631//2631 2785//2785 2632//2632
f 2632//2632 2785//2785 2793//2793
f 2625//2625 2783//2783 2631//2631
f 2626//2626 2633//2633 2786//2786
f 2786//2786 2633//2633 2794//2794
f 2629//2629 2789//2789 2634//2634
f 2789//2789 2795//2795 2634//2634
f 2791//2791 2636//2636 2796//2796
f 2630//2630 2636//2636 2791//2791
f 2797//2797 2792//2792 2791//2791
f 2796//2796 2797//2797 2791//2791
f 2632//2632 2793//2793 2637//2637
f 2793//2793 2798//2798 2637//2637
f 2633//2633 2638//2638 2794//2794
f 2794//2794 2638//2638 2799//2799
f 2640//2640 2800//2800 2801//2801
f 2641//2641 2640//2640 2801//2801
f 2795//2795 2640//2640 2634//2634
f 2800//2800 2640//2640 2795//2795
f 2796//2796 2802//2802 2803//2803
f 2796//2796 2636//2636 2802//2802
f 2636//2636 2643//2643 2802//2802
f 2797//2797 2796//2796 2803//2803
f 2637//2637 2798//2798 2804//2804
f 2644//2644 2637//2637 2804//2804
f 2804//2804 2646//2646 2644//2644
f 2805//2805 2646//2646 2804//2804
f 2638//2638 2806//2806 2799//2799
f 2647//2647 2806//2806 2638//2638
f 2806//2806 2647//2647 2648//2648
f 2807//2807 2806//2806 2648//2648
f 2641//2641 2801//2801 2649//2649
f 2801//2801 2808//2808 2649//2649
f 2650//2650 2652//2652 2809//2809
f 2650//2650 2809//2809 2810//2810
f 2650//2650 2810//2810 2643//2643
f 2643//2643 2810//2810 2802//2802
f 2646//2646 2805//2805 2811//2811
f 2653//2653 2646//2646 2811//2811
f 2811//2811 2655//2655 2653//2653
f 2812//2812 2655//2655 2811//2811
f 2648//2648 2656//2656 2807//2807
f 2807//2807 2656//2656 2813//2813
f 2649//2649 2808//2808 2658//2658
f 2808//2808 2814//2814 2658//2658
f 2652//2652 2659//2659 2809//2809
f 2809//2809 2659//2659 2660//2660
f 2809//2809 2660//2660 2810//2810
f 2810//2810 2660//2660 2815//2815
f 2655//2655 2812//2812 2662//2662
f 2812//2812 2816//2816 2662//2662
f 2656//2656 2663//2663 2813//2813
f 2813//2813 2663//2663 2817//2817
f 2658//2658 2814//2814 2818//2818
f 2664//2664 2658//2658 2818//2818
f 2818//2818 2665//2665 2664//2664
f 2819//2819 2665//2665 2818//2818
f 2660//2660 2820//2820 2815//2815
f 2666//2666 2820//2820 2660//2660
f 2820//2820 2666//2666 2667//2667
f 2821//2821 2820//2820 2667//2667
f 2670//2670 2822//2822 2823//2823
f 2669//2669 2670//2670 2823//2823
f 2816//2816 2670//2670 2662//2662
f 2822//2822 2670//2670 2816//2816
f 2663//2663 2671//2671 2817//2817
f 2817//2817 2671//2671 2824//2824
f 2665//2665 2819//2819 2673//2673
f 2819//2819 2825//2825 2673//2673
f 2667//2667 2674//2674 2821//2821
f 2821//2821 2674//2674 2826//2826
f 2675//2675 2827//2827 2828//2828
f 2676//2676 2675//2675 2828//2828
f 2823//2823 2675//2675 2669//2669
f 2827//2827 2675//2675 2823//2823
f 2678//2678 2829//2829 2830//2830
f 2677//2677 2829//2829 2678//2678
f 2824//2824 2671//2671 2678//2678
f 2830//2830 2824//2824 2678//2678
f 2673//2673 2825//2825 2680//2680
f 2825//2825 2831//2831 2680//2680
f 2674//2674 2681//2681 2826//2826
f 2826//2826 2681//2681 2832//2832
f 2676//2676 2828//2828 2682//2682
f 2828//2828 2833//2833 2682//2682
f 2685//2685 2684//2684 2834//2834
f 2685//2685 2834//2834 2835//2835
f 2685//2685 2835//2835 2677//2677
f 2677//2677 2835//2835 2829//2829
f 2680//2680 2831//2831 2686//2686
f 2831//2831 2836//2836 2686//2686
f 2837//2837 2838//2838 2839//2839
f 2837//2837 2839//2839 2832//2832
f 2837//2837 2832//2832 2687//2687
f 2687//2687 2832//2832 2681//2681
f 2840//2840 2841//2841 2688//2688
f 2840//2840 2688//2688 2833//2833
f 2833//2833 2688//2688 2682//2682
f 2684//2684 2690//2690 2834//2834
f 2841//2841 2840//2840 2842//2842
f 2834//2834 2690//2690 2691//2691
f 2834//2834 2691//2691 2835//2835
f 2835//2835 2691//2691 2843//2843
f 2686//2686 2836//2836 2692//2692
f 2836//2836 2844//2844 2692//2692
f 2837//2837 2845//2845 2838//2838
f 2845//2845 2837//2837 2687//2687
f 2845//2845 2687//2687 2846//2846
f 2846//2846 2687//2687 2694//2694
f 2841//2841 2847//2847 2848//2848
f 2841//2841 2848//2848 2688//2688
f 2688//2688 2848//2848 2695//2695
f 2842//2842 2847//2847 2841//2841
f 2691//2691 2697//2697 2843//2843
f 2843//2843 2697//2697 2849//2849
f 2692//2692 2844//2844 2850//2850
f 2698//2698 2692//2692 2850//2850
f 2850//2850 2699//2699 2698//2698
f 2851//2851 2699//2699 2850//2850
f 2694//2694 2852//2852 2846//2846
f 2700//2700 2852//2852 2694//2694
f 2848//2848 2700//2700 2695//2695
f 2852//2852 2700//2700 2848//2848
f 2702//2702 2853//2853 2854//2854
f 2701//2701 2853//2853 2702//2702
f 2849//2849 2697//2697 2702//2702
f 2854//2854 2849//2849 2702//2702
f 2699//2699 2851//2851 2855//2855
f 2703//2703 2699//2699 2855//2855
f 2704//2704 2703//2703 2856//2856
f 2703//2703 2855//2855 2856//2856
f 2705//2705 2704//2704 2857//2857
f 2704//2704 2856//2856 2857//2857
f 2853//2853 2701//2701 2705//2705
f 2857//2857 2853//2853 2705//2705
f 2714//2714 2858//2858 2715//2715
f 2859//2859 2858//2858 2714//2714
f 2859//2859 2714//2714 2860//2860
f 2860//2860 2714//2714 2716//2716
f 2717//2717 2861//2861 2716//2716
f 2716//2716 2861//2861 2860//2860
f 2718//2718 2862//2862 2717//2717
f 2717//2717 2862//2862 2861//2861
f 2863//2863 2864//2864 2862//2862
f 2863//2863 2862//2862 2719//2719
f 2719//2719 2862//2862 2718//2718
f 2719//2719 2720//2720 2863//2863
f 2721//2721 2865//2865 2722//2722
f 2721//2721 2866//2866 2865//2865
f 2715//2715 2866//2866 2721//2721
f 2715//2715 2867//2867 2866//2866
f 2715//2715 2858//2858 2867//2867
f 2859//2859 2867//2867 2858//2858
f 2725//2725 2724//2724 2868//2868
f 2725//2725 2868//2868 2727//2727
f 2863//2863 2869//2869 2864//2864
f 2869//2869 2863//2863 2720//2720
f 2869//2869 2720//2720 2870//2870
f 2870//2870 2720//2720 2728//2728
f 2865//2865 2871//2871 2729//2729
f 2722//2722 2865//2865 2729//2729
f 2872//2872 2865//2865 2866//2866
f 2871//2871 2865//2865 2872//2872
f 2732//2732 2731//2731 2873//2873
f 2732//2732 2868//2868 2724//2724
f 2732//2732 2873//2873 2868//2868
f 2873//2873 2874//2874 2868//2868
f 2727//2727 2875//2875 2733//2733
f 2727//2727 2868//2868 2875//2875
f 2868//2868 2874//2874 2875//2875
f 2733//2733 2875//2875 2734//2734
f 2876//2876 2728//2728 2735//2735
f 2876//2876 2877//2877 2728//2728
f 2877//2877 2870//2870 2728//2728
f 2735//2735 2736//2736 2876//2876
f 2871//2871 2878//2878 2737//2737
f 2729//2729 2871//2871 2737//2737
f 2879//2879 2871//2871 2872//2872
f 2878//2878 2871//2871 2879//2879
f 2873//2873 2738//2738 2880//2880
f 2731//2731 2738//2738 2873//2873
f 2881//2881 2882//2882 2874//2874
f 2881//2881 2874//2874 2880//2880
f 2880//2880 2874//2874 2873//2873
f 2882//2882 2883//2883 2884//2884
f 2882//2882 2884//2884 2874//2874
f 2874//2874 2884//2884 2875//2875
f 2734//2734 2884//2884 2739//2739
f 2875//2875 2884//2884 2734//2734
f 2885//2885 2877//2877 2876//2876
f 2886//2886 2877//2877 2885//2885
f 2736//2736 2740//2740 2885//2885
f 2876//2876 2736//2736 2885//2885
f 2737//2737 2878//2878 2741//2741
f 2878//2878 2742//2742 2741//2741
f 2878//2878 2879//2879 2742//2742
f 2879//2879 2887//2887 2742//2742
f 2738//2738 2743//2743 2880//2880
f 2880//2880 2888//2888 2881//2881
f 2880//2880 2743//2743 2888//2888
f 2743//2743 2745//2745 2888//2888
f 2883//2883 2746//2746 2884//2884
f 2883//2883 2888//2888 2746//2746
f 2888//2888 2745//2745 2746//2746
f 2739//2739 2884//2884 2746//2746
f 2748//2748 2886//2886 2885//2885
f 2748//2748 2747//2747 2886//2886
f 2747//2747 2889//2889 2886//2886
f 2740//2740 2748//2748 2885//2885
f 2742//2742 2887//2887 2890//2890
f 2749//2749 2742//2742 2890//2890
f 2750//2750 2891//2891 2892//2892
f 2750//2750 2749//2749 2891//2891
f 2749//2749 2890//2890 2891//2891
f 2891//2891 2893//2893 2892//2892
f 2894//2894 2895//2895 2896//2896
f 2894//2894 2752//2752 2751//2751
f 2894//2894 2896//2896 2752//2752
f 2896//2896 2897//2897 2752//2752
f 2889//2889 2747//2747 2752//2752
f 2897//2897 2889//2889 2752//2752
f 2750//2750 2892//2892 2753//2753
f 2892//2892 2893//2893 2898//2898
f 2892//2892 2898//2898 2753//2753
f 2753//2753 2898//2898 2754//2754
f 2895//2895 2894//2894 2755//2755
f 2895//2895 2755//2755 2898//2898
f 2898//2898 2755//2755 2754//2754
f 2751//2751 2755//2755 2894//2894
f 2756//2756 2899//2899 2757//2757
f 2756//2756 2758//2758 2900//2900
f 2899//2899 2756//2756 2900//2900
f 2758//2758 2759//2759 2901//2901
f 2900//2900 2758//2758 2901//2901
f 2759//2759 2760//2760 2901//2901
f 2761//2761 2902//2902 2903//2903
f 2762//2762 2761//2761 2903//2903
f 2899//2899 2761//2761 2757//2757
f 2899//2899 2904//2904 2761//2761
f 2904//2904 2902//2902 2761//2761
f 2900//2900 2904//2904 2899//2899
f 2905//2905 2904//2904 2900//2900
f 2901//2901 2905//2905 2900//2900
f 2906//2906 2905//2905 2901//2901
f 2907//2907 2908//2908 2906//2906
f 2764//2764 2907//2907 2906//2906
f 2764//2764 2906//2906 2901//2901
f 2764//2764 2901//2901 2760//2760
f 2764//2764 2765//2765 2907//2907
f 2766//2766 2909//2909 2767//2767
f 2766//2766 2910//2910 2909//2909
f 2766//2766 2762//2762 2910//2910
f 2762//2762 2903//2903 2910//2910
f 2769//2769 2768//2768 2911//2911
f 2769//2769 2912//2912 2770//2770
f 2911//2911 2912//2912 2769//2769
f 2770//2770 2913//2913 2771//2771
f 2912//2912 2913//2913 2770//2770
f 2907//2907 2914//2914 2908//2908
f 2772//2772 2771//2771 2913//2913
f 2914//2914 2907//2907 2765//2765
f 2914//2914 2765//2765 2915//2915
f 2915//2915 2765//2765 2774//2774
f 2909//2909 2916//2916 2775//2775
f 2767//2767 2909//2909 2775//2775
f 2917//2917 2909//2909 2910//2910
f 2916//2916 2909//2909 2917//2917
f 2911//2911 2777//2777 2918//2918
f 2768//2768 2777//2777 2911//2911
f 2912//2912 2911//2911 2919//2919
f 2919//2919 2911//2911 2918//2918
f 2913//2913 2912//2912 2920//2920
f 2920//2920 2912//2912 2919//2919
f 2772//2772 2920//2920 2778//2778
f 2913//2913 2920//2920 2772//2772
f 2921//2921 2774//2774 2779//2779
f 2921//2921 2922//2922 2774//2774
f 2922//2922 2915//2915 2774//2774
f 2779//2779 2780//2780 2921//2921
f 2916//2916 2923//2923 2781//2781
f 2775//2775 2916//2916 2781//2781
f 2924//2924 2916//2916 2917//2917
f 2923//2923 2916//2916 2924//2924
f 2918//2918 2782//2782 2925//2925
f 2777//2777 2782//2782 2918//2918
f 2919//2919 2918//2918 2926//2926
f 2926//2926 2918//2918 2925//2925
f 2784//2784 2926//2926 2785//2785
f 2784//2784 2920//2920 2926//2926
f 2920//2920 2919//2919 2926//2926
f 2778//2778 2920//2920 2784//2784
f 2787//2787 2922//2922 2921//2921
f 2787//2787 2786//2786 2922//2922
f 2786//2786 2927//2927 2922//2922
f 2780//2780 2787//2787 2921//2921
f 2781//2781 2923//2923 2788//2788
f 2923//2923 2789//2789 2788//2788
f 2923//2923 2924//2924 2789//2789
f 2924//2924 2928//2928 2789//2789
f 2782//2782 2790//2790 2925//2925
f 2792//2792 2925//2925 2790//2790
f 2792//2792 2929//2929 2925//2925
f 2929//2929 2926//2926 2925//2925
f 2785//2785 2929//2929 2793//2793
f 2926//2926 2929//2929 2785//2785
f 2930//2930 2931//2931 2932//2932
f 2930//2930 2932//2932 2927//2927
f 2930//2930 2927//2927 2794//2794
f 2794//2794 2927//2927 2786//2786
f 2789//2789 2928//2928 2795//2795
f 2928//2928 2933//2933 2795//2795
f 2929//2929 2934//2934 2935//2935
f 2929//2929 2792//2792 2934//2934
f 2792//2792 2797//2797 2934//2934
f 2935//2935 2793//2793 2929//2929
f 2935//2935 2936//2936 2793//2793
f 2936//2936 2798//2798 2793//2793
f 2930//2930 2937//2937 2931//2931
f 2937//2937 2930//2930 2794//2794
f 2937//2937 2794//2794 2938//2938
f 2938//2938 2794//2794 2799//2799
f 2800//2800 2939//2939 2801//2801
f 2800//2800 2940//2940 2939//2939
f 2800//2800 2795//2795 2940//2940
f 2795//2795 2933//2933 2940//2940
f 2803//2803 2802//2802 2941//2941
f 2803//2803 2941//2941 2942//2942
f 2803//2803 2942//2942 2797//2797
f 2797//2797 2942//2942 2934//2934
f 2943//2943 2804//2804 2798//2798
f 2943//2943 2798//2798 2944//2944
f 2944//2944 2798//2798 2936//2936
f 2804//2804 2943//2943 2805//2805
f 2945//2945 2799//2799 2806//2806
f 2945//2945 2946//2946 2799//2799
f 2946//2946 2938//2938 2799//2799
f 2806//2806 2807//2807 2945//2945
f 2939//2939 2947//2947 2808//2808
f 2801//2801 2939//2939 2808//2808
f 2948//2948 2939//2939 2940//2940
f 2947//2947 2939//2939 2948//2948
f 2941//2941 2810//2810 2949//2949
f 2802//2802 2810//2810 2941//2941
f 2950//2950 2942//2942 2941//2941
f 2949//2949 2950//2950 2941//2941
f 2943//2943 2944//2944 2951//2951
f 2952//2952 2951//2951 2953//2953
f 2811//2811 2951//2951 2952//2952
f 2811//2811 2943//2943 2951//2951
f 2811//2811 2805//2805 2943//2943
f 2945//2945 2954//2954 2946//2946
f 2812//2812 2811//2811 2952//2952
f 2954//2954 2945//2945 2807//2807
f 2954//2954 2807//2807 2955//2955
f 2955//2955 2807//2807 2813//2813
f 2947//2947 2956//2956 2814//2814
f 2808//2808 2947//2947 2814//2814
f 2957//2957 2947//2947 2948//2948
f 2956//2956 2947//2947 2957//2957
f 2949//2949 2958//2958 2959//2959
f 2949//2949 2810//2810 2958//2958
f 2810//2810 2815//2815 2958//2958
f 2950//2950 2949//2949 2959//2959
f 2960//2960 2952//2952 2953//2953
f 2961//2961 2960//2960 2953//2953
f 2812//2812 2960//2960 2816//2816
f 2952//2952 2960//2960 2812//2812
f 2813//2813 2817//2817 2955//2955
f 2955//2955 2817//2817 2962//2962
f 2814//2814 2956//2956 2818//2818
f 2956//2956 2819//2819 2818//2818
f 2956//2956 2957//2957 2819//2819
f 2957//2957 2963//2963 2819//2819
f 2815//2815 2964//2964 2958//2958
f 2820//2820 2964//2964 2815//2815
f 2964//2964 2820//2820 2821//2821
f 2965//2965 2964//2964 2821//2821
f 2966//2966 2967//2967 2968//2968
f 2961//2961 2967//2967 2966//2966
f 2960//2960 2961//2961 2966//2966
f 2960//2960 2966//2966 2823//2823
f 2960//2960 2823//2823 2822//2822
f 2816//2816 2960//2960 2822//2822
f 2969//2969 2970//2970 2971//2971
f 2970//2970 2969//2969 2962//2962
f 2970//2970 2962//2962 2824//2824
f 2824//2824 2962//2962 2817//2817
f 2819//2819 2963//2963 2825//2825
f 2963//2963 2972//2972 2825//2825
f 2821//2821 2826//2826 2965//2965
f 2965//2965 2826//2826 2973//2973
f 2827//2827 2966//2966 2968//2968
f 2827//2827 2968//2968 2828//2828
f 2828//2828 2968//2968 2974//2974
f 2823//2823 2966//2966 2827//2827
f 2830//2830 2971//2971 2970//2970
f 2830//2830 2829//2829 2971//2971
f 2829//2829 2975//2975 2971//2971
f 2824//2824 2830//2830 2970//2970
f 2825//2825 2972//2972 2831//2831
f 2972//2972 2976//2976 2831//2831
f 2826//2826 2832//2832 2973//2973
f 2973//2973 2832//2832 2977//2977
f 2828//2828 2974//2974 2833//2833
f 2974//2974 2978//2978 2833//2833
f 2829//2829 2835//2835 2975//2975
f 2975//2975 2835//2835 2979//2979
f 2831//2831 2976//2976 2836//2836
f 2976//2976 2980//2980 2836//2836
f 2839//2839 2981//2981 2982//2982
f 2838//2838 2981//2981 2839//2839
f 2977//2977 2832//2832 2839//2839
f 2982//2982 2977//2977 2839//2839
f 2833//2833 2978//2978 2983//2983
f 2840//2840 2833//2833 2983//2983
f 2983//2983 2842//2842 2840//2840
f 2984//2984 2842//2842 2983//2983
f 2835//2835 2843//2843 2979//2979
f 2979//2979 2843//2843 2985//2985
f 2836//2836 2980//2980 2844//2844
f 2980//2980 2986//2986 2844//2844
f 2838//2838 2987//2987 2981//2981
f 2845//2845 2987//2987 2838//2838
f 2987//2987 2845//2845 2846//2846
f 2988//2988 2987//2987 2846//2846
f 2847//2847 2989//2989 2990//2990
f 2848//2848 2847//2847 2990//2990
f 2984//2984 2847//2847 2842//2842
f 2989//2989 2847//2847 2984//2984
f 2843//2843 2849//2849 2985//2985
f 2985//2985 2849//2849 2991//2991
f 2844//2844 2986//2986 2992//2992
f 2850//2850 2844//2844 2992//2992
f 2992//2992 2851//2851 2850//2850
f 2993//2993 2851//2851 2992//2992
f 2846//2846 2994//2994 2988//2988
f 2852//2852 2994//2994 2846//2846
f 2990//2990 2852//2852 2848//2848
f 2994//2994 2852//2852 2990//2990
f 2854//2854 2995//2995 2996//2996
f 2853//2853 2995//2995 2854//2854
f 2991//2991 2849//2849 2854//2854
f 2996//2996 2991//2991 2854//2854
f 2851//2851 2993//2993 2997//2997
f 2855//2855 2851//2851 2997//2997
f 2856//2856 2855//2855 2998//2998
f 2855//2855 2997//2997 2998//2998
f 2857//2857 2856//2856 2999//2999
f 2856//2856 2998//2998 2999//2999
f 2995//2995 2853//2853 2857//2857
f 2999//2999 2995//2995 2857//2857
f 2860//2860 3000//3000 2859//2859
f 2860//2860 2861//2861 3001//3001
f 3000//3000 2860//2860 3001//3001
f 2861//2861 2862//2862 3002//3002
f 3001//3001 2861//2861 3002//3002
f 2862//2862 2864//2864 3002//3002
f 2867//2867 3003//3003 2866//2866
f 2867//2867 3004//3004 3003//3003
f 2859//2859 3004//3004 2867//2867
f 2859//2859 3005//3005 3004//3004
f 2859//2859 3000//3000 3005//3005
f 3001//3001 3005//3005 3000//3000
f 3006//3006 3005//3005 3001//3001
f 3002//3002 3006//3006 3001//3001
f 3007//3007 3006//3006 3002//3002
f 3008//3008 3009//3009 3007//3007
f 2869//2869 3008//3008 3007//3007
f 2869//2869 3007//3007 3002//3002
f 2869//2869 3002//3002 2864//2864
f 2869//2869 2870//2870 3008//3008
f 3003//3003 3010//3010 2872//2872
f 2866//2866 3003//3003 2872//2872
f 3011//3011 3003//3003 3004//3004
f 3010//3010 3003//3003 3011//3011
f 3012//3012 3009//3009 3008//3008
f 3013//3013 3009//3009 3012//3012
f 2870//2870 2877//2877 3012//3012
f 3008//3008 2870//2870 3012//3012
f 3010//3010 3014//3014 2879//2879
f 2872//2872 3010//3010 2879//2879
f 3015//3015 3010//3010 3011//3011
f 3014//3014 3010//3010 3015//3015
f 2882//2882 3016//3016 3017//3017
f 2881//2881 3016//3016 2882//2882
f 3017//3017 2883//2883 2882//2882
f 3018//3018 2883//2883 3017//3017
f 3019//3019 3013//3013 3012//3012
f 3020//3020 3013//3013 3019//3019
f 2877//2877 2886//2886 3019//3019
f 3012//3012 2877//2877 3019//3019
f 3014//3014 3021//3021 2887//2887
f 2879//2879 3014//3014 2887//2887
f 3022//3022 3014//3014 3015//3015
f 3021//3021 3014//3014 3022//3022
f 2881//2881 3023//3023 3016//3016
f 2888//2888 3023//3023 2881//2881
f 3018//3018 2888//2888 2883//2883
f 3023//3023 2888//2888 3018//3018
f 3024//3024 3020//3020 3019//3019
f 3025//3025 3020//3020 3024//3024
f 2886//2886 2889//2889 3024//3024
f 3019//3019 2886//2886 3024//3024
f 2887//2887 3021//3021 2890//2890
f 3021//3021 3022//3022 3026//3026
f 3021//3021 3026//3026 2890//2890
f 2890//2890 3026//3026 2891//2891
f 2893//2893 3027//3027 3028//3028
f 2893//2893 2891//2891 3027//3027
f 2891//2891 3026//3026 3027//3027
f 3028//3028 2896//2896 2895//2895
f 3028//3028 3027//3027 2896//2896
f 3027//3027 3029//3029 2896//2896
f 3025//3025 3024//3024 2897//2897
f 3025//3025 2897//2897 3029//3029
f 3029//3029 2897//2897 2896//2896
f 2889//2889 2897//2897 3024//3024
f 2893//2893 3028//3028 2898//2898
f 2895//2895 2898//2898 3028//3028
f 2902//2902 3030//3030 2903//2903
f 2902//2902 2904//2904 3031//3031
f 3030//3030 2902//2902 3031//3031
f 2904//2904 2905//2905 3032//3032
f 3031//3031 2904//2904 3032//3032
f 2905//2905 2906//2906 3033//3033
f 3032//3032 2905//2905 3033//3033
f 2906//2906 2908//2908 3033//3033
f 3030//3030 3034//3034 2910//2910
f 2903//2903 3030//3030 2910//2910
f 3035//3035 3031//3031 3036//3036
f 3035//3035 3034//3034 3031//3031
f 3034//3034 3030//3030 3031//3031
f 3032//3032 3036//3036 3031//3031
f 3037//3037 3036//3036 3032//3032
f 3037//3037 3038//3038 3039//3039
f 3037//3037 3032//3032 3038//3038
f 3032//3032 3033//3033 3038//3038
f 2908//2908 2914//2914 3040//3040
f 2908//2908 3040//3040 3033//3033
f 3033//3033 3040//3040 3038//3038
f 2914//2914 2915//2915 3040//3040
f 3034//3034 3041//3041 2917//2917
f 2910//2910 3034//3034 2917//2917
f 3042//3042 3034//3034 3035//3035
f 3041//3041 3034//3034 3042//3042
f 3038//3038 3043//3043 3039//3039
f 3043//3043 3044//3044 3045//3045
f 3043//3043 3038//3038 3044//3044
f 3038//3038 3040//3040 3044//3044
f 2915//2915 2922//2922 3044//3044
f 3040//3040 2915//2915 3044//3044
f 3041//3041 3046//3046 2924//2924
f 2917//2917 3041//3041 2924//2924
f 3047//3047 3041//3041 3042//3042
f 3047//3047 3048//3048 3041//3041
f 3048//3048 3046//3046 3041//3041
f 3048//3048 3049//3049 3050//3050
f 3047//3047 3049//3049 3048//3048
f 3050//3050 3051//3051 3052//3052
f 3049//3049 3051//3051 3050//3050
f 3045//3045 3052//3052 3051//3051
f 3045//3045 3044//3044 3052//3052
f 3044//3044 3053//3053 3052//3052
f 2922//2922 2927//2927 3053//3053
f 3044//3044 2922//2922 3053//3053
f 3046//3046 3054//3054 2928//2928
f 2924//2924 3046//3046 2928//2928
f 3048//3048 3055//3055 3046//3046
f 3055//3055 3054//3054 3046//3046
f 3056//3056 3050//3050 3057//3057
f 3056//3056 3055//3055 3050//3050
f 3055//3055 3048//3048 3050//3050
f 3057//3057 3058//3058 3059//3059
f 3057//3057 3050//3050 3058//3058
f 3050//3050 3052//3052 3058//3058
f 2932//2932 2931//2931 3058//3058
f 2932//2932 3058//3058 3053//3053
f 3053//3053 3058//3058 3052//3052
f 2927//2927 2932//2932 3053//3053
f 3054//3054 3060//3060 2933//2933
f 2928//2928 3054//3054 2933//2933
f 3061//3061 3055//3055 3062//3062
f 3061//3061 3060//3060 3055//3055
f 3060//3060 3054//3054 3055//3055
f 2935//2935 2934//2934 3063//3063
f 3055//3055 3056//3056 3062//3062
f 3058//3058 3064//3064 3059//3059
f 2936//2936 2935//2935 3063//3063
f 3065//3065 3066//3066 3064//3064
f 2937//2937 3065//3065 3064//3064
f 2937//2937 3064//3064 3058//3058
f 2937//2937 3058//3058 2931//2931
f 2937//2937 2938//2938 3065//3065
f 3060//3060 3067//3067 2940//2940
f 2933//2933 3060//3060 2940//2940
f 3068//3068 3060//3060 3061//3061
f 3067//3067 3060//3060 3068//3068
f 3063//3063 2942//2942 3069//3069
f 2934//2934 2942//2942 3063//3063
f 2936//2936 3069//3069 2944//2944
f 3063//3063 3069//3069 2936//2936
f 3065//3065 3070//3070 3066//3066
f 3070//3070 3065//3065 2938//2938
f 3070//3070 2938//2938 3071//3071
f 3071//3071 2938//2938 2946//2946
f 3067//3067 3072//3072 3073//3073
f 3067//3067 3073//3073 2940//2940
f 2940//2940 3073//3073 2948//2948
f 3068//3068 3072//3072 3067//3067
f 3069//3069 2950//2950 3074//3074
f 2942//2942 2950//2950 3069//3069
f 2944//2944 3075//3075 2951//2951
f 2944//2944 3069//3069 3075//3075
f 3069//3069 3074//3074 3075//3075
f 2951//2951 3075//3075 2953//2953
f 3076//3076 2946//2946 2954//2954
f 3076//3076 3077//3077 2946//2946
f 3077//3077 3071//3071 2946//2946
f 2954//2954 2955//2955 3076//3076
f 2948//2948 3073//3073 2957//2957
f 3073//3073 3078//3078 2957//2957
f 2959//2959 2958//2958 3079//3079
f 2959//2959 3074//3074 2950//2950
f 2959//2959 3079//3079 3074//3074
f 3079//3079 3080//3080 3074//3074
f 3075//3075 3074//3074 3081//3081
f 3081//3081 3074//3074 3080//3080
f 2953//2953 3081//3081 2961//2961
f 3075//3075 3081//3081 2953//2953
f 3082//3082 3077//3077 3076//3076
f 3083//3083 3077//3077 3082//3082
f 2955//2955 2962//2962 3082//3082
f 3076//3076 2955//2955 3082//3082
f 2957//2957 3078//3078 2963//2963
f 3078//3078 3084//3084 2963//2963
f 2958//2958 2964//2964 3079//3079
f 2965//2965 3079//3079 2964//2964
f 2965//2965 3085//3085 3079//3079
f 3085//3085 3080//3080 3079//3079
f 2967//2967 3085//3085 2968//2968
f 2967//2967 3081//3081 3085//3085
f 3081//3081 3080//3080 3085//3085
f 2961//2961 3081//3081 2967//2967
f 2969//2969 3083//3083 3082//3082
f 2969//2969 2971//2971 3083//3083
f 2971//2971 3086//3086 3083//3083
f 2962//2962 2969//2969 3082//3082
f 2963//2963 3084//3084 2972//2972
f 3084//3084 3087//3087 2972//2972
f 3085//3085 3088//3088 3089//3089
f 3085//3085 2965//2965 3088//3088
f 2965//2965 2973//2973 3088//3088
f 3089//3089 2968//2968 3085//3085
f 3089//3089 3090//3090 2968//2968
f 3090//3090 2974//2974 2968//2968
f 2971//2971 2975//2975 3086//3086
f 3086//3086 2975//2975 3091//3091
f 2972//2972 3087//3087 2976//2976
f 3087//3087 3092//3092 2976//2976
f 3093//3093 3094//3094 3095//3095
f 3093//3093 3095//3095 3088//3088
f 3093//3093 3088//3088 2977//2977
f 2977//2977 3088//3088 2973//2973
f 3096//3096 3097//3097 2978//2978
f 3096//3096 2978//2978 3090//3090
f 3090//3090 2978//2978 2974//2974
f 3096//3096 3098//3098 3097//3097
f 2975//2975 2979//2979 3091//3091
f 3091//3091 2979//2979 3099//3099
f 2976//2976 3092//3092 2980//2980
f 3092//3092 3100//3100 2980//2980
f 2982//2982 3094//3094 3093//3093
f 2982//2982 2981//2981 3094//3094
f 2981//2981 3101//3101 3094//3094
f 2977//2977 2982//2982 3093//3093
f 2983//2983 2978//2978 3097//3097
f 3102//3102 3103//3103 3104//3104
f 2984//2984 3104//3104 3103//3103
f 2984//2984 3098//3098 3104//3104
f 2984//2984 2983//2983 3097//3097
f 3098//3098 2984//2984 3097//3097
f 2979//2979 2985//2985 3099//3099
f 3099//3099 2985//2985 3105//3105
f 2980//2980 3100//3100 2986//2986
f 3100//3100 3106//3106 2986//2986
f 2981//2981 3107//3107 3101//3101
f 2987//2987 3107//3107 2981//2981
f 2988//2988 3108//3108 3109//3109
f 2988//2988 3109//3109 2987//2987
f 2987//2987 3109//3109 3107//3107
f 3102//3102 3109//3109 3108//3108
f 3103//3103 3102//3102 3108//3108
f 3103//3103 3108//3108 2990//2990
f 3103//3103 2990//2990 2989//2989
f 2984//2984 3103//3103 2989//2989
f 2985//2985 2991//2991 3105//3105
f 3105//3105 2991//2991 3110//3110
f 2986//2986 3106//3106 3111//3111
f 2992//2992 2986//2986 3111//3111
f 3111//3111 2993//2993 2992//2992
f 3112//3112 2993//2993 3111//3111
f 2988//2988 2994//2994 3108//3108
f 2990//2990 3108//3108 2994//2994
f 2996//2996 3113//3113 3114//3114
f 2995//2995 3113//3113 2996//2996
f 3110//3110 2991//2991 2996//2996
f 3114//3114 3110//3110 2996//2996
f 2993//2993 3112//3112 3115//3115
f 2997//2997 2993//2993 3115//3115
f 2998//2998 2997//2997 3116//3116
f 2997//2997 3115//3115 3116//3116
f 2999//2999 2998//2998 3117//3117
f 2998//2998 3116//3116 3117//3117
f 3113//3113 2995//2995 2999//2999
f 3117//3117 3113//3113 2999//2999
f 3118//3118 3119//3119 3120//3120
f 3118//3118 3121//3121 3122//3122
f 3119//3119 3118//3118 3122//3122
f 3121//3121 3123//3123 3124//3124
f 3122//3122 3121//3121 3124//3124
f 3124//3124 3123//3123 3125//3125
f 3126//3126 3127//3127 3128//3128
f 3120//3120 3127//3127 3126//3126
f 3118//3118 3120//3120 3126//3126
f 3118//3118 3126//3126 3004//3004
f 3118//3118 3004//3004 3005//3005
f 3006//3006 3118//3118 3005//3005
f 3121//3121 3118//3118 3006//3006
f 3007//3007 3121//3121 3006//3006
f 3123//3123 3121//3121 3007//3007
f 3009//3009 3129//3129 3130//3130
f 3007//3007 3009//3009 3130//3130
f 3007//3007 3130//3130 3125//3125
f 3007//3007 3125//3125 3123//3123
f 3130//3130 3129//3129 3131//3131
f 3132//3132 3126//3126 3128//3128
f 3133//3133 3132//3132 3128//3128
f 3004//3004 3132//3132 3011//3011
f 3126//3126 3132//3132 3004//3004
f 3134//3134 3135//3135 3136//3136
f 3136//3136 3137//3137 3134//3134
f 3129//3129 3013//3013 3138//3138
f 3009//3009 3013//3013 3129//3129
f 3139//3139 3131//3131 3129//3129
f 3138//3138 3139//3139 3129//3129
f 3132//3132 3133//3133 3140//3140
f 3140//3140 3011//3011 3132//3132
f 3140//3140 3141//3141 3011//3011
f 3141//3141 3015//3015 3011//3011
f 3017//3017 3135//3135 3134//3134
f 3017//3017 3016//3016 3135//3135
f 3016//3016 3142//3142 3135//3135
f 3134//3134 3018//3018 3017//3017
f 3134//3134 3137//3137 3018//3018
f 3137//3137 3143//3143 3018//3018
f 3138//3138 3020//3020 3144//3144
f 3013//3013 3020//3020 3138//3138
f 3145//3145 3139//3139 3138//3138
f 3144//3144 3145//3145 3138//3138
f 3015//3015 3141//3141 3022//3022
f 3141//3141 3146//3146 3022//3022
f 3016//3016 3147//3147 3142//3142
f 3023//3023 3147//3147 3016//3016
f 3143//3143 3023//3023 3018//3018
f 3147//3147 3023//3023 3143//3143
f 3144//3144 3148//3148 3149//3149
f 3144//3144 3020//3020 3148//3148
f 3020//3020 3025//3025 3148//3148
f 3145//3145 3144//3144 3149//3149
f 3022//3022 3146//3146 3150//3150
f 3026//3026 3022//3022 3150//3150
f 3027//3027 3026//3026 3151//3151
f 3026//3026 3150//3150 3151//3151
f 3029//3029 3027//3027 3152//3152
f 3027//3027 3151//3151 3152//3152
f 3148//3148 3025//3025 3029//3029
f 3152//3152 3148//3148 3029//3029
f 3036//3036 3153//3153 3035//3035
f 3036//3036 3037//3037 3154//3154
f 3153//3153 3036//3036 3154//3154
f 3037//3037 3039//3039 3154//3154
f 3153//3153 3155//3155 3042//3042
f 3035//3035 3153//3153 3042//3042
f 3154//3154 3156//3156 3153//3153
f 3156//3156 3155//3155 3153//3153
f 3039//3039 3043//3043 3157//3157
f 3039//3039 3157//3157 3154//3154
f 3154//3154 3157//3157 3156//3156
f 3043//3043 3045//3045 3157//3157
f 3042//3042 3155//3155 3047//3047
f 3049//3049 3047//3047 3155//3155
f 3156//3156 3049//3049 3155//3155
f 3051//3051 3049//3049 3156//3156
f 3157//3157 3051//3051 3156//3156
f 3045//3045 3051//3051 3157//3157
f 3057//3057 3158//3158 3056//3056
f 3057//3057 3059//3059 3158//3158
f 3062//3062 3159//3159 3061//3061
f 3062//3062 3056//3056 3158//3158
f 3062//3062 3158//3158 3159//3159
f 3159//3159 3158//3158 3160//3160
f 3059//3059 3064//3064 3161//3161
f 3059//3059 3161//3161 3158//3158
f 3158//3158 3161//3161 3160//3160
f 3064//3064 3066//3066 3161//3161
f 3159//3159 3162//3162 3068//3068
f 3061//3061 3159//3159 3068//3068
f 3160//3160 3163//3163 3159//3159
f 3163//3163 3162//3162 3159//3159
f 3161//3161 3164//3164 3160//3160
f 3164//3164 3163//3163 3160//3160
f 3066//3066 3070//3070 3165//3165
f 3066//3066 3165//3165 3161//3161
f 3161//3161 3165//3165 3164//3164
f 3070//3070 3071//3071 3165//3165
f 3072//3072 3166//3166 3073//3073
f 3072//3072 3068//3068 3162//3162
f 3072//3072 3162//3162 3166//3166
f 3166//3166 3162//3162 3167//3167
f 3168//3168 3163//3163 3169//3169
f 3168//3168 3167//3167 3163//3163
f 3167//3167 3162//3162 3163//3163
f 3164//3164 3169//3169 3163//3163
f 3170//3170 3169//3169 3164//3164
f 3170//3170 3171//3171 3172//3172
f 3170//3170 3164//3164 3171//3171
f 3164//3164 3165//3165 3171//3171
f 3071//3071 3077//3077 3171//3171
f 3165//3165 3071//3071 3171//3171
f 3166//3166 3173//3173 3078//3078
f 3073//3073 3166//3166 3078//3078
f 3174//3174 3167//3167 3175//3175
f 3174//3174 3173//3173 3167//3167
f 3173//3173 3166//3166 3167//3167
f 3168//3168 3175//3175 3167//3167
f 3176//3176 3172//3172 3171//3171
f 3177//3177 3172//3172 3176//3176
f 3077//3077 3083//3083 3176//3176
f 3171//3171 3077//3077 3176//3176
f 3173//3173 3178//3178 3179//3179
f 3173//3173 3179//3179 3078//3078
f 3078//3078 3179//3179 3084//3084
f 3174//3174 3178//3178 3173//3173
f 3180//3180 3177//3177 3176//3176
f 3181//3181 3177//3177 3180//3180
f 3083//3083 3086//3086 3180//3180
f 3176//3176 3083//3083 3180//3180
f 3084//3084 3179//3179 3087//3087
f 3179//3179 3182//3182 3087//3087
f 3089//3089 3183//3183 3184//3184
f 3088//3088 3183//3183 3089//3089
f 3184//3184 3090//3090 3089//3089
f 3185//3185 3090//3090 3184//3184
f 3180//3180 3186//3186 3181//3181
f 3186//3186 3180//3180 3086//3086
f 3186//3186 3086//3086 3187//3187
f 3187//3187 3086//3086 3091//3091
f 3087//3087 3182//3182 3092//3092
f 3182//3182 3188//3188 3092//3092
f 3095//3095 3189//3189 3190//3190
f 3094//3094 3189//3189 3095//3095
f 3183//3183 3088//3088 3095//3095
f 3190//3190 3183//3183 3095//3095
f 3191//3191 3096//3096 3090//3090
f 3191//3191 3090//3090 3192//3192
f 3192//3192 3090//3090 3185//3185
f 3096//3096 3191//3191 3098//3098
f 3091//3091 3099//3099 3187//3187
f 3187//3187 3099//3099 3193//3193
f 3092//3092 3188//3188 3100//3100
f 3188//3188 3194//3194 3100//3100
f 3094//3094 3101//3101 3189//3189
f 3189//3189 3101//3101 3195//3195
f 3104//3104 3191//3191 3192//3192
f 3104//3104 3192//3192 3102//3102
f 3102//3102 3192//3192 3196//3196
f 3098//3098 3191//3191 3104//3104
f 3099//3099 3105//3105 3193//3193
f 3193//3193 3105//3105 3197//3197
f 3100//3100 3194//3194 3106//3106
f 3194//3194 3198//3198 3106//3106
f 3101//3101 3199//3199 3195//3195
f 3107//3107 3199//3199 3101//3101
f 3200//3200 3201//3201 3199//3199
f 3200//3200 3199//3199 3109//3109
f 3109//3109 3199//3199 3107//3107
f 3109//3109 3202//3202 3200//3200
f 3109//3109 3102//3102 3202//3202
f 3102//3102 3196//3196 3202//3202
f 3105//3105 3110//3110 3197//3197
f 3197//3197 3110//3110 3203//3203
f 3106//3106 3198//3198 3204//3204
f 3111//3111 3106//3106 3204//3204
f 3204//3204 3112//3112 3111//3111
f 3205//3205 3112//3112 3204//3204
f 3200//3200 3206//3206 3201//3201
f 3202//3202 3206//3206 3200//3200
f 3114//3114 3113//3113 3207//3207
f 3114//3114 3207//3207 3208//3208
f 3114//3114 3208//3208 3110//3110
f 3110//3110 3208//3208 3203//3203
f 3112//3112 3205//3205 3209//3209
f 3115//3115 3112//3112 3209//3209
f 3116//3116 3115//3115 3210//3210
f 3115//3115 3209//3209 3210//3210
f 3117//3117 3116//3116 3211//3211
f 3116//3116 3210//3210 3211//3211
f 3207//3207 3113//3113 3117//3117
f 3207//3207 3117//3117 3212//3212
f 3212//3212 3117//3117 3211//3211
f 3208//3208 3207//3207 3212//3212
f 3119//3119 3213//3213 3214//3214
f 3120//3120 3119//3119 3214//3214
f 3122//3122 3215//3215 3119//3119
f 3119//3119 3215//3215 3213//3213
f 3124//3124 3216//3216 3122//3122
f 3122//3122 3216//3216 3215//3215
f 3125//3125 3217//3217 3218//3218
f 3125//3125 3218//3218 3124//3124
f 3124//3124 3218//3218 3216//3216
f 3218//3218 3217//3217 3219//3219
f 3127//3127 3220//3220 3221//3221
f 3128//3128 3127//3127 3221//3221
f 3214//3214 3127//3127 3120//3120
f 3220//3220 3127//3127 3214//3214
f 3222//3222 3223//3223 3224//3224
f 3222//3222 3225//3225 3226//3226
f 3224//3224 3225//3225 3222//3222
f 3125//3125 3130//3130 3217//3217
f 3226//3226 3225//3225 3227//3227
f 3217//3217 3130//3130 3131//3131
f 3217//3217 3131//3131 3219//3219
f 3219//3219 3131//3131 3228//3228
f 3128//3128 3221//3221 3133//3133
f 3221//3221 3229//3229 3133//3133
f 3136//3136 3223//3223 3222//3222
f 3136//3136 3135//3135 3223//3223
f 3135//3135 3230//3230 3223//3223
f 3137//3137 3136//3136 3222//3222
f 3137//3137 3222//3222 3231//3231
f 3231//3231 3222//3222 3226//3226
f 3232//3232 3226//3226 3227//3227
f 3231//3231 3226//3226 3232//3232
f 3131//3131 3139//3139 3228//3228
f 3228//3228 3139//3139 3233//3233
f 3234//3234 3140//3140 3133//3133
f 3234//3234 3133//3133 3235//3235
f 3235//3235 3133//3133 3229//3229
f 3140//3140 3234//3234 3141//3141
f 3135//3135 3142//3142 3230//3230
f 3230//3230 3142//3142 3236//3236
f 3231//3231 3237//3237 3238//3238
f 3231//3231 3238//3238 3137//3137
f 3137//3137 3238//3238 3143//3143
f 3232//3232 3237//3237 3231//3231
f 3139//3139 3145//3145 3233//3233
f 3233//3233 3145//3145 3239//3239
f 3234//3234 3235//3235 3240//3240
f 3240//3240 3141//3141 3234//3234
f 3240//3240 3241//3241 3141//3141
f 3241//3241 3146//3146 3141//3141
f 3142//3142 3242//3242 3236//3236
f 3147//3147 3242//3242 3142//3142
f 3238//3238 3147//3147 3143//3143
f 3242//3242 3147//3147 3238//3238
f 3149//3149 3243//3243 3244//3244
f 3148//3148 3243//3243 3149//3149
f 3239//3239 3145//3145 3149//3149
f 3244//3244 3239//3239 3149//3149
f 3146//3146 3241//3241 3245//3245
f 3150//3150 3146//3146 3245//3245
f 3151//3151 3150//3150 3246//3246
f 3150//3150 3245//3245 3246//3246
f 3152//3152 3151//3151 3247//3247
f 3151//3151 3246//3246 3247//3247
f 3243//3243 3148//3148 3152//3152
f 3247//3247 3243//3243 3152//3152
f 3248//3248 3249//3249 3250//3250
f 3248//3248 3168//3168 3169//3169
f 3248//3248 3169//3169 3249//3249
f 3249//3249 3169//3169 3251//3251
f 3170//3170 3252//3252 3169//3169
f 3169//3169 3252//3252 3251//3251
f 3252//3252 3170//3170 3172//3172
f 3253//3253 3252//3252 3172//3172
f 3254//3254 3255//3255 3256//3256
f 3250//3250 3255//3255 3254//3254
f 3248//3248 3250//3250 3254//3254
f 3248//3248 3254//3254 3174//3174
f 3248//3248 3174//3174 3175//3175
f 3168//3168 3248//3248 3175//3175
f 3257//3257 3177//3177 3258//3258
f 3257//3257 3253//3253 3177//3177
f 3253//3253 3172//3172 3177//3177
f 3257//3257 3258//3258 3259//3259
f 3178//3178 3254//3254 3256//3256
f 3178//3178 3256//3256 3179//3179
f 3179//3179 3256//3256 3260//3260
f 3174//3174 3254//3254 3178//3178
f 3261//3261 3262//3262 3263//3263
f 3262//3262 3264//3264 3265//3265
f 3261//3261 3264//3264 3262//3262
f 3264//3264 3266//3266 3265//3265
f 3258//3258 3181//3181 3267//3267
f 3177//3177 3181//3181 3258//3258
f 3268//3268 3259//3259 3258//3258
f 3267//3267 3268//3268 3258//3258
f 3179//3179 3260//3260 3182//3182
f 3260//3260 3269//3269 3182//3182
f 3270//3270 3263//3263 3262//3262
f 3271//3271 3263//3263 3270//3270
f 3184//3184 3183//3183 3270//3270
f 3184//3184 3270//3270 3265//3265
f 3265//3265 3270//3270 3262//3262
f 3265//3265 3185//3185 3184//3184
f 3265//3265 3266//3266 3185//3185
f 3266//3266 3272//3272 3185//3185
f 3181//3181 3186//3186 3267//3267
f 3267//3267 3186//3186 3187//3187
f 3267//3267 3187//3187 3268//3268
f 3268//3268 3187//3187 3273//3273
f 3182//3182 3269//3269 3188//3188
f 3269//3269 3274//3274 3188//3188
f 3190//3190 3271//3271 3270//3270
f 3190//3190 3189//3189 3271//3271
f 3189//3189 3275//3275 3271//3271
f 3183//3183 3190//3190 3270//3270
f 3185//3185 3272//3272 3192//3192
f 3272//3272 3276//3276 3192//3192
f 3187//3187 3193//3193 3273//3273
f 3273//3273 3193//3193 3277//3277
f 3188//3188 3274//3274 3194//3194
f 3274//3274 3278//3278 3194//3194
f 3279//3279 3195//3195 3280//3280
f 3279//3279 3275//3275 3195//3195
f 3275//3275 3189//3189 3195//3195
f 3279//3279 3280//3280 3281//3281
f 3192//3192 3276//3276 3196//3196
f 3276//3276 3282//3282 3196//3196
f 3193//3193 3197//3197 3277//3277
f 3277//3277 3197//3197 3283//3283
f 3194//3194 3278//3278 3198//3198
f 3278//3278 3284//3284 3198//3198
f 3195//3195 3199//3199 3280//3280
f 3280//3280 3199//3199 3201//3201
f 3280//3280 3201//3201 3281//3281
f 3281//3281 3201//3201 3285//3285
f 3286//3286 3287//3287 3202//3202
f 3286//3286 3202//3202 3282//3282
f 3282//3282 3202//3202 3196//3196
f 3286//3286 3288//3288 3287//3287
f 3197//3197 3203//3203 3283//3283
f 3283//3283 3203//3203 3289//3289
f 3198//3198 3284//3284 3290//3290
f 3204//3204 3198//3198 3290//3290
f 3290//3290 3205//3205 3204//3204
f 3291//3291 3205//3205 3290//3290
f 3201//3201 3292//3292 3285//3285
f 3206//3206 3292//3292 3201//3201
f 3287//3287 3206//3206 3202//3202
f 3287//3287 3293//3293 3206//3206
f 3293//3293 3292//3292 3206//3206
f 3288//3288 3293//3293 3287//3287
f 3203//3203 3208//3208 3289//3289
f 3289//3289 3208//3208 3294//3294
f 3205//3205 3291//3291 3295//3295
f 3209//3209 3205//3205 3295//3295
f 3210//3210 3209//3209 3296//3296
f 3209//3209 3295//3295 3296//3296
f 3211//3211 3210//3210 3297//3297
f 3210//3210 3296//3296 3297//3297
f 3212//3212 3211//3211 3298//3298
f 3211//3211 3297//3297 3298//3298
f 3294//3294 3208//3208 3212//3212
f 3298//3298 3294//3294 3212//3212
f 3213//3213 3299//3299 3300//3300
f 3214//3214 3213//3213 3300//3300
f 3215//3215 3301//3301 3213//3213
f 3213//3213 3301//3301 3299//3299
f 3216//3216 3302//3302 3215//3215
f 3215//3215 3302//3302 3301//3301
f 3303//3303 3304//3304 3302//3302
f 3303//3303 3302//3302 3218//3218
f 3218//3218 3302//3302 3216//3216
f 3218//3218 3219//3219 3303//3303
f 3220//3220 3305//3305 3306//3306
f 3221//3221 3220//3220 3306//3306
f 3300//3300 3220//3220 3214//3214
f 3305//3305 3220//3220 3300//3300
f 3224//3224 3223//3223 3307//3307
f 3224//3224 3308//3308 3225//3225
f 3307//3307 3308//3308 3224//3224
f 3303//3303 3309//3309 3304//3304
f 3227//3227 3225//3225 3308//3308
f 3309//3309 3303//3303 3219//3219
f 3309//3309 3219//3219 3310//3310
f 3310//3310 3219//3219 3228//3228
f 3221//3221 3306//3306 3229//3229
f 3306//3306 3311//3311 3229//3229
f 3307//3307 3312//3312 3313//3313
f 3307//3307 3223//3223 3312//3312
f 3223//3223 3230//3230 3312//3312
f 3313//3313 3314//3314 3315//3315
f 3313//3313 3315//3315 3307//3307
f 3307//3307 3315//3315 3308//3308
f 3227//3227 3315//3315 3232//3232
f 3308//3308 3315//3315 3227//3227
f 3228//3228 3233//3233 3310//3310
f 3310//3310 3233//3233 3316//3316
f 3229//3229 3311//3311 3235//3235
f 3311//3311 3317//3317 3235//3235
f 3230//3230 3236//3236 3312//3312
f 3312//3312 3236//3236 3318//3318
f 3237//3237 3315//3315 3314//3314
f 3237//3237 3314//3314 3238//3238
f 3238//3238 3314//3314 3319//3319
f 3232//3232 3315//3315 3237//3237
f 3233//3233 3239//3239 3316//3316
f 3316//3316 3239//3239 3320//3320
f 3235//3235 3317//3317 3321//3321
f 3240//3240 3235//3235 3321//3321
f 3321//3321 3241//3241 3240//3240
f 3322//3322 3241//3241 3321//3321
f 3236//3236 3323//3323 3318//3318
f 3242//3242 3323//3323 3236//3236
f 3319//3319 3242//3242 3238//3238
f 3323//3323 3242//3242 3319//3319
f 3244//3244 3243//3243 3324//3324
f 3244//3244 3324//3324 3325//3325
f 3244//3244 3325//3325 3239//3239
f 3239//3239 3325//3325 3320//3320
f 3326//3326 3245//3245 3241//3241
f 3326//3326 3241//3241 3327//3327
f 3327//3327 3241//3241 3322//3322
f 3245//3245 3328//3328 3246//3246
f 3326//3326 3328//3328 3245//3245
f 3246//3246 3329//3329 3247//3247
f 3328//3328 3329//3329 3246//3246
f 3247//3247 3329//3329 3330//3330
f 3243//3243 3247//3247 3330//3330
f 3243//3243 3330//3330 3331//3331
f 3243//3243 3331//3331 3324//3324
f 3325//3325 3324//3324 3331//3331
f 3326//3326 3327//3327 3332//3332
f 3328//3328 3326//3326 3332//3332
f 3333//3333 3328//3328 3332//3332
f 3329//3329 3328//3328 3333//3333
f 3334//3334 3329//3329 3333//3333
f 3330//3330 3329//3329 3334//3334
f 3335//3335 3336//3336 3337//3337
f 3335//3335 3338//3338 3339//3339
f 3336//3336 3335//3335 3339//3339
f 3338//3338 3340//3340 3341//3341
f 3339//3339 3338//3338 3341//3341
f 3341//3341 3340//3340 3342//3342
f 3343//3343 3335//3335 3337//3337
f 3344//3344 3343//3343 3337//3337
f 3338//3338 3335//3335 3345//3345
f 3345//3345 3335//3335 3343//3343
f 3340//3340 3338//3338 3346//3346
f 3346//3346 3338//3338 3345//3345
f 3347//3347 3342//3342 3340//3340
f 3346//3346 3347//3347 3340//3340
f 3348//3348 3343//3343 3344//3344
f 3349//3349 3348//3348 3344//3344
f 3345//3345 3343//3343 3350//3350
f 3350//3350 3343//3343 3348//3348
f 3346//3346 3345//3345 3351//3351
f 3351//3351 3345//3345 3350//3350
f 3352//3352 3347//3347 3346//3346
f 3351//3351 3352//3352 3346//3346
f 3348//3348 3349//3349 3353//3353
f 3350//3350 3348//3348 3353//3353
f 3354//3354 3350//3350 3353//3353
f 3351//3351 3350//3350 3354//3354
f 3355//3355 3351//3351 3354//3354
f 3352//3352 3351//3351 3355//3355
f 3356//3356 3357//3357 3358//3358
f 3356//3356 3250//3250 3249//3249
f 3356//3356 3249//3249 3357//3357
f 3357//3357 3249//3249 3359//3359
f 3251//3251 3360//3360 3249//3249
f 3249//3249 3360//3360 3359//3359
f 3252//3252 3361//3361 3251//3251
f 3251//3251 3361//3361 3360//3360
f 3253//3253 3362//3362 3363//3363
f 3253//3253 3363//3363 3252//3252
f 3252//3252 3363//3363 3361//3361
f 3363//3363 3362//3362 3364//3364
f 3255//3255 3356//3356 3358//3358
f 3255//3255 3358//3358 3256//3256
f 3256//3256 3358//3358 3365//3365
f 3250//3250 3356//3356 3255//3255
f 3366//3366 3367//3367 3368//3368
f 3367//3367 3369//3369 3370//3370
f 3366//3366 3369//3369 3367//3367
f 3370//3370 3371//3371 3372//3372
f 3369//3369 3371//3371 3370//3370
f 3253//3253 3257//3257 3362//3362
f 3372//3372 3371//3371 3373//3373
f 3362//3362 3257//3257 3259//3259
f 3362//3362 3259//3259 3364//3364
f 3364//3364 3259//3259 3374//3374
f 3256//3256 3365//3365 3260//3260
f 3365//3365 3375//3375 3260//3260
f 3261//3261 3368//3368 3367//3367
f 3261//3261 3263//3263 3368//3368
f 3263//3263 3376//3376 3368//3368
f 3264//3264 3261//3261 3367//3367
f 3370//3370 3264//3264 3367//3367
f 3266//3266 3264//3264 3370//3370
f 3266//3266 3370//3370 3377//3377
f 3377//3377 3370//3370 3372//3372
f 3378//3378 3372//3372 3373//3373
f 3377//3377 3372//3372 3378//3378
f 3259//3259 3268//3268 3374//3374
f 3374//3374 3268//3268 3379//3379
f 3260//3260 3375//3375 3269//3269
f 3375//3375 3380//3380 3269//3269
f 3381//3381 3271//3271 3382//3382
f 3381//3381 3376//3376 3271//3271
f 3376//3376 3263//3263 3271//3271
f 3381//3381 3382//3382 3383//3383
f 3377//3377 3384//3384 3385//3385
f 3377//3377 3385//3385 3266//3266
f 3266//3266 3385//3385 3272//3272
f 3378//3378 3384//3384 3377//3377
f 3268//3268 3273//3273 3379//3379
f 3379//3379 3273//3273 3386//3386
f 3269//3269 3380//3380 3274//3274
f 3380//3380 3387//3387 3274//3274
f 3382//3382 3275//3275 3388//3388
f 3271//3271 3275//3275 3382//3382
f 3389//3389 3383//3383 3382//3382
f 3389//3389 3382//3382 3390//3390
f 3390//3390 3382//3382 3388//3388
f 3390//3390 3385//3385 3389//3389
f 3390//3390 3276//3276 3385//3385
f 3276//3276 3272//3272 3385//3385
f 3391//3391 3392//3392 3393//3393
f 3391//3391 3393//3393 3386//3386
f 3391//3391 3386//3386 3277//3277
f 3277//3277 3386//3386 3273//3273
f 3274//3274 3387//3387 3278//3278
f 3387//3387 3394//3394 3278//3278
f 3275//3275 3279//3279 3388//3388
f 3281//3281 3388//3388 3279//3279
f 3281//3281 3395//3395 3388//3388
f 3395//3395 3390//3390 3388//3388
f 3276//3276 3395//3395 3282//3282
f 3390//3390 3395//3395 3276//3276
f 3391//3391 3396//3396 3392//3392
f 3396//3396 3391//3391 3277//3277
f 3396//3396 3277//3277 3397//3397
f 3397//3397 3277//3277 3283//3283
f 3278//3278 3394//3394 3284//3284
f 3394//3394 3398//3398 3284//3284
f 3395//3395 3285//3285 3399//3399
f 3281//3281 3285//3285 3395//3395
f 3282//3282 3400//3400 3286//3286
f 3282//3282 3395//3395 3400//3400
f 3395//3395 3399//3399 3400//3400
f 3286//3286 3400//3400 3288//3288
f 3283//3283 3289//3289 3397//3397
f 3397//3397 3289//3289 3401//3401
f 3284//3284 3398//3398 3402//3402
f 3290//3290 3284//3284 3402//3402
f 3402//3402 3291//3291 3290//3290
f 3403//3403 3291//3291 3402//3402
f 3285//3285 3292//3292 3399//3399
f 3293//3293 3399//3399 3292//3292
f 3400//3400 3399//3399 3293//3293
f 3288//3288 3400//3400 3293//3293
f 3404//3404 3405//3405 3406//3406
f 3405//3405 3404//3404 3401//3401
f 3405//3405 3401//3401 3294//3294
f 3294//3294 3401//3401 3289//3289
f 3291//3291 3403//3403 3407//3407
f 3295//3295 3291//3291 3407//3407
f 3296//3296 3295//3295 3408//3408
f 3295//3295 3407//3407 3408//3408
f 3297//3297 3296//3296 3409//3409
f 3296//3296 3408//3408 3409//3409
f 3406//3406 3405//3405 3298//3298
f 3406//3406 3298//3298 3409//3409
f 3409//3409 3298//3298 3297//3297
f 3294//3294 3298//3298 3405//3405
f 3299//3299 3410//3410 3300//3300
f 3299//3299 3301//3301 3411//3411
f 3410//3410 3299//3299 3411//3411
f 3301//3301 3302//3302 3412//3412
f 3411//3411 3301//3301 3412//3412
f 3302//3302 3304//3304 3412//3412
f 3305//3305 3413//3413 3306//3306
f 3305//3305 3414//3414 3413//3413
f 3300//3300 3414//3414 3305//3305
f 3300//3300 3415//3415 3414//3414
f 3300//3300 3410//3410 3415//3415
f 3411//3411 3415//3415 3410//3410
f 3416//3416 3415//3415 3411//3411
f 3412//3412 3416//3416 3411//3411
f 3417//3417 3416//3416 3412//3412
f 3418//3418 3419//3419 3417//3417
f 3309//3309 3418//3418 3417//3417
f 3309//3309 3417//3417 3412//3412
f 3309//3309 3412//3412 3304//3304
f 3309//3309 3310//3310 3418//3418
f 3413//3413 3420//3420 3311//3311
f 3306//3306 3413//3413 3311//3311
f 3421//3421 3413//3413 3414//3414
f 3420//3420 3413//3413 3421//3421
f 3313//3313 3312//3312 3422//3422
f 3313//3313 3422//3422 3314//3314
f 3418//3418 3423//3423 3419//3419
f 3423//3423 3418//3418 3310//3310
f 3423//3423 3310//3310 3424//3424
f 3424//3424 3310//3310 3316//3316
f 3420//3420 3425//3425 3426//3426
f 3420//3420 3426//3426 3311//3311
f 3311//3311 3426//3426 3317//3317
f 3421//3421 3425//3425 3420//3420
f 3422//3422 3427//3427 3428//3428
f 3422//3422 3312//3312 3427//3427
f 3312//3312 3318//3318 3427//3427
f 3422//3422 3319//3319 3314//3314
f 3422//3422 3429//3429 3319//3319
f 3422//3422 3428//3428 3429//3429
f 3430//3430 3319//3319 3429//3429
f 3429//3429 3431//3431 3430//3430
f 3316//3316 3320//3320 3424//3424
f 3424//3424 3320//3320 3432//3432
f 3433//3433 3321//3321 3317//3317
f 3433//3433 3317//3317 3434//3434
f 3434//3434 3317//3317 3426//3426
f 3321//3321 3433//3433 3322//3322
f 3435//3435 3318//3318 3323//3323
f 3435//3435 3436//3436 3318//3318
f 3436//3436 3427//3427 3318//3318
f 3323//3323 3437//3437 3435//3435
f 3319//3319 3437//3437 3323//3323
f 3319//3319 3438//3438 3437//3437
f 3319//3319 3430//3430 3438//3438
f 3431//3431 3438//3438 3430//3430
f 3320//3320 3325//3325 3432//3432
f 3432//3432 3325//3325 3439//3439
f 3440//3440 3433//3433 3434//3434
f 3441//3441 3440//3440 3434//3434
f 3322//3322 3440//3440 3327//3327
f 3433//3433 3440//3440 3322//3322
f 3435//3435 3442//3442 3436//3436
f 3437//3437 3442//3442 3435//3435
f 3331//3331 3443//3443 3444//3444
f 3330//3330 3443//3443 3331//3331
f 3439//3439 3325//3325 3331//3331
f 3444//3444 3439//3439 3331//3331
f 3440//3440 3441//3441 3445//3445
f 3446//3446 3445//3445 3447//3447
f 3332//3332 3445//3445 3446//3446
f 3332//3332 3440//3440 3445//3445
f 3332//3332 3327//3327 3440//3440
f 3332//3332 3448//3448 3333//3333
f 3446//3446 3448//3448 3332//3332
f 3449//3449 3333//3333 3448//3448
f 3449//3449 3450//3450 3333//3333
f 3450//3450 3334//3334 3333//3333
f 3443//3443 3330//3330 3334//3334
f 3450//3450 3443//3443 3334//3334
f 3451//3451 3446//3446 3447//3447
f 3452//3452 3451//3451 3447//3447
f 3448//3448 3446//3446 3453//3453
f 3453//3453 3446//3446 3451//3451
f 3454//3454 3449//3449 3448//3448
f 3454//3454 3448//3448 3455//3455
f 3455//3455 3448//3448 3453//3453
f 3454//3454 3455//3455 3456//3456
f 3336//3336 3451//3451 3452//3452
f 3336//3336 3452//3452 3337//3337
f 3337//3337 3452//3452 3457//3457
f 3339//3339 3451//3451 3336//3336
f 3453//3453 3451//3451 3339//3339
f 3341//3341 3453//3453 3339//3339
f 3455//3455 3453//3453 3341//3341
f 3455//3455 3341//3341 3342//3342
f 3455//3455 3342//3342 3456//3456
f 3456//3456 3342//3342 3458//3458
f 3337//3337 3457//3457 3344//3344
f 3457//3457 3459//3459 3344//3344
f 3460//3460 3461//3461 3462//3462
f 3462//3462 3463//3463 3460//3460
f 3342//3342 3347//3347 3458//3458
f 3458//3458 3347//3347 3464//3464
f 3344//3344 3459//3459 3349//3349
f 3459//3459 3465//3465 3349//3349
f 3460//3460 3466//3466 3461//3461
f 3463//3463 3466//3466 3460//3460
f 3347//3347 3352//3352 3464//3464
f 3464//3464 3352//3352 3467//3467
f 3468//3468 3353//3353 3349//3349
f 3468//3468 3349//3349 3469//3469
f 3469//3469 3349//3349 3465//3465
f 3353//3353 3470//3470 3354//3354
f 3468//3468 3470//3470 3353//3353
f 3354//3354 3471//3471 3355//3355
f 3470//3470 3471//3471 3354//3354
f 3355//3355 3471//3471 3472//3472
f 3355//3355 3472//3472 3352//3352
f 3352//3352 3472//3472 3467//3467
f 3473//3473 3468//3468 3469//3469
f 3474//3474 3473//3473 3469//3469
f 3470//3470 3468//3468 3475//3475
f 3475//3475 3468//3468 3473//3473
f 3471//3471 3470//3470 3476//3476
f 3476//3476 3470//3470 3475//3475
f 3477//3477 3472//3472 3471//3471
f 3476//3476 3477//3477 3471//3471
f 3473//3473 3474//3474 3478//3478
f 3475//3475 3473//3473 3478//3478
f 3479//3479 3475//3475 3478//3478
f 3476//3476 3475//3475 3479//3479
f 3480//3480 3476//3476 3479//3479
f 3477//3477 3476//3476 3480//3480
f 3357//3357 3481//3481 3482//3482
f 3358//3358 3357//3357 3482//3482
f 3359//3359 3483//3483 3357//3357
f 3357//3357 3483//3483 3481//3481
f 3360//3360 3484//3484 3359//3359
f 3359//3359 3484//3484 3483//3483
f 3361//3361 3485//3485 3360//3360
f 3360//3360 3485//3485 3484//3484
f 3486//3486 3487//3487 3485//3485
f 3486//3486 3485//3485 3363//3363
f 3363//3363 3485//3485 3361//3361
f 3363//3363 3364//3364 3486//3486
f 3358//3358 3482//3482 3365//3365
f 3482//3482 3488//3488 3365//3365
f 3366//3366 3368//3368 3489//3489
f 3490//3490 3366//3366 3489//3489
f 3490//3490 3491//3491 3366//3366
f 3491//3491 3369//3369 3366//3366
f 3492//3492 3491//3491 3493//3493
f 3492//3492 3371//3371 3491//3491
f 3371//3371 3369//3369 3491//3491
f 3486//3486 3494//3494 3487//3487
f 3373//3373 3371//3371 3492//3492
f 3494//3494 3486//3486 3364//3364
f 3494//3494 3364//3364 3495//3495
f 3495//3495 3364//3364 3374//3374
f 3365//3365 3488//3488 3375//3375
f 3488//3488 3496//3496 3375//3375
f 3489//3489 3497//3497 3498//3498
f 3489//3489 3368//3368 3497//3497
f 3368//3368 3376//3376 3497//3497
f 3490//3490 3489//3489 3498//3498
f 3499//3499 3492//3492 3493//3493
f 3500//3500 3499//3499 3493//3493
f 3373//3373 3499//3499 3378//3378
f 3492//3492 3499//3499 3373//3373
f 3374//3374 3379//3379 3495//3495
f 3495//3495 3379//3379 3501//3501
f 3375//3375 3496//3496 3380//3380
f 3496//3496 3502//3502 3380//3380
f 3376//3376 3503//3503 3497//3497
f 3381//3381 3503//3503 3376//3376
f 3503//3503 3381//3381 3383//3383
f 3504//3504 3503//3503 3383//3383
f 3384//3384 3499//3499 3500//3500
f 3384//3384 3500//3500 3385//3385
f 3385//3385 3500//3500 3505//3505
f 3378//3378 3499//3499 3384//3384
f 3379//3379 3386//3386 3501//3501
f 3501//3501 3386//3386 3506//3506
f 3507//3507 3508//3508 3387//3387
f 3507//3507 3387//3387 3502//3502
f 3502//3502 3387//3387 3380//3380
f 3507//3507 3509//3509 3508//3508
f 3383//3383 3510//3510 3504//3504
f 3389//3389 3510//3510 3383//3383
f 3505//3505 3389//3389 3385//3385
f 3510//3510 3389//3389 3505//3505
f 3393//3393 3511//3511 3512//3512
f 3392//3392 3511//3511 3393//3393
f 3506//3506 3386//3386 3393//3393
f 3512//3512 3506//3506 3393//3393
f 3508//3508 3513//3513 3394//3394
f 3387//3387 3508//3508 3394//3394
f 3514//3514 3508//3508 3509//3509
f 3513//3513 3508//3508 3514//3514
f 3515//3515 3392//3392 3396//3396
f 3515//3515 3516//3516 3392//3392
f 3516//3516 3511//3511 3392//3392
f 3396//3396 3397//3397 3515//3515
f 3513//3513 3517//3517 3398//3398
f 3394//3394 3513//3513 3398//3398
f 3518//3518 3513//3513 3514//3514
f 3518//3518 3519//3519 3513//3513
f 3519//3519 3517//3517 3513//3513
f 3518//3518 3520//3520 3519//3519
f 3521//3521 3522//3522 3523//3523
f 3516//3516 3521//3521 3523//3523
f 3516//3516 3515//3515 3521//3521
f 3515//3515 3524//3524 3521//3521
f 3397//3397 3401//3401 3524//3524
f 3515//3515 3397//3397 3524//3524
f 3398//3398 3517//3517 3402//3402
f 3403//3403 3402//3402 3517//3517
f 3403//3403 3517//3517 3525//3525
f 3525//3525 3517//3517 3519//3519
f 3526//3526 3519//3519 3520//3520
f 3526//3526 3527//3527 3519//3519
f 3527//3527 3525//3525 3519//3519
f 3522//3522 3527//3527 3526//3526
f 3522//3522 3521//3521 3527//3527
f 3521//3521 3528//3528 3527//3527
f 3404//3404 3406//3406 3528//3528
f 3404//3404 3528//3528 3524//3524
f 3524//3524 3528//3528 3521//3521
f 3401//3401 3404//3404 3524//3524
f 3403//3403 3525//3525 3407//3407
f 3408//3408 3407//3407 3525//3525
f 3527//3527 3408//3408 3525//3525
f 3409//3409 3408//3408 3527//3527
f 3528//3528 3409//3409 3527//3527
f 3406//3406 3409//3409 3528//3528
f 3415//3415 3529//3529 3414//3414
f 3530//3530 3529//3529 3415//3415
f 3530//3530 3415//3415 3531//3531
f 3531//3531 3415//3415 3416//3416
f 3532//3532 3533//3533 3531//3531
f 3532//3532 3531//3531 3417//3417
f 3417//3417 3531//3531 3416//3416
f 3417//3417 3419//3419 3532//3532
f 3529//3529 3534//3534 3535//3535
f 3529//3529 3535//3535 3414//3414
f 3414//3414 3535//3535 3421//3421
f 3530//3530 3534//3534 3529//3529
f 3532//3532 3536//3536 3533//3533
f 3419//3419 3536//3536 3532//3532
f 3419//3419 3423//3423 3536//3536
f 3423//3423 3537//3537 3536//3536
f 3537//3537 3423//3423 3424//3424
f 3538//3538 3537//3537 3424//3424
f 3425//3425 3539//3539 3426//3426
f 3425//3425 3540//3540 3539//3539
f 3425//3425 3421//3421 3540//3540
f 3421//3421 3535//3535 3540//3540
f 3428//3428 3427//3427 3541//3541
f 3428//3428 3542//3542 3429//3429
f 3541//3541 3542//3542 3428//3428
f 3429//3429 3542//3542 3431//3431
f 3424//3424 3432//3432 3538//3538
f 3538//3538 3432//3432 3543//3543
f 3539//3539 3544//3544 3545//3545
f 3539//3539 3545//3545 3426//3426
f 3426//3426 3545//3545 3434//3434
f 3540//3540 3544//3544 3539//3539
f 3541//3541 3546//3546 3547//3547
f 3541//3541 3427//3427 3546//3546
f 3427//3427 3436//3436 3546//3546
f 3438//3438 3548//3548 3437//3437
f 3438//3438 3541//3541 3548//3548
f 3438//3438 3542//3542 3541//3541
f 3541//3541 3547//3547 3548//3548
f 3431//3431 3542//3542 3438//3438
f 3432//3432 3439//3439 3543//3543
f 3543//3543 3439//3439 3549//3549
f 3434//3434 3545//3545 3441//3441
f 3545//3545 3550//3550 3441//3441
f 3436//3436 3551//3551 3546//3546
f 3442//3442 3551//3551 3436//3436
f 3548//3548 3442//3442 3437//3437
f 3551//3551 3442//3442 3548//3548
f 3444//3444 3552//3552 3553//3553
f 3443//3443 3552//3552 3444//3444
f 3549//3549 3439//3439 3444//3444
f 3553//3553 3549//3549 3444//3444
f 3441//3441 3550//3550 3554//3554
f 3445//3445 3441//3441 3554//3554
f 3554//3554 3447//3447 3445//3445
f 3555//3555 3447//3447 3554//3554
f 3450//3450 3449//3449 3556//3556
f 3450//3450 3556//3556 3557//3557
f 3450//3450 3557//3557 3443//3443
f 3443//3443 3557//3557 3552//3552
f 3447//3447 3555//3555 3452//3452
f 3555//3555 3558//3558 3452//3452
f 3449//3449 3454//3454 3556//3556
f 3556//3556 3454//3454 3456//3456
f 3556//3556 3456//3456 3557//3557
f 3557//3557 3456//3456 3559//3559
f 3452//3452 3558//3558 3457//3457
f 3558//3558 3560//3560 3457//3457
f 3561//3561 3562//3562 3563//3563
f 3563//3563 3564//3564 3561//3561
f 3456//3456 3458//3458 3559//3559
f 3559//3559 3458//3458 3565//3565
f 3457//3457 3560//3560 3459//3459
f 3560//3560 3566//3566 3459//3459
f 3562//3562 3567//3567 3568//3568
f 3562//3562 3461//3461 3567//3567
f 3562//3562 3561//3561 3462//3462
f 3461//3461 3562//3562 3462//3462
f 3463//3463 3568//3568 3567//3567
f 3463//3463 3564//3564 3568//3568
f 3463//3463 3462//3462 3561//3561
f 3564//3564 3463//3463 3561//3561
f 3458//3458 3464//3464 3565//3565
f 3565//3565 3464//3464 3569//3569
f 3570//3570 3571//3571 3572//3572
f 3570//3570 3566//3566 3571//3571
f 3570//3570 3465//3465 3566//3566
f 3465//3465 3459//3459 3566//3566
f 3461//3461 3466//3466 3567//3567
f 3463//3463 3567//3567 3466//3466
f 3573//3573 3467//3467 3574//3574
f 3573//3573 3569//3569 3467//3467
f 3569//3569 3464//3464 3467//3467
f 3573//3573 3574//3574 3575//3575
f 3576//3576 3570//3570 3572//3572
f 3577//3577 3576//3576 3572//3572
f 3465//3465 3576//3576 3469//3469
f 3570//3570 3576//3576 3465//3465
f 3578//3578 3579//3579 3580//3580
f 3580//3580 3581//3581 3578//3578
f 3574//3574 3472//3472 3582//3582
f 3467//3467 3472//3472 3574//3574
f 3583//3583 3575//3575 3574//3574
f 3582//3582 3583//3583 3574//3574
f 3584//3584 3576//3576 3577//3577
f 3585//3585 3584//3584 3577//3577
f 3469//3469 3584//3584 3474//3474
f 3576//3576 3584//3584 3469//3469
f 3578//3578 3586//3586 3579//3579
f 3581//3581 3586//3586 3578//3578
f 3582//3582 3477//3477 3587//3587
f 3472//3472 3477//3477 3582//3582
f 3588//3588 3583//3583 3582//3582
f 3587//3587 3588//3588 3582//3582
f 3584//3584 3585//3585 3589//3589
f 3590//3590 3589//3589 3591//3591
f 3478//3478 3589//3589 3590//3590
f 3478//3478 3584//3584 3589//3589
f 3478//3478 3474//3474 3584//3584
f 3478//3478 3592//3592 3479//3479
f 3590//3590 3592//3592 3478//3478
f 3479//3479 3593//3593 3480//3480
f 3592//3592 3593//3593 3479//3479
f 3480//3480 3587//3587 3477//3477
f 3480//3480 3593//3593 3587//3587
f 3593//3593 3594//3594 3587//3587
f 3595//3595 3588//3588 3587//3587
f 3594//3594 3595//3595 3587//3587
f 3590//3590 3591//3591 3596//3596
f 3592//3592 3590//3590 3596//3596
f 3597//3597 3592//3592 3596//3596
f 3593//3593 3592//3592 3597//3597
f 3598//3598 3593//3593 3597//3597
f 3594//3594 3593//3593 3598//3598
f 3599//3599 3594//3594 3598//3598
f 3595//3595 3594//3594 3599//3599
f 3481//3481 3600//3600 3482//3482
f 3601//3601 3600//3600 3481//3481
f 3601//3601 3481//3481 3602//3602
f 3602//3602 3481//3481 3483//3483
f 3484//3484 3603//3603 3483//3483
f 3483//3483 3603//3603 3602//3602
f 3485//3485 3604//3604 3484//3484
f 3484//3484 3604//3604 3603//3603
f 3604//3604 3485//3485 3487//3487
f 3605//3605 3604//3604 3487//3487
f 3600//3600 3606//3606 3607//3607
f 3600//3600 3607//3607 3482//3482
f 3482//3482 3607//3607 3488//3488
f 3601//3601 3606//3606 3600//3600
f 3491//3491 3490//3490 3608//3608
f 3491//3491 3608//3608 3493//3493
f 3609//3609 3487//3487 3494//3494
f 3609//3609 3610//3610 3487//3487
f 3610//3610 3605//3605 3487//3487
f 3494//3494 3495//3495 3609//3609
f 3488//3488 3607//3607 3496//3496
f 3607//3607 3611//3611 3496//3496
f 3498//3498 3497//3497 3612//3612
f 3498//3498 3612//3612 3613//3613
f 3490//3490 3498//3498 3613//3613
f 3490//3490 3613//3613 3614//3614
f 3490//3490 3614//3614 3608//3608
f 3614//3614 3493//3493 3608//3608
f 3614//3614 3615//3615 3493//3493
f 3615//3615 3500//3500 3493//3493
f 3609//3609 3616//3616 3610//3610
f 3616//3616 3609//3609 3495//3495
f 3616//3616 3495//3495 3617//3617
f 3617//3617 3495//3495 3501//3501
f 3496//3496 3611//3611 3502//3502
f 3611//3611 3618//3618 3502//3502
f 3497//3497 3503//3503 3612//3612
f 3612//3612 3503//3503 3504//3504
f 3612//3612 3504//3504 3613//3613
f 3613//3613 3504//3504 3619//3619
f 3500//3500 3615//3615 3505//3505
f 3615//3615 3620//3620 3505//3505
f 3501//3501 3506//3506 3617//3617
f 3617//3617 3506//3506 3621//3621
f 3622//3622 3507//3507 3502//3502
f 3622//3622 3502//3502 3623//3623
f 3623//3623 3502//3502 3618//3618
f 3507//3507 3622//3622 3509//3509
f 3624//3624 3504//3504 3510//3510
f 3624//3624 3625//3625 3504//3504
f 3625//3625 3619//3619 3504//3504
f 3510//3510 3626//3626 3624//3624
f 3510//3510 3505//3505 3626//3626
f 3505//3505 3620//3620 3626//3626
f 3512//3512 3627//3627 3628//3628
f 3511//3511 3627//3627 3512//3512
f 3621//3621 3506//3506 3512//3512
f 3628//3628 3621//3621 3512//3512
f 3622//3622 3623//3623 3629//3629
f 3629//3629 3509//3509 3622//3622
f 3629//3629 3630//3630 3509//3509
f 3630//3630 3514//3514 3509//3509
f 3624//3624 3631//3631 3625//3625
f 3626//3626 3631//3631 3624//3624
f 3511//3511 3516//3516 3627//3627
f 3627//3627 3516//3516 3632//3632
f 3514//3514 3630//3630 3633//3633
f 3518//3518 3514//3514 3633//3633
f 3520//3520 3634//3634 3635//3635
f 3520//3520 3518//3518 3634//3634
f 3518//3518 3633//3633 3634//3634
f 3635//3635 3523//3523 3522//3522
f 3635//3635 3634//3634 3523//3523
f 3634//3634 3636//3636 3523//3523
f 3632//3632 3516//3516 3523//3523
f 3636//3636 3632//3632 3523//3523
f 3520//3520 3635//3635 3526//3526
f 3522//3522 3526//3526 3635//3635
f 3531//3531 3637//3637 3530//3530
f 3531//3531 3533//3533 3637//3637
f 3534//3534 3638//3638 3535//3535
f 3534//3534 3530//3530 3637//3637
f 3534//3534 3637//3637 3638//3638
f 3638//3638 3637//3637 3639//3639
f 3533//3533 3536//3536 3640//3640
f 3533//3533 3640//3640 3637//3637
f 3637//3637 3640//3640 3639//3639
f 3536//3536 3537//3537 3641//3641
f 3640//3640 3536//3536 3641//3641
f 3537//3537 3538//3538 3641//3641
f 3638//3638 3642//3642 3643//3643
f 3638//3638 3643//3643 3535//3535
f 3535//3535 3643//3643 3540//3540
f 3639//3639 3642//3642 3638//3638
f 3644//3644 3642//3642 3639//3639
f 3640//3640 3644//3644 3639//3639
f 3645//3645 3644//3644 3640//3640
f 3645//3645 3646//3646 3647//3647
f 3645//3645 3640//3640 3646//3646
f 3640//3640 3641//3641 3646//3646
f 3538//3538 3543//3543 3646//3646
f 3641//3641 3538//3538 3646//3646
f 3544//3544 3648//3648 3545//3545
f 3544//3544 3649//3649 3648//3648
f 3544//3544 3540//3540 3649//3649
f 3540//3540 3643//3643 3649//3649
f 3547//3547 3546//3546 3650//3650
f 3547//3547 3650//3650 3548//3548
f 3651//3651 3647//3647 3646//3646
f 3652//3652 3647//3647 3651//3651
f 3543//3543 3549//3549 3651//3651
f 3646//3646 3543//3543 3651//3651
f 3648//3648 3653//3653 3550//3550
f 3545//3545 3648//3648 3550//3550
f 3654//3654 3648//3648 3649//3649
f 3653//3653 3648//3648 3654//3654
f 3655//3655 3551//3551 3656//3656
f 3655//3655 3546//3546 3551//3551
f 3650//3650 3546//3546 3655//3655
f 3650//3650 3655//3655 3657//3657
f 3658//3658 3650//3650 3657//3657
f 3658//3658 3548//3548 3650//3650
f 3658//3658 3656//3656 3551//3551
f 3548//3548 3658//3658 3551//3551
f 3553//3553 3652//3652 3651//3651
f 3553//3553 3552//3552 3652//3652
f 3552//3552 3659//3659 3652//3652
f 3549//3549 3553//3553 3651//3651
f 3550//3550 3653//3653 3554//3554
f 3653//3653 3555//3555 3554//3554
f 3653//3653 3654//3654 3555//3555
f 3654//3654 3660//3660 3555//3555
f 3661//3661 3655//3655 3656//3656
f 3662//3662 3655//3655 3661//3661
f 3663//3663 3656//3656 3658//3658
f 3661//3661 3656//3656 3663//3663
f 3552//3552 3557//3557 3659//3659
f 3659//3659 3557//3557 3664//3664
f 3555//3555 3660//3660 3558//3558
f 3660//3660 3665//3665 3558//3558
f 3666//3666 3662//3662 3661//3661
f 3667//3667 3662//3662 3666//3666
f 3668//3668 3661//3661 3663//3663
f 3666//3666 3661//3661 3668//3668
f 3557//3557 3559//3559 3664//3664
f 3664//3664 3559//3559 3669//3669
f 3558//3558 3665//3665 3560//3560
f 3665//3665 3670//3670 3560//3560
f 3667//3667 3671//3671 3672//3672
f 3667//3667 3562//3562 3671//3671
f 3667//3667 3666//3666 3563//3563
f 3562//3562 3667//3667 3563//3563
f 3564//3564 3672//3672 3671//3671
f 3564//3564 3668//3668 3672//3672
f 3564//3564 3563//3563 3666//3666
f 3668//3668 3564//3564 3666//3666
f 3559//3559 3565//3565 3669//3669
f 3669//3669 3565//3565 3673//3673
f 3560//3560 3670//3670 3566//3566
f 3670//3670 3674//3674 3566//3566
f 3562//3562 3568//3568 3671//3671
f 3564//3564 3671//3671 3568//3568
f 3565//3565 3569//3569 3673//3673
f 3673//3673 3569//3569 3675//3675
f 3571//3571 3676//3676 3677//3677
f 3572//3572 3571//3571 3677//3677
f 3674//3674 3571//3571 3566//3566
f 3676//3676 3571//3571 3674//3674
f 3569//3569 3678//3678 3675//3675
f 3573//3573 3678//3678 3569//3569
f 3678//3678 3573//3573 3575//3575
f 3679//3679 3678//3678 3575//3575
f 3572//3572 3677//3677 3577//3577
f 3677//3677 3680//3680 3577//3577
f 3681//3681 3682//3682 3683//3683
f 3681//3681 3580//3580 3579//3579
f 3681//3681 3683//3683 3580//3580
f 3683//3683 3684//3684 3580//3580
f 3581//3581 3685//3685 3686//3686
f 3581//3581 3580//3580 3685//3685
f 3580//3580 3684//3684 3685//3685
f 3685//3685 3687//3687 3686//3686
f 3575//3575 3583//3583 3679//3679
f 3679//3679 3583//3583 3688//3688
f 3577//3577 3680//3680 3585//3585
f 3680//3680 3689//3689 3585//3585
f 3681//3681 3690//3690 3682//3682
f 3691//3691 3692//3692 3690//3690
f 3586//3586 3691//3691 3690//3690
f 3586//3586 3690//3690 3681//3681
f 3586//3586 3681//3681 3579//3579
f 3586//3586 3581//3581 3686//3686
f 3586//3586 3686//3686 3691//3691
f 3691//3691 3686//3686 3693//3693
f 3694//3694 3686//3686 3687//3687
f 3693//3693 3686//3686 3694//3694
f 3583//3583 3588//3588 3688//3688
f 3688//3688 3588//3588 3695//3695
f 3696//3696 3589//3589 3585//3585
f 3696//3696 3585//3585 3697//3697
f 3697//3697 3585//3585 3689//3689
f 3589//3589 3696//3696 3591//3591
f 3691//3691 3698//3698 3692//3692
f 3693//3693 3698//3698 3691//3691
f 3699//3699 3698//3698 3693//3693
f 3694//3694 3699//3699 3693//3693
f 3588//3588 3595//3595 3695//3695
f 3695//3695 3595//3595 3700//3700
f 3696//3696 3697//3697 3701//3701
f 3591//3591 3696//3696 3701//3701
f 3591//3591 3701//3701 3596//3596
f 3596//3596 3701//3701 3702//3702
f 3597//3597 3596//3596 3703//3703
f 3596//3596 3702//3702 3703//3703
f 3598//3598 3597//3597 3704//3704
f 3597//3597 3703//3703 3704//3704
f 3599//3599 3598//3598 3705//3705
f 3598//3598 3704//3704 3705//3705
f 3700//3700 3595//3595 3599//3599
f 3705//3705 3700//3700 3599//3599
f 3602//3602 3706//3706 3601//3601
f 3602//3602 3603//3603 3707//3707
f 3706//3706 3602//3602 3707//3707
f 3603//3603 3604//3604 3708//3708
f 3707//3707 3603//3603 3708//3708
f 3604//3604 3605//3605 3708//3708
f 3606//3606 3709//3709 3710//3710
f 3607//3607 3606//3606 3710//3710
f 3706//3706 3606//3606 3601//3601
f 3706//3706 3711//3711 3606//3606
f 3711//3711 3709//3709 3606//3606
f 3707//3707 3711//3711 3706//3706
f 3712//3712 3711//3711 3707//3707
f 3708//3708 3712//3712 3707//3707
f 3713//3713 3712//3712 3708//3708
f 3713//3713 3708//3708 3605//3605
f 3713//3713 3605//3605 3714//3714
f 3714//3714 3605//3605 3610//3610
f 3607//3607 3710//3710 3611//3611
f 3710//3710 3715//3715 3611//3611
f 3614//3614 3716//3716 3717//3717
f 3613//3613 3716//3716 3614//3614
f 3717//3717 3615//3615 3614//3614
f 3718//3718 3615//3615 3717//3717
f 3610//3610 3719//3719 3714//3714
f 3616//3616 3719//3719 3610//3610
f 3719//3719 3616//3616 3617//3617
f 3720//3720 3719//3719 3617//3617
f 3611//3611 3715//3715 3618//3618
f 3715//3715 3721//3721 3618//3618
f 3613//3613 3619//3619 3716//3716
f 3716//3716 3619//3619 3722//3722
f 3615//3615 3718//3718 3620//3620
f 3718//3718 3723//3723 3620//3620
f 3617//3617 3621//3621 3720//3720
f 3720//3720 3621//3621 3724//3724
f 3618//3618 3721//3721 3623//3623
f 3721//3721 3725//3725 3623//3623
f 3619//3619 3625//3625 3722//3722
f 3722//3722 3625//3625 3726//3726
f 3620//3620 3723//3723 3626//3626
f 3723//3723 3727//3727 3626//3626
f 3628//3628 3627//3627 3728//3728
f 3628//3628 3728//3728 3729//3729
f 3628//3628 3729//3729 3621//3621
f 3621//3621 3729//3729 3724//3724
f 3623//3623 3725//3725 3730//3730
f 3629//3629 3623//3623 3730//3730
f 3730//3730 3630//3630 3629//3629
f 3731//3731 3630//3630 3730//3730
f 3625//3625 3732//3732 3726//3726
f 3631//3631 3732//3732 3625//3625
f 3727//3727 3631//3631 3626//3626
f 3732//3732 3631//3631 3727//3727
f 3728//3728 3632//3632 3733//3733
f 3627//3627 3632//3632 3728//3728
f 3734//3734 3729//3729 3728//3728
f 3733//3733 3734//3734 3728//3728
f 3630//3630 3731//3731 3735//3735
f 3633//3633 3630//3630 3735//3735
f 3634//3634 3633//3633 3736//3736
f 3633//3633 3735//3735 3736//3736
f 3636//3636 3634//3634 3737//3737
f 3634//3634 3736//3736 3737//3737
f 3733//3733 3632//3632 3636//3636
f 3733//3733 3636//3636 3738//3738
f 3738//3738 3636//3636 3737//3737
f 3734//3734 3733//3733 3738//3738
f 3642//3642 3739//3739 3643//3643
f 3642//3642 3644//3644 3740//3740
f 3739//3739 3642//3642 3740//3740
f 3644//3644 3645//3645 3741//3741
f 3740//3740 3644//3644 3741//3741
f 3645//3645 3647//3647 3741//3741
f 3739//3739 3742//3742 3743//3743
f 3739//3739 3743//3743 3643//3643
f 3643//3643 3743//3743 3649//3649
f 3740//3740 3742//3742 3739//3739
f 3744//3744 3742//3742 3740//3740
f 3744//3744 3745//3745 3746//3746
f 3744//3744 3740//3740 3745//3745
f 3740//3740 3741//3741 3745//3745
f 3647//3647 3652//3652 3745//3745
f 3741//3741 3647//3647 3745//3745
f 3649//3649 3743//3743 3654//3654
f 3743//3743 3747//3747 3654//3654
f 3657//3657 3655//3655 3748//3748
f 3745//3745 3749//3749 3746//3746
f 3658//3658 3657//3657 3748//3748
f 3749//3749 3745//3745 3652//3652
f 3749//3749 3652//3652 3750//3750
f 3750//3750 3652//3652 3659//3659
f 3654//3654 3747//3747 3660//3660
f 3747//3747 3751//3751 3660//3660
f 3748//3748 3662//3662 3752//3752
f 3655//3655 3662//3662 3748//3748
f 3658//3658 3752//3752 3663//3663
f 3748//3748 3752//3752 3658//3658
f 3659//3659 3664//3664 3750//3750
f 3750//3750 3664//3664 3753//3753
f 3660//3660 3751//3751 3665//3665
f 3751//3751 3754//3754 3665//3665
f 3752//3752 3667//3667 3755//3755
f 3662//3662 3667//3667 3752//3752
f 3663//3663 3755//3755 3668//3668
f 3752//3752 3755//3755 3663//3663
f 3664//3664 3669//3669 3753//3753
f 3753//3753 3669//3669 3756//3756
f 3665//3665 3754//3754 3670//3670
f 3754//3754 3757//3757 3670//3670
f 3667//3667 3672//3672 3755//3755
f 3668//3668 3755//3755 3672//3672
f 3669//3669 3673//3673 3756//3756
f 3756//3756 3673//3673 3758//3758
f 3670//3670 3757//3757 3674//3674
f 3757//3757 3759//3759 3674//3674
f 3673//3673 3675//3675 3758//3758
f 3758//3758 3675//3675 3760//3760
f 3676//3676 3761//3761 3762//3762
f 3677//3677 3676//3676 3762//3762
f 3759//3759 3676//3676 3674//3674
f 3761//3761 3676//3676 3759//3759
f 3675//3675 3763//3763 3760//3760
f 3678//3678 3763//3763 3675//3675
f 3763//3763 3678//3678 3679//3679
f 3764//3764 3763//3763 3679//3679
f 3677//3677 3762//3762 3680//3680
f 3762//3762 3765//3765 3680//3680
f 3683//3683 3682//3682 3766//3766
f 3767//3767 3683//3683 3766//3766
f 3767//3767 3768//3768 3683//3683
f 3768//3768 3684//3684 3683//3683
f 3685//3685 3684//3684 3769//3769
f 3684//3684 3768//3768 3769//3769
f 3769//3769 3687//3687 3685//3685
f 3770//3770 3687//3687 3769//3769
f 3679//3679 3688//3688 3764//3764
f 3764//3764 3688//3688 3771//3771
f 3680//3680 3765//3765 3689//3689
f 3765//3765 3772//3772 3689//3689
f 3682//3682 3690//3690 3766//3766
f 3766//3766 3690//3690 3692//3692
f 3766//3766 3692//3692 3767//3767
f 3767//3767 3692//3692 3773//3773
f 3774//3774 3775//3775 3776//3776
f 3774//3774 3770//3770 3775//3775
f 3774//3774 3694//3694 3770//3770
f 3694//3694 3687//3687 3770//3770
f 3688//3688 3695//3695 3771//3771
f 3771//3771 3695//3695 3777//3777
f 3689//3689 3772//3772 3697//3697
f 3772//3772 3778//3778 3697//3697
f 3692//3692 3779//3779 3773//3773
f 3698//3698 3779//3779 3692//3692
f 3776//3776 3699//3699 3774//3774
f 3776//3776 3779//3779 3699//3699
f 3779//3779 3698//3698 3699//3699
f 3694//3694 3774//3774 3699//3699
f 3695//3695 3700//3700 3777//3777
f 3777//3777 3700//3700 3780//3780
f 3697//3697 3778//3778 3781//3781
f 3701//3701 3697//3697 3781//3781
f 3702//3702 3701//3701 3782//3782
f 3701//3701 3781//3781 3782//3782
f 3703//3703 3702//3702 3783//3783
f 3702//3702 3782//3782 3783//3783
f 3704//3704 3703//3703 3784//3784
f 3703//3703 3783//3783 3784//3784
f 3705//3705 3704//3704 3785//3785
f 3704//3704 3784//3784 3785//3785
f 3780//3780 3700//3700 3705//3705
f 3785//3785 3780//3780 3705//3705
f 3709//3709 3786//3786 3787//3787
f 3710//3710 3709//3709 3787//3787
f 3711//3711 3788//3788 3709//3709
f 3709//3709 3788//3788 3786//3786
f 3712//3712 3789//3789 3711//3711
f 3711//3711 3789//3789 3788//3788
f 3713//3713 3790//3790 3712//3712
f 3712//3712 3790//3790 3789//3789
f 3790//3790 3713//3713 3714//3714
f 3791//3791 3790//3790 3714//3714
f 3710//3710 3787//3787 3715//3715
f 3787//3787 3792//3792 3715//3715
f 3793//3793 3794//3794 3795//3795
f 3793//3793 3717//3717 3716//3716
f 3793//3793 3795//3795 3717//3717
f 3795//3795 3796//3796 3717//3717
f 3796//3796 3718//3718 3717//3717
f 3797//3797 3718//3718 3796//3796
f 3714//3714 3798//3798 3791//3791
f 3719//3719 3798//3798 3714//3714
f 3798//3798 3719//3719 3720//3720
f 3799//3799 3798//3798 3720//3720
f 3715//3715 3792//3792 3721//3721
f 3792//3792 3800//3800 3721//3721
f 3801//3801 3794//3794 3793//3793
f 3802//3802 3794//3794 3801//3801
f 3716//3716 3722//3722 3801//3801
f 3793//3793 3716//3716 3801//3801
f 3803//3803 3804//3804 3723//3723
f 3803//3803 3723//3723 3797//3797
f 3797//3797 3723//3723 3718//3718
f 3803//3803 3805//3805 3804//3804
f 3720//3720 3724//3724 3799//3799
f 3799//3799 3724//3724 3806//3806
f 3721//3721 3800//3800 3725//3725
f 3800//3800 3807//3807 3725//3725
f 3801//3801 3808//3808 3802//3802
f 3808//3808 3801//3801 3722//3722
f 3808//3808 3722//3722 3809//3809
f 3809//3809 3722//3722 3726//3726
f 3804//3804 3810//3810 3727//3727
f 3723//3723 3804//3804 3727//3727
f 3811//3811 3804//3804 3805//3805
f 3810//3810 3804//3804 3811//3811
f 3724//3724 3729//3729 3806//3806
f 3806//3806 3729//3729 3812//3812
f 3725//3725 3807//3807 3813//3813
f 3730//3730 3725//3725 3813//3813
f 3813//3813 3731//3731 3730//3730
f 3814//3814 3731//3731 3813//3813
f 3726//3726 3815//3815 3809//3809
f 3732//3732 3815//3815 3726//3726
f 3810//3810 3732//3732 3727//3727
f 3810//3810 3816//3816 3732//3732
f 3816//3816 3815//3815 3732//3732
f 3811//3811 3816//3816 3810//3810
f 3729//3729 3734//3734 3812//3812
f 3812//3812 3734//3734 3817//3817
f 3731//3731 3814//3814 3818//3818
f 3735//3735 3731//3731 3818//3818
f 3736//3736 3735//3735 3819//3819
f 3735//3735 3818//3818 3819//3819
f 3737//3737 3736//3736 3820//3820
f 3736//3736 3819//3819 3820//3820
f 3738//3738 3737//3737 3821//3821
f 3737//3737 3820//3820 3821//3821
f 3817//3817 3734//3734 3738//3738
f 3821//3821 3817//3817 3738//3738
f 3742//3742 3822//3822 3743//3743
f 3742//3742 3744//3744 3823//3823
f 3822//3822 3742//3742 3823//3823
f 3744//3744 3746//3746 3823//3823
f 3822//3822 3824//3824 3825//3825
f 3822//3822 3825//3825 3743//3743
f 3743//3743 3825//3825 3747//3747
f 3823//3823 3824//3824 3822//3822
f 3826//3826 3824//3824 3823//3823
f 3827//3827 3828//3828 3826//3826
f 3749//3749 3827//3827 3826//3826
f 3749//3749 3826//3826 3823//3823
f 3749//3749 3823//3823 3746//3746
f 3749//3749 3750//3750 3827//3827
f 3747//3747 3825//3825 3751//3751
f 3825//3825 3829//3829 3751//3751
f 3830//3830 3828//3828 3827//3827
f 3831//3831 3828//3828 3830//3830
f 3750//3750 3753//3753 3830//3830
f 3827//3827 3750//3750 3830//3830
f 3832//3832 3833//3833 3754//3754
f 3832//3832 3754//3754 3829//3829
f 3829//3829 3754//3754 3751//3751
f 3832//3832 3834//3834 3833//3833
f 3835//3835 3831//3831 3830//3830
f 3836//3836 3831//3831 3835//3835
f 3753//3753 3756//3756 3835//3835
f 3830//3830 3753//3753 3835//3835
f 3833//3833 3837//3837 3757//3757
f 3754//3754 3833//3833 3757//3757
f 3838//3838 3833//3833 3834//3834
f 3838//3838 3839//3839 3833//3833
f 3839//3839 3837//3837 3833//3833
f 3836//3836 3839//3839 3838//3838
f 3836//3836 3835//3835 3839//3839
f 3835//3835 3840//3840 3839//3839
f 3756//3756 3758//3758 3840//3840
f 3835//3835 3756//3756 3840//3840
f 3837//3837 3841//3841 3759//3759
f 3757//3757 3837//3837 3759//3759
f 3839//3839 3842//3842 3837//3837
f 3842//3842 3841//3841 3837//3837
f 3840//3840 3843//3843 3839//3839
f 3843//3843 3842//3842 3839//3839
f 3758//3758 3760//3760 3843//3843
f 3840//3840 3758//3758 3843//3843
f 3761//3761 3844//3844 3762//3762
f 3761//3761 3845//3845 3844//3844
f 3759//3759 3845//3845 3761//3761
f 3759//3759 3846//3846 3845//3845
f 3759//3759 3841//3841 3846//3846
f 3842//3842 3846//3846 3841//3841
f 3847//3847 3846//3846 3842//3842
f 3843//3843 3847//3847 3842//3842
f 3848//3848 3847//3847 3843//3843
f 3849//3849 3850//3850 3848//3848
f 3763//3763 3849//3849 3848//3848
f 3763//3763 3848//3848 3843//3843
f 3763//3763 3843//3843 3760//3760
f 3763//3763 3764//3764 3849//3849
f 3844//3844 3851//3851 3852//3852
f 3844//3844 3852//3852 3762//3762
f 3762//3762 3852//3852 3765//3765
f 3845//3845 3851//3851 3844//3844
f 3768//3768 3767//3767 3853//3853
f 3768//3768 3854//3854 3769//3769
f 3853//3853 3854//3854 3768//3768
f 3849//3849 3855//3855 3850//3850
f 3770//3770 3769//3769 3854//3854
f 3855//3855 3849//3849 3764//3764
f 3855//3855 3764//3764 3856//3856
f 3856//3856 3764//3764 3771//3771
f 3765//3765 3852//3852 3772//3772
f 3852//3852 3857//3857 3772//3772
f 3853//3853 3773//3773 3858//3858
f 3767//3767 3773//3773 3853//3853
f 3775//3775 3858//3858 3776//3776
f 3775//3775 3854//3854 3858//3858
f 3854//3854 3853//3853 3858//3858
f 3770//3770 3854//3854 3775//3775
f 3771//3771 3777//3777 3856//3856
f 3856//3856 3777//3777 3859//3859
f 3860//3860 3861//3861 3778//3778
f 3860//3860 3778//3778 3857//3857
f 3857//3857 3778//3778 3772//3772
f 3860//3860 3862//3862 3861//3861
f 3773//3773 3779//3779 3858//3858
f 3776//3776 3858//3858 3779//3779
f 3863//3863 3864//3864 3865//3865
f 3863//3863 3865//3865 3859//3859
f 3863//3863 3859//3859 3780//3780
f 3780//3780 3859//3859 3777//3777
f 3778//3778 3861//3861 3781//3781
f 3861//3861 3862//3862 3866//3866
f 3861//3861 3866//3866 3781//3781
f 3781//3781 3866//3866 3782//3782
f 3783//3783 3782//3782 3867//3867
f 3782//3782 3866//3866 3867//3867
f 3784//3784 3783//3783 3868//3868
f 3783//3783 3867//3867 3868//3868
f 3864//3864 3863//3863 3785//3785
f 3864//3864 3785//3785 3868//3868
f 3868//3868 3785//3785 3784//3784
f 3780//3780 3785//3785 3863//3863
f 3786//3786 3869//3869 3870//3870
f 3787//3787 3786//3786 3870//3870
f 3788//3788 3871//3871 3786//3786
f 3786//3786 3871//3871 3869//3869
f 3789//3789 3872//3872 3788//3788
f 3788//3788 3872//3872 3871//3871
f 3790//3790 3873//3873 3789//3789
f 3789//3789 3873//3873 3872//3872
f 3873//3873 3790//3790 3791//3791
f 3874//3874 3873//3873 3791//3791
f 3787//3787 3870//3870 3792//3792
f 3870//3870 3875//3875 3792//3792
f 3795//3795 3794//3794 3876//3876
f 3795//3795 3877//3877 3796//3796
f 3876//3876 3877//3877 3795//3795
f 3796//3796 3877//3877 3797//3797
f 3791//3791 3878//3878 3874//3874
f 3798//3798 3878//3878 3791//3791
f 3878//3878 3798//3798 3799//3799
f 3879//3879 3878//3878 3799//3799
f 3792//3792 3875//3875 3800//3800
f 3875//3875 3880//3880 3800//3800
f 3876//3876 3802//3802 3881//3881
f 3794//3794 3802//3802 3876//3876
f 3882//3882 3883//3883 3877//3877
f 3882//3882 3877//3877 3881//3881
f 3881//3881 3877//3877 3876//3876
f 3797//3797 3877//3877 3883//3883
f 3797//3797 3883//3883 3803//3803
f 3803//3803 3883//3883 3884//3884
f 3884//3884 3805//3805 3803//3803
f 3885//3885 3805//3805 3884//3884
f 3799//3799 3806//3806 3879//3879
f 3879//3879 3806//3806 3886//3886
f 3800//3800 3880//3880 3807//3807
f 3880//3880 3887//3887 3807//3807
f 3802//3802 3808//3808 3881//3881
f 3881//3881 3808//3808 3809//3809
f 3881//3881 3809//3809 3882//3882
f 3882//3882 3809//3809 3888//3888
f 3889//3889 3890//3890 3891//3891
f 3889//3889 3885//3885 3890//3890
f 3889//3889 3811//3811 3885//3885
f 3811//3811 3805//3805 3885//3885
f 3806//3806 3812//3812 3886//3886
f 3886//3886 3812//3812 3892//3892
f 3807//3807 3887//3887 3893//3893
f 3813//3813 3807//3807 3893//3893
f 3893//3893 3814//3814 3813//3813
f 3894//3894 3814//3814 3893//3893
f 3809//3809 3895//3895 3888//3888
f 3815//3815 3895//3895 3809//3809
f 3891//3891 3816//3816 3889//3889
f 3891//3891 3895//3895 3816//3816
f 3895//3895 3815//3815 3816//3816
f 3811//3811 3889//3889 3816//3816
f 3812//3812 3817//3817 3892//3892
f 3892//3892 3817//3817 3896//3896
f 3814//3814 3894//3894 3897//3897
f 3818//3818 3814//3814 3897//3897
f 3819//3819 3818//3818 3898//3898
f 3818//3818 3897//3897 3898//3898
f 3820//3820 3819//3819 3899//3899
f 3819//3819 3898//3898 3899//3899
f 3821//3821 3820//3820 3900//3900
f 3820//3820 3899//3899 3900//3900
f 3896//3896 3817//3817 3821//3821
f 3900//3900 3896//3896 3821//3821
f 3824//3824 3901//3901 3825//3825
f 3824//3824 3826//3826 3902//3902
f 3901//3901 3824//3824 3902//3902
f 3826//3826 3828//3828 3902//3902
f 3901//3901 3903//3903 3829//3829
f 3825//3825 3901//3901 3829//3829
f 3902//3902 3904//3904 3901//3901
f 3904//3904 3903//3903 3901//3901
f 3828//3828 3831//3831 3904//3904
f 3902//3902 3828//3828 3904//3904
f 3829//3829 3903//3903 3832//3832
f 3834//3834 3832//3832 3903//3903
f 3834//3834 3903//3903 3905//3905
f 3905//3905 3903//3903 3904//3904
f 3831//3831 3836//3836 3905//3905
f 3904//3904 3831//3831 3905//3905
f 3834//3834 3905//3905 3838//3838
f 3836//3836 3838//3838 3905//3905
f 3846//3846 3906//3906 3845//3845
f 3846//3846 3847//3847 3907//3907
f 3906//3906 3846//3846 3907//3907
f 3847//3847 3848//3848 3908//3908
f 3907//3907 3847//3847 3908//3908
f 3848//3848 3850//3850 3908//3908
f 3851//3851 3909//3909 3852//3852
f 3851//3851 3845//3845 3906//3906
f 3851//3851 3906//3906 3909//3909
f 3909//3909 3906//3906 3910//3910
f 3907//3907 3911//3911 3906//3906
f 3911//3911 3910//3910 3906//3906
f 3908//3908 3912//3912 3907//3907
f 3912//3912 3911//3911 3907//3907
f 3850//3850 3855//3855 3913//3913
f 3850//3850 3913//3913 3908//3908
f 3908//3908 3913//3913 3912//3912
f 3855//3855 3856//3856 3913//3913
f 3909//3909 3914//3914 3857//3857
f 3852//3852 3909//3909 3857//3857
f 3910//3910 3915//3915 3909//3909
f 3915//3915 3914//3914 3909//3909
f 3911//3911 3916//3916 3910//3910
f 3916//3916 3915//3915 3910//3910
f 3912//3912 3917//3917 3911//3911
f 3917//3917 3916//3916 3911//3911
f 3913//3913 3918//3918 3912//3912
f 3918//3918 3917//3917 3912//3912
f 3856//3856 3859//3859 3918//3918
f 3913//3913 3856//3856 3918//3918
f 3857//3857 3914//3914 3860//3860
f 3862//3862 3860//3860 3914//3914
f 3862//3862 3914//3914 3919//3919
f 3919//3919 3914//3914 3915//3915
f 3916//3916 3920//3920 3915//3915
f 3920//3920 3919//3919 3915//3915
f 3917//3917 3921//3921 3916//3916
f 3921//3921 3920//3920 3916//3916
f 3865//3865 3864//3864 3921//3921
f 3865//3865 3921//3921 3918//3918
f 3918//3918 3921//3921 3917//3917
f 3859//3859 3865//3865 3918//3918
f 3862//3862 3919//3919 3866//3866
f 3867//3867 3866//3866 3919//3919
f 3920//3920 3867//3867 3919//3919
f 3868//3868 3867//3867 3920//3920
f 3921//3921 3868//3868 3920//3920
f 3864//3864 3868//3868 3921//3921
f 3869//3869 3922//3922 3870//3870
f 3869//3869 3871//3871 3923//3923
f 3922//3922 3869//3869 3923//3923
f 3871//3871 3872//3872 3924//3924
f 3923//3923 3871//3871 3924//3924
f 3872//3872 3873//3873 3925//3925
f 3924//3924 3872//3872 3925//3925
f 3873//3873 3874//3874 3925//3925
f 3922//3922 3926//3926 3875//3875
f 3870//3870 3922//3922 3875//3875
f 3927//3927 3923//3923 3928//3928
f 3927//3927 3926//3926 3923//3923
f 3926//3926 3922//3922 3923//3923
f 3924//3924 3928//3928 3923//3923
f 3929//3929 3928//3928 3924//3924
f 3925//3925 3929//3929 3924//3924
f 3930//3930 3929//3929 3925//3925
f 3931//3931 3932//3932 3930//3930
f 3878//3878 3931//3931 3930//3930
f 3878//3878 3930//3930 3925//3925
f 3878//3878 3925//3925 3874//3874
f 3878//3878 3879//3879 3931//3931
f 3926//3926 3933//3933 3934//3934
f 3926//3926 3934//3934 3875//3875
f 3875//3875 3934//3934 3880//3880
f 3927//3927 3933//3933 3926//3926
f 3883//3883 3882//3882 3935//3935
f 3883//3883 3936//3936 3884//3884
f 3935//3935 3936//3936 3883//3883
f 3931//3931 3937//3937 3932//3932
f 3885//3885 3884//3884 3936//3936
f 3937//3937 3931//3931 3879//3879
f 3937//3937 3879//3879 3938//3938
f 3938//3938 3879//3879 3886//3886
f 3880//3880 3934//3934 3887//3887
f 3934//3934 3939//3939 3887//3887
f 3935//3935 3888//3888 3940//3940
f 3882//3882 3888//3888 3935//3935
f 3890//3890 3940//3940 3891//3891
f 3890//3890 3936//3936 3940//3940
f 3936//3936 3935//3935 3940//3940
f 3885//3885 3936//3936 3890//3890
f 3886//3886 3892//3892 3938//3938
f 3938//3938 3892//3892 3941//3941
f 3887//3887 3939//3939 3942//3942
f 3893//3893 3887//3887 3942//3942
f 3942//3942 3894//3894 3893//3893
f 3943//3943 3894//3894 3942//3942
f 3888//3888 3895//3895 3940//3940
f 3891//3891 3940//3940 3895//3895
f 3944//3944 3945//3945 3946//3946
f 3944//3944 3946//3946 3941//3941
f 3944//3944 3941//3941 3896//3896
f 3896//3896 3941//3941 3892//3892
f 3894//3894 3943//3943 3947//3947
f 3897//3897 3894//3894 3947//3947
f 3898//3898 3897//3897 3948//3948
f 3897//3897 3947//3947 3948//3948
f 3899//3899 3898//3898 3949//3949
f 3898//3898 3948//3948 3949//3949
f 3945//3945 3944//3944 3900//3900
f 3945//3945 3900//3900 3949//3949
f 3949//3949 3900//3900 3899//3899
f 3896//3896 3900//3900 3944//3944
f 3928//3928 3950//3950 3927//3927
f 3928//3928 3929//3929 3951//3951
f 3950//3950 3928//3928 3951//3951
f 3929//3929 3930//3930 3952//3952
f 3951//3951 3929//3929 3952//3952
f 3930//3930 3932//3932 3952//3952
f 3933//3933 3953//3953 3934//3934
f 3933//3933 3927//3927 3950//3950
f 3933//3933 3950//3950 3953//3953
f 3953//3953 3950//3950 3954//3954
f 3951//3951 3955//3955 3950//3950
f 3955//3955 3954//3954 3950//3950
f 3952//3952 3956//3956 3951//3951
f 3956//3956 3955//3955 3951//3951
f 3932//3932 3937//3937 3957//3957
f 3932//3932 3957//3957 3952//3952
f 3952//3952 3957//3957 3956//3956
f 3937//3937 3938//3938 3957//3957
f 3953//3953 3958//3958 3939//3939
f 3934//3934 3953//3953 3939//3939
f 3954//3954 3959//3959 3953//3953
f 3959//3959 3958//3958 3953//3953
f 3955//3955 3960//3960 3954//3954
f 3960//3960 3959//3959 3954//3954
f 3956//3956 3961//3961 3955//3955
f 3961//3961 3960//3960 3955//3955
f 3957//3957 3962//3962 3956//3956
f 3962//3962 3961//3961 3956//3956
f 3938//3938 3941//3941 3962//3962
f 3957//3957 3938//3938 3962//3962
f 3939//3939 3958//3958 3942//3942
f 3943//3943 3942//3942 3958//3958
f 3943//3943 3958//3958 3963//3963
f 3963//3963 3958//3958 3959//3959
f 3960//3960 3964//3964 3959//3959
f 3964//3964 3963//3963 3959//3959
f 3961//3961 3965//3965 3960//3960
f 3965//3965 3964//3964 3960//3960
f 3946//3946 3945//3945 3965//3965
f 3946//3946 3965//3965 3962//3962
f 3962//3962 3965//3965 3961//3961
f 3941//3941 3946//3946 3962//3962
f 3943//3943 3963//3963 3947//3947
f 3948//3948 3947//3947 3963//3963
f 3964//3964 3948//3948 3963//3963
f 3949//3949 3948//3948 3964//3964
f 3965//3965 3949//3949 3964//3964
f 3945//3945 3949//3949 3965//3965

