# https://github.com/mikedh/trimesh
v -0.50000000 8.00000000 3.00000000
v 0.00000000 7.50000000 3.00000000
v 0.00000000 8.00000000 2.50000000
v -0.50000000 8.00000000 4.00000000
v 0.00000000 7.50000000 4.00000000
v 0.00000000 8.00000000 4.50000000
v -0.50000000 9.00000000 3.00000000
v 0.00000000 9.00000000 2.50000000
v -0.50000000 9.00000000 4.00000000
v 0.00000000 9.00000000 4.50000000
v 0.00000000 9.50000000 3.00000000
v 0.00000000 9.50000000 4.00000000
v 0.50000000 6.00000000 2.00000000
v 1.00000000 5.50000000 2.00000000
v 1.00000000 6.00000000 1.50000000
v 0.50000000 6.00000000 3.00000000
v 1.00000000 5.50000000 3.00000000
v 0.50000000 6.00000000 4.00000000
v 1.00000000 5.50000000 4.00000000
v 1.00000000 6.00000000 4.50000000
v 0.50000000 7.00000000 2.00000000
v 1.00000000 7.00000000 1.50000000
v 0.50000000 7.00000000 3.00000000
v 0.50000000 7.00000000 4.00000000
v 1.00000000 6.50000000 5.00000000
v 0.50000000 7.00000000 5.00000000
v 1.00000000 7.00000000 5.50000000
v 0.50000000 8.00000000 2.00000000
v 1.00000000 8.00000000 1.50000000
v 0.50000000 8.00000000 5.00000000
v 1.00000000 8.00000000 5.50000000
v 0.50000000 9.00000000 1.00000000
v 1.00000000 8.50000000 1.00000000
v 1.00000000 9.00000000 0.50000000
v 0.50000000 9.00000000 2.00000000
v 0.50000000 9.00000000 5.00000000
v 1.00000000 9.00000000 5.50000000
v 1.00000000 9.50000000 1.00000000
v 1.00000000 10.00000000 1.50000000
v 0.50000000 10.00000000 2.00000000
v 0.50000000 10.00000000 3.00000000
v 0.50000000 10.00000000 4.00000000
v 1.00000000 10.00000000 4.50000000
v 1.00000000 9.50000000 5.00000000
v 1.00000000 10.50000000 2.00000000
v 1.00000000 10.50000000 3.00000000
v 1.00000000 10.50000000 4.00000000
v 1.50000000 4.00000000 2.00000000
v 2.00000000 3.50000000 2.00000000
v 2.00000000 4.00000000 1.50000000
v 1.50000000 4.00000000 3.00000000
v 2.00000000 3.50000000 3.00000000
v 1.50000000 4.00000000 4.00000000
v 2.00000000 3.50000000 4.00000000
v 2.00000000 4.00000000 4.50000000
v 1.50000000 5.00000000 1.00000000
v 2.00000000 4.50000000 1.00000000
v 2.00000000 5.00000000 0.50000000
v 1.50000000 5.00000000 2.00000000
v 1.50000000 5.00000000 3.00000000
v 1.50000000 5.00000000 4.00000000
v 2.00000000 4.50000000 5.00000000
v 1.50000000 5.00000000 5.00000000
v 2.00000000 5.00000000 5.50000000
v 1.50000000 6.00000000 1.00000000
v 2.00000000 6.00000000 0.50000000
v 1.50000000 6.00000000 5.00000000
v 2.00000000 6.00000000 5.50000000
v 2.00000000 6.50000000 1.00000000
v 2.00000000 7.00000000 1.50000000
v 1.50000000 7.00000000 3.00000000
v 2.00000000 7.00000000 2.50000000
v 2.00000000 6.50000000 3.00000000
v 2.00000000 7.00000000 3.50000000
v 2.00000000 7.00000000 5.50000000
v 1.50000000 8.00000000 1.00000000
v 2.00000000 7.50000000 1.00000000
v 2.00000000 8.00000000 0.50000000
v 1.50000000 8.00000000 3.00000000
v 2.00000000 8.00000000 2.50000000
v 2.00000000 7.50000000 4.00000000
v 1.50000000 8.00000000 4.00000000
v 2.00000000 8.00000000 4.50000000
v 2.00000000 8.00000000 5.50000000
v 2.00000000 9.00000000 0.50000000
v 1.50000000 9.00000000 3.00000000
v 2.00000000 9.00000000 2.50000000
v 1.50000000 9.00000000 4.00000000
v 2.00000000 9.00000000 4.50000000
v 2.00000000 9.00000000 5.50000000
v 1.50000000 10.00000000 1.00000000
v 2.00000000 10.00000000 0.50000000
v 2.00000000 9.50000000 3.00000000
v 2.00000000 9.50000000 4.00000000
v 1.50000000 10.00000000 5.00000000
v 2.00000000 10.00000000 5.50000000
v 2.00000000 10.50000000 1.00000000
v 1.50000000 11.00000000 2.00000000
v 2.00000000 11.00000000 1.50000000
v 1.50000000 11.00000000 3.00000000
v 1.50000000 11.00000000 4.00000000
v 2.00000000 11.00000000 4.50000000
v 2.00000000 10.50000000 5.00000000
v 1.50000000 12.00000000 2.00000000
v 2.00000000 12.00000000 1.50000000
v 1.50000000 12.00000000 3.00000000
v 1.50000000 12.00000000 4.00000000
v 2.00000000 12.00000000 4.50000000
v 2.00000000 12.50000000 2.00000000
v 2.00000000 12.50000000 3.00000000
v 2.00000000 12.50000000 4.00000000
v 2.50000000 3.00000000 2.00000000
v 3.00000000 2.50000000 2.00000000
v 3.00000000 3.00000000 1.50000000
v 2.50000000 3.00000000 3.00000000
v 3.00000000 2.50000000 3.00000000
v 2.50000000 3.00000000 4.00000000
v 3.00000000 2.50000000 4.00000000
v 3.00000000 3.00000000 4.50000000
v 2.50000000 4.00000000 1.00000000
v 3.00000000 3.50000000 1.00000000
v 3.00000000 4.00000000 0.50000000
v 2.50000000 4.00000000 5.00000000
v 3.00000000 3.50000000 5.00000000
v 3.00000000 4.00000000 5.50000000
v 3.00000000 5.00000000 0.50000000
v 3.00000000 4.50000000 2.00000000
v 2.50000000 5.00000000 2.00000000
v 3.00000000 5.00000000 1.50000000
v 3.00000000 4.50000000 3.00000000
v 2.50000000 5.00000000 3.00000000
v 3.00000000 4.50000000 4.00000000
v 2.50000000 5.00000000 4.00000000
v 3.00000000 5.00000000 4.50000000
v 3.00000000 5.00000000 5.50000000
v 3.00000000 6.00000000 0.50000000
v 3.00000000 5.50000000 2.00000000
v 2.50000000 6.00000000 3.00000000
v 3.00000000 6.00000000 2.50000000
v 2.50000000 6.00000000 4.00000000
v 3.00000000 6.00000000 4.50000000
v 3.00000000 6.00000000 5.50000000
v 2.50000000 7.00000000 1.00000000
v 3.00000000 7.00000000 0.50000000
v 3.00000000 7.00000000 2.50000000
v 2.50000000 7.00000000 4.00000000
v 3.00000000 7.00000000 4.50000000
v 3.00000000 7.00000000 5.50000000
v 3.00000000 8.00000000 0.50000000
v 3.00000000 8.00000000 2.50000000
v 3.00000000 8.00000000 3.50000000
v 2.50000000 8.00000000 4.00000000
v 3.00000000 7.50000000 4.00000000
v 3.00000000 8.00000000 5.50000000
v 3.00000000 9.00000000 0.50000000
v 3.00000000 9.00000000 2.50000000
v 2.50000000 9.00000000 4.00000000
v 3.00000000 9.00000000 3.50000000
v 3.00000000 9.00000000 5.50000000
v 3.00000000 10.00000000 0.50000000
v 2.50000000 10.00000000 3.00000000
v 3.00000000 10.00000000 2.50000000
v 3.00000000 10.00000000 3.50000000
v 3.00000000 10.00000000 5.50000000
v 2.50000000 11.00000000 1.00000000
v 3.00000000 11.00000000 0.50000000
v 2.50000000 11.00000000 3.00000000
v 3.00000000 11.00000000 2.50000000
v 3.00000000 11.00000000 3.50000000
v 2.50000000 11.00000000 5.00000000
v 3.00000000 11.00000000 5.50000000
v 2.50000000 12.00000000 1.00000000
v 3.00000000 12.00000000 0.50000000
v 3.00000000 11.50000000 3.00000000
v 2.50000000 12.00000000 5.00000000
v 3.00000000 12.00000000 5.50000000
v 3.00000000 12.50000000 1.00000000
v 2.50000000 13.00000000 2.00000000
v 3.00000000 13.00000000 1.50000000
v 2.50000000 13.00000000 3.00000000
v 2.50000000 13.00000000 4.00000000
v 3.00000000 13.00000000 4.50000000
v 3.00000000 12.50000000 5.00000000
v 2.50000000 14.00000000 2.00000000
v 3.00000000 14.00000000 1.50000000
v 2.50000000 14.00000000 3.00000000
v 3.00000000 14.00000000 3.50000000
v 3.00000000 13.50000000 4.00000000
v 3.00000000 14.50000000 2.00000000
v 3.00000000 14.50000000 3.00000000
v 4.00000000 2.50000000 2.00000000
v 4.00000000 3.00000000 1.50000000
v 4.00000000 2.50000000 3.00000000
v 4.00000000 2.50000000 4.00000000
v 4.00000000 3.00000000 4.50000000
v 4.00000000 3.50000000 1.00000000
v 4.00000000 4.00000000 0.50000000
v 3.50000000 4.00000000 3.00000000
v 4.00000000 4.00000000 2.50000000
v 4.00000000 3.50000000 3.00000000
v 4.00000000 4.00000000 3.50000000
v 4.00000000 3.50000000 5.00000000
v 4.00000000 4.00000000 5.50000000
v 4.00000000 5.00000000 0.50000000
v 4.00000000 5.00000000 1.50000000
v 4.00000000 4.50000000 2.00000000
v 4.00000000 4.50000000 4.00000000
v 4.00000000 5.00000000 4.50000000
v 4.00000000 4.50000000 6.00000000
v 3.50000000 5.00000000 6.00000000
v 4.00000000 5.00000000 6.50000000
v 4.00000000 6.00000000 0.50000000
v 3.50000000 6.00000000 2.00000000
v 4.00000000 6.00000000 1.50000000
v 4.00000000 6.00000000 4.50000000
v 3.50000000 6.00000000 6.00000000
v 4.00000000 6.00000000 6.50000000
v 4.00000000 7.00000000 0.50000000
v 4.00000000 6.50000000 2.00000000
v 4.00000000 7.00000000 2.50000000
v 4.00000000 7.00000000 4.50000000
v 4.00000000 7.00000000 5.50000000
v 4.00000000 6.50000000 6.00000000
v 4.00000000 8.00000000 0.50000000
v 4.00000000 8.00000000 2.50000000
v 4.00000000 7.50000000 4.00000000
v 4.00000000 8.00000000 3.50000000
v 4.00000000 8.00000000 5.50000000
v 4.00000000 8.50000000 1.00000000
v 3.50000000 9.00000000 1.00000000
v 4.00000000 9.00000000 1.50000000
v 4.00000000 9.00000000 2.50000000
v 4.00000000 9.00000000 3.50000000
v 4.00000000 9.00000000 5.50000000
v 4.00000000 9.50000000 1.00000000
v 4.00000000 10.00000000 0.50000000
v 4.00000000 10.00000000 2.50000000
v 4.00000000 9.50000000 4.00000000
v 3.50000000 10.00000000 4.00000000
v 4.00000000 10.00000000 4.50000000
v 4.00000000 10.00000000 5.50000000
v 4.00000000 11.00000000 0.50000000
v 3.50000000 11.00000000 2.00000000
v 4.00000000 11.00000000 1.50000000
v 4.00000000 10.50000000 2.00000000
v 3.50000000 11.00000000 4.00000000
v 4.00000000 11.00000000 4.50000000
v 4.00000000 11.00000000 5.50000000
v 4.00000000 12.00000000 0.50000000
v 4.00000000 11.50000000 2.00000000
v 3.50000000 12.00000000 3.00000000
v 4.00000000 12.00000000 2.50000000
v 4.00000000 12.00000000 3.50000000
v 4.00000000 11.50000000 4.00000000
v 4.00000000 12.00000000 5.50000000
v 3.50000000 13.00000000 1.00000000
v 4.00000000 13.00000000 0.50000000
v 4.00000000 12.50000000 3.00000000
v 4.00000000 13.00000000 4.50000000
v 4.00000000 12.50000000 5.00000000
v 3.50000000 14.00000000 1.00000000
v 4.00000000 14.00000000 0.50000000
v 3.50000000 14.00000000 4.00000000
v 4.00000000 14.00000000 4.50000000
v 4.00000000 14.50000000 1.00000000
v 3.50000000 15.00000000 2.00000000
v 4.00000000 15.00000000 1.50000000
v 3.50000000 15.00000000 3.00000000
v 3.50000000 15.00000000 4.00000000
v 4.00000000 15.00000000 4.50000000
v 4.00000000 15.50000000 2.00000000
v 4.00000000 16.00000000 2.50000000
v 3.50000000 16.00000000 3.00000000
v 4.00000000 16.00000000 3.50000000
v 4.00000000 15.50000000 4.00000000
v 4.00000000 16.50000000 3.00000000
v 5.00000000 2.50000000 2.00000000
v 5.00000000 3.00000000 1.50000000
v 5.00000000 2.50000000 3.00000000
v 5.00000000 2.50000000 4.00000000
v 5.00000000 3.00000000 4.50000000
v 5.00000000 3.50000000 1.00000000
v 5.00000000 4.00000000 0.50000000
v 4.50000000 4.00000000 3.00000000
v 5.00000000 3.50000000 5.00000000
v 5.00000000 4.00000000 5.50000000
v 5.00000000 5.00000000 0.50000000
v 5.00000000 5.00000000 1.50000000
v 5.00000000 4.50000000 2.00000000
v 5.00000000 4.50000000 3.00000000
v 5.00000000 4.50000000 4.00000000
v 5.00000000 5.00000000 4.50000000
v 5.00000000 4.50000000 6.00000000
v 5.00000000 5.00000000 6.50000000
v 5.00000000 6.00000000 0.50000000
v 5.00000000 6.00000000 1.50000000
v 5.00000000 6.00000000 4.50000000
v 4.50000000 6.00000000 6.00000000
v 5.00000000 6.00000000 5.50000000
v 5.00000000 5.50000000 6.00000000
v 5.00000000 7.00000000 0.50000000
v 5.00000000 6.50000000 2.00000000
v 5.00000000 7.00000000 2.50000000
v 4.50000000 7.00000000 4.00000000
v 5.00000000 6.50000000 4.00000000
v 5.00000000 7.00000000 3.50000000
v 5.00000000 7.00000000 5.50000000
v 5.00000000 7.50000000 1.00000000
v 4.50000000 8.00000000 1.00000000
v 5.00000000 8.00000000 1.50000000
v 5.00000000 7.50000000 3.00000000
v 4.50000000 8.00000000 3.00000000
v 5.00000000 7.50000000 5.00000000
v 4.50000000 8.00000000 5.00000000
v 5.00000000 8.00000000 4.50000000
v 5.00000000 9.00000000 1.50000000
v 4.50000000 9.00000000 3.00000000
v 5.00000000 8.50000000 5.00000000
v 5.00000000 9.00000000 5.50000000
v 5.00000000 9.50000000 1.00000000
v 5.00000000 10.00000000 0.50000000
v 5.00000000 10.00000000 2.50000000
v 5.00000000 9.50000000 3.00000000
v 4.50000000 10.00000000 4.00000000
v 5.00000000 10.00000000 3.50000000
v 5.00000000 10.00000000 5.50000000
v 5.00000000 11.00000000 0.50000000
v 5.00000000 11.00000000 1.50000000
v 5.00000000 10.50000000 2.00000000
v 5.00000000 10.50000000 4.00000000
v 5.00000000 11.00000000 4.50000000
v 5.00000000 11.00000000 5.50000000
v 5.00000000 12.00000000 0.50000000
v 5.00000000 11.50000000 2.00000000
v 5.00000000 12.00000000 2.50000000
v 5.00000000 11.50000000 4.00000000
v 5.00000000 12.00000000 3.50000000
v 5.00000000 12.00000000 5.50000000
v 5.00000000 13.00000000 0.50000000
v 4.50000000 13.00000000 3.00000000
v 5.00000000 13.00000000 2.50000000
v 5.00000000 13.00000000 3.50000000
v 5.00000000 13.00000000 4.50000000
v 5.00000000 12.50000000 5.00000000
v 5.00000000 14.00000000 0.50000000
v 4.50000000 14.00000000 2.00000000
v 5.00000000 14.00000000 1.50000000
v 5.00000000 13.50000000 2.00000000
v 4.50000000 14.00000000 3.00000000
v 5.00000000 14.00000000 3.50000000
v 5.00000000 13.50000000 5.00000000
v 4.50000000 14.00000000 5.00000000
v 5.00000000 14.00000000 5.50000000
v 4.50000000 15.00000000 1.00000000
v 5.00000000 15.00000000 0.50000000
v 5.00000000 14.50000000 2.00000000
v 5.00000000 14.50000000 3.00000000
v 4.50000000 15.00000000 5.00000000
v 5.00000000 15.00000000 5.50000000
v 5.00000000 15.50000000 1.00000000
v 4.50000000 16.00000000 2.00000000
v 5.00000000 16.00000000 1.50000000
v 4.50000000 16.00000000 4.00000000
v 5.00000000 16.00000000 4.50000000
v 5.00000000 15.50000000 5.00000000
v 5.00000000 16.50000000 2.00000000
v 5.00000000 16.50000000 3.00000000
v 5.00000000 16.50000000 4.00000000
v 5.50000000 3.00000000 2.00000000
v 5.50000000 3.00000000 3.00000000
v 5.50000000 3.00000000 4.00000000
v 6.00000000 3.50000000 1.00000000
v 6.00000000 4.00000000 0.50000000
v 6.00000000 3.50000000 2.00000000
v 6.00000000 3.50000000 3.00000000
v 6.00000000 3.50000000 4.00000000
v 6.00000000 3.50000000 5.00000000
v 6.00000000 4.00000000 5.50000000
v 6.00000000 5.00000000 0.50000000
v 5.50000000 5.00000000 2.00000000
v 5.50000000 5.00000000 3.00000000
v 5.50000000 5.00000000 4.00000000
v 5.50000000 5.00000000 6.00000000
v 6.00000000 5.00000000 5.50000000
v 6.00000000 6.00000000 0.50000000
v 5.50000000 6.00000000 2.00000000
v 5.50000000 6.00000000 3.00000000
v 5.50000000 6.00000000 4.00000000
v 6.00000000 6.00000000 5.50000000
v 6.00000000 7.00000000 0.50000000
v 5.50000000 7.00000000 3.00000000
v 6.00000000 7.00000000 5.50000000
v 5.50000000 8.00000000 1.00000000
v 6.00000000 8.00000000 0.50000000
v 6.00000000 8.00000000 4.50000000
v 6.00000000 7.50000000 5.00000000
v 5.50000000 9.00000000 1.00000000
v 6.00000000 9.00000000 0.50000000
v 6.00000000 8.50000000 5.00000000
v 6.00000000 9.00000000 5.50000000
v 6.00000000 10.00000000 0.50000000
v 6.00000000 10.00000000 2.50000000
v 6.00000000 9.50000000 3.00000000
v 6.00000000 10.00000000 3.50000000
v 6.00000000 10.00000000 5.50000000
v 6.00000000 11.00000000 0.50000000
v 5.50000000 11.00000000 2.00000000
v 6.00000000 11.00000000 2.50000000
v 5.50000000 11.00000000 4.00000000
v 6.00000000 11.00000000 3.50000000
v 6.00000000 11.00000000 5.50000000
v 6.00000000 12.00000000 0.50000000
v 6.00000000 12.00000000 2.50000000
v 6.00000000 12.00000000 3.50000000
v 6.00000000 12.00000000 5.50000000
v 6.00000000 13.00000000 0.50000000
v 6.00000000 13.00000000 2.50000000
v 6.00000000 13.00000000 3.50000000
v 6.00000000 13.00000000 4.50000000
v 6.00000000 12.50000000 5.00000000
v 6.00000000 14.00000000 0.50000000
v 5.50000000 14.00000000 2.00000000
v 6.00000000 14.00000000 2.50000000
v 6.00000000 14.00000000 3.50000000
v 6.00000000 13.50000000 5.00000000
v 6.00000000 14.00000000 5.50000000
v 6.00000000 15.00000000 0.50000000
v 6.00000000 15.00000000 2.50000000
v 5.50000000 15.00000000 3.00000000
v 6.00000000 15.00000000 3.50000000
v 6.00000000 15.00000000 5.50000000
v 5.50000000 16.00000000 1.00000000
v 6.00000000 16.00000000 0.50000000
v 6.00000000 15.50000000 3.00000000
v 5.50000000 16.00000000 5.00000000
v 6.00000000 16.00000000 5.50000000
v 5.50000000 17.00000000 1.00000000
v 6.00000000 17.00000000 0.50000000
v 5.50000000 17.00000000 2.00000000
v 5.50000000 17.00000000 3.00000000
v 5.50000000 17.00000000 4.00000000
v 5.50000000 17.00000000 5.00000000
v 6.00000000 17.00000000 5.50000000
v 5.50000000 18.00000000 1.00000000
v 6.00000000 18.00000000 0.50000000
v 5.50000000 18.00000000 2.00000000
v 5.50000000 18.00000000 3.00000000
v 5.50000000 18.00000000 4.00000000
v 5.50000000 18.00000000 5.00000000
v 6.00000000 18.00000000 5.50000000
v 5.50000000 19.00000000 1.00000000
v 6.00000000 19.00000000 0.50000000
v 5.50000000 19.00000000 2.00000000
v 5.50000000 19.00000000 3.00000000
v 5.50000000 19.00000000 4.00000000
v 5.50000000 19.00000000 5.00000000
v 6.00000000 19.00000000 5.50000000
v 6.00000000 19.50000000 1.00000000
v 6.00000000 20.00000000 1.50000000
v 5.50000000 20.00000000 2.00000000
v 5.50000000 20.00000000 3.00000000
v 5.50000000 20.00000000 4.00000000
v 5.50000000 20.00000000 5.00000000
v 6.00000000 20.00000000 5.50000000
v 5.50000000 21.00000000 2.00000000
v 6.00000000 21.00000000 1.50000000
v 5.50000000 21.00000000 3.00000000
v 5.50000000 21.00000000 4.00000000
v 6.00000000 21.00000000 4.50000000
v 6.00000000 20.50000000 5.00000000
v 5.50000000 22.00000000 2.00000000
v 6.00000000 22.00000000 1.50000000
v 5.50000000 22.00000000 3.00000000
v 6.00000000 22.00000000 3.50000000
v 6.00000000 21.50000000 4.00000000
v 6.00000000 22.50000000 2.00000000
v 6.00000000 22.50000000 3.00000000
v 6.50000000 4.00000000 1.00000000
v 6.50000000 4.00000000 2.00000000
v 6.50000000 4.00000000 3.00000000
v 6.50000000 4.00000000 4.00000000
v 6.50000000 4.00000000 5.00000000
v 6.50000000 5.00000000 1.00000000
v 7.00000000 5.00000000 1.50000000
v 7.00000000 4.50000000 2.00000000
v 7.00000000 4.50000000 3.00000000
v 7.00000000 4.50000000 4.00000000
v 6.50000000 5.00000000 5.00000000
v 7.00000000 5.00000000 4.50000000
v 6.50000000 6.00000000 1.00000000
v 7.00000000 6.00000000 1.50000000
v 7.00000000 5.50000000 5.00000000
v 7.00000000 6.00000000 5.50000000
v 7.00000000 6.50000000 1.00000000
v 7.00000000 7.00000000 0.50000000
v 7.00000000 7.00000000 5.50000000
v 7.00000000 8.00000000 0.50000000
v 6.50000000 8.00000000 3.00000000
v 7.00000000 8.00000000 2.50000000
v 7.00000000 7.50000000 3.00000000
v 7.00000000 8.00000000 3.50000000
v 6.50000000 8.00000000 5.00000000
v 7.00000000 8.00000000 5.50000000
v 7.00000000 9.00000000 0.50000000
v 6.50000000 9.00000000 2.00000000
v 7.00000000 9.00000000 1.50000000
v 7.00000000 8.50000000 2.00000000
v 6.50000000 9.00000000 3.00000000
v 7.00000000 9.00000000 3.50000000
v 7.00000000 9.00000000 5.50000000
v 7.00000000 10.00000000 0.50000000
v 6.50000000 10.00000000 2.00000000
v 7.00000000 10.00000000 1.50000000
v 7.00000000 9.50000000 4.00000000
v 6.50000000 10.00000000 4.00000000
v 7.00000000 10.00000000 4.50000000
v 7.00000000 10.00000000 5.50000000
v 7.00000000 11.00000000 0.50000000
v 7.00000000 10.50000000 2.00000000
v 7.00000000 11.00000000 2.50000000
v 7.00000000 10.50000000 4.00000000
v 7.00000000 11.00000000 3.50000000
v 7.00000000 11.00000000 5.50000000
v 7.00000000 12.00000000 0.50000000
v 7.00000000 12.00000000 2.50000000
v 7.00000000 12.00000000 3.50000000
v 6.50000000 12.00000000 5.00000000
v 7.00000000 12.00000000 4.50000000
v 7.00000000 11.50000000 5.00000000
v 7.00000000 12.50000000 1.00000000
v 6.50000000 13.00000000 1.00000000
v 7.00000000 13.00000000 1.50000000
v 7.00000000 13.00000000 2.50000000
v 7.00000000 13.00000000 3.50000000
v 7.00000000 13.00000000 4.50000000
v 6.50000000 14.00000000 1.00000000
v 7.00000000 14.00000000 1.50000000
v 7.00000000 14.00000000 2.50000000
v 7.00000000 14.00000000 3.50000000
v 6.50000000 14.00000000 5.00000000
v 7.00000000 14.00000000 4.50000000
v 7.00000000 14.50000000 1.00000000
v 7.00000000 15.00000000 0.50000000
v 7.00000000 15.00000000 2.50000000
v 7.00000000 15.00000000 3.50000000
v 7.00000000 14.50000000 5.00000000
v 7.00000000 15.00000000 5.50000000
v 7.00000000 16.00000000 0.50000000
v 6.50000000 16.00000000 3.00000000
v 7.00000000 16.00000000 2.50000000
v 7.00000000 15.50000000 4.00000000
v 6.50000000 16.00000000 4.00000000
v 7.00000000 16.00000000 4.50000000
v 7.00000000 16.00000000 5.50000000
v 7.00000000 17.00000000 0.50000000
v 6.50000000 17.00000000 3.00000000
v 7.00000000 17.00000000 2.50000000
v 7.00000000 17.00000000 3.50000000
v 7.00000000 16.50000000 4.00000000
v 7.00000000 17.00000000 5.50000000
v 7.00000000 18.00000000 0.50000000
v 6.50000000 18.00000000 2.00000000
v 7.00000000 18.00000000 1.50000000
v 7.00000000 17.50000000 2.00000000
v 6.50000000 18.00000000 3.00000000
v 7.00000000 17.50000000 4.00000000
v 6.50000000 18.00000000 4.00000000
v 7.00000000 18.00000000 4.50000000
v 7.00000000 17.50000000 6.00000000
v 6.50000000 18.00000000 6.00000000
v 7.00000000 18.00000000 6.50000000
v 7.00000000 19.00000000 0.50000000
v 7.00000000 18.50000000 2.00000000
v 6.50000000 19.00000000 3.00000000
v 7.00000000 19.00000000 2.50000000
v 6.50000000 19.00000000 4.00000000
v 7.00000000 19.00000000 4.50000000
v 6.50000000 19.00000000 6.00000000
v 7.00000000 19.00000000 6.50000000
v 6.50000000 20.00000000 1.00000000
v 7.00000000 20.00000000 0.50000000
v 6.50000000 20.00000000 3.00000000
v 7.00000000 20.00000000 2.50000000
v 7.00000000 20.00000000 3.50000000
v 7.00000000 19.50000000 4.00000000
v 7.00000000 20.00000000 5.50000000
v 7.00000000 19.50000000 6.00000000
v 6.50000000 21.00000000 1.00000000
v 7.00000000 21.00000000 0.50000000
v 6.50000000 21.00000000 3.00000000
v 7.00000000 21.00000000 2.50000000
v 7.00000000 21.00000000 3.50000000
v 6.50000000 21.00000000 5.00000000
v 7.00000000 21.00000000 5.50000000
v 6.50000000 22.00000000 1.00000000
v 7.00000000 22.00000000 0.50000000
v 7.00000000 21.50000000 3.00000000
v 6.50000000 22.00000000 4.00000000
v 6.50000000 22.00000000 5.00000000
v 7.00000000 22.00000000 5.50000000
v 7.00000000 22.50000000 1.00000000
v 7.00000000 22.50000000 2.00000000
v 6.50000000 23.00000000 3.00000000
v 7.00000000 23.00000000 2.50000000
v 7.00000000 23.00000000 3.50000000
v 7.00000000 22.50000000 4.00000000
v 7.00000000 22.50000000 5.00000000
v 7.00000000 23.50000000 3.00000000
v 8.00000000 4.50000000 2.00000000
v 8.00000000 5.00000000 1.50000000
v 8.00000000 4.50000000 3.00000000
v 8.00000000 4.50000000 4.00000000
v 7.50000000 5.00000000 5.00000000
v 8.00000000 4.50000000 5.00000000
v 8.00000000 5.00000000 5.50000000
v 7.50000000 6.00000000 1.00000000
v 8.00000000 5.50000000 1.00000000
v 8.00000000 6.00000000 0.50000000
v 7.50000000 6.00000000 3.00000000
v 8.00000000 6.00000000 2.50000000
v 8.00000000 5.50000000 3.00000000
v 8.00000000 6.00000000 3.50000000
v 8.00000000 6.00000000 5.50000000
v 8.00000000 7.00000000 0.50000000
v 8.00000000 6.50000000 2.00000000
v 7.50000000 7.00000000 2.00000000
v 8.00000000 7.00000000 1.50000000
v 7.50000000 7.00000000 3.00000000
v 8.00000000 6.50000000 4.00000000
v 7.50000000 7.00000000 4.00000000
v 8.00000000 7.00000000 4.50000000
v 8.00000000 7.00000000 5.50000000
v 8.00000000 8.00000000 0.50000000
v 7.50000000 8.00000000 2.00000000
v 8.00000000 8.00000000 1.50000000
v 7.50000000 8.00000000 4.00000000
v 8.00000000 8.00000000 4.50000000
v 8.00000000 8.00000000 5.50000000
v 8.00000000 9.00000000 0.50000000
v 8.00000000 9.00000000 1.50000000
v 7.50000000 9.00000000 4.00000000
v 8.00000000 9.00000000 4.50000000
v 8.00000000 9.00000000 5.50000000
v 8.00000000 10.00000000 0.50000000
v 8.00000000 10.00000000 1.50000000
v 8.00000000 10.00000000 3.50000000
v 7.50000000 10.00000000 4.00000000
v 8.00000000 9.50000000 4.00000000
v 8.00000000 10.00000000 5.50000000
v 8.00000000 11.00000000 0.50000000
v 8.00000000 10.50000000 2.00000000
v 8.00000000 11.00000000 2.50000000
v 8.00000000 11.00000000 3.50000000
v 8.00000000 11.00000000 5.50000000
v 8.00000000 12.00000000 0.50000000
v 8.00000000 12.00000000 2.50000000
v 8.00000000 12.00000000 3.50000000
v 8.00000000 12.00000000 4.50000000
v 8.00000000 11.50000000 5.00000000
v 8.00000000 12.50000000 1.00000000
v 8.00000000 13.00000000 1.50000000
v 8.00000000 13.00000000 2.50000000
v 8.00000000 13.00000000 3.50000000
v 8.00000000 13.00000000 4.50000000
v 8.00000000 14.00000000 1.50000000
v 8.00000000 14.00000000 2.50000000
v 8.00000000 14.00000000 3.50000000
v 8.00000000 14.00000000 4.50000000
v 7.50000000 15.00000000 1.00000000
v 8.00000000 15.00000000 1.50000000
v 8.00000000 14.50000000 3.00000000
v 7.50000000 15.00000000 3.00000000
v 8.00000000 14.50000000 5.00000000
v 8.00000000 15.00000000 5.50000000
v 8.00000000 15.50000000 1.00000000
v 8.00000000 16.00000000 0.50000000
v 8.00000000 16.00000000 2.50000000
v 8.00000000 15.50000000 3.00000000
v 7.50000000 16.00000000 4.00000000
v 8.00000000 16.00000000 3.50000000
v 8.00000000 16.00000000 5.50000000
v 8.00000000 17.00000000 0.50000000
v 8.00000000 17.00000000 2.50000000
v 7.50000000 17.00000000 4.00000000
v 8.00000000 16.50000000 4.00000000
v 8.00000000 17.00000000 4.50000000
v 8.00000000 16.50000000 6.00000000
v 7.50000000 17.00000000 6.00000000
v 8.00000000 17.00000000 6.50000000
v 7.50000000 18.00000000 0.00000000
v 8.00000000 17.50000000 0.00000000
v 8.00000000 18.00000000 -0.50000000
v 8.00000000 18.00000000 1.50000000
v 8.00000000 17.50000000 2.00000000
v 8.00000000 18.00000000 4.50000000
v 8.00000000 18.00000000 6.50000000
v 7.50000000 19.00000000 0.00000000
v 8.00000000 19.00000000 -0.50000000
v 7.50000000 19.00000000 2.00000000
v 8.00000000 19.00000000 1.50000000
v 8.00000000 19.00000000 4.50000000
v 8.00000000 19.00000000 6.50000000
v 8.00000000 19.50000000 0.00000000
v 8.00000000 20.00000000 0.50000000
v 7.50000000 20.00000000 2.00000000
v 8.00000000 20.00000000 1.50000000
v 7.50000000 20.00000000 4.00000000
v 8.00000000 20.00000000 4.50000000
v 8.00000000 20.00000000 5.50000000
v 8.00000000 19.50000000 6.00000000
v 8.00000000 21.00000000 0.50000000
v 7.50000000 21.00000000 2.00000000
v 8.00000000 21.00000000 1.50000000
v 7.50000000 21.00000000 4.00000000
v 8.00000000 21.00000000 4.50000000
v 8.00000000 21.00000000 5.50000000
v 8.00000000 22.00000000 0.50000000
v 8.00000000 21.50000000 2.00000000
v 7.50000000 22.00000000 3.00000000
v 8.00000000 22.00000000 2.50000000
v 8.00000000 22.00000000 3.50000000
v 8.00000000 21.50000000 4.00000000
v 8.00000000 22.00000000 5.50000000
v 8.00000000 22.50000000 1.00000000
v 7.50000000 23.00000000 2.00000000
v 8.00000000 23.00000000 1.50000000
v 8.00000000 22.50000000 3.00000000
v 7.50000000 23.00000000 4.00000000
v 8.00000000 23.00000000 4.50000000
v 8.00000000 22.50000000 5.00000000
v 8.00000000 23.50000000 2.00000000
v 8.00000000 23.50000000 3.00000000
v 8.00000000 23.50000000 4.00000000
v 8.50000000 5.00000000 1.00000000
v 9.00000000 4.50000000 1.00000000
v 9.00000000 5.00000000 0.50000000
v 9.00000000 4.50000000 2.00000000
v 9.00000000 4.50000000 3.00000000
v 9.00000000 4.50000000 4.00000000
v 9.00000000 4.50000000 5.00000000
v 9.00000000 5.00000000 5.50000000
v 9.00000000 6.00000000 0.50000000
v 9.00000000 5.50000000 2.00000000
v 8.50000000 6.00000000 2.00000000
v 9.00000000 6.00000000 1.50000000
v 9.00000000 5.50000000 3.00000000
v 9.00000000 6.00000000 3.50000000
v 9.00000000 6.00000000 5.50000000
v 9.00000000 7.00000000 0.50000000
v 9.00000000 7.00000000 1.50000000
v 9.00000000 6.50000000 4.00000000
v 9.00000000 7.00000000 4.50000000
v 9.00000000 7.00000000 5.50000000
v 9.00000000 8.00000000 0.50000000
v 9.00000000 8.00000000 1.50000000
v 8.50000000 8.00000000 4.00000000
v 9.00000000 7.50000000 4.00000000
v 9.00000000 8.00000000 3.50000000
v 9.00000000 8.00000000 5.50000000
v 9.00000000 9.00000000 0.50000000
v 9.00000000 9.00000000 1.50000000
v 8.50000000 9.00000000 4.00000000
v 9.00000000 9.00000000 3.50000000
v 9.00000000 9.00000000 5.50000000
v 9.00000000 10.00000000 0.50000000
v 9.00000000 10.00000000 1.50000000
v 9.00000000 10.00000000 3.50000000
v 9.00000000 10.00000000 5.50000000
v 9.00000000 11.00000000 0.50000000
v 9.00000000 10.50000000 2.00000000
v 9.00000000 11.00000000 2.50000000
v 9.00000000 11.00000000 3.50000000
v 8.50000000 11.00000000 5.00000000
v 9.00000000 11.00000000 4.50000000
v 9.00000000 10.50000000 5.00000000
v 9.00000000 12.00000000 0.50000000
v 9.00000000 12.00000000 2.50000000
v 9.00000000 12.00000000 3.50000000
v 9.00000000 12.00000000 4.50000000
v 9.00000000 12.50000000 1.00000000
v 9.00000000 13.00000000 1.50000000
v 9.00000000 12.50000000 3.00000000
v 8.50000000 13.00000000 3.00000000
v 9.00000000 13.00000000 4.50000000
v 9.00000000 14.00000000 1.50000000
v 8.50000000 14.00000000 3.00000000
v 9.00000000 14.00000000 4.50000000
v 9.00000000 15.00000000 1.50000000
v 8.50000000 15.00000000 5.00000000
v 9.00000000 15.00000000 4.50000000
v 9.00000000 15.50000000 1.00000000
v 9.00000000 16.00000000 0.50000000
v 8.50000000 16.00000000 3.00000000
v 9.00000000 15.50000000 5.00000000
v 9.00000000 16.00000000 5.50000000
v 9.00000000 17.00000000 0.50000000
v 9.00000000 17.00000000 2.50000000
v 9.00000000 16.50000000 3.00000000
v 9.00000000 16.50000000 4.00000000
v 9.00000000 17.00000000 4.50000000
v 8.50000000 17.00000000 6.00000000
v 9.00000000 17.00000000 5.50000000
v 8.50000000 18.00000000 0.00000000
v 9.00000000 18.00000000 0.50000000
v 9.00000000 18.00000000 1.50000000
v 9.00000000 17.50000000 2.00000000
v 9.00000000 18.00000000 4.50000000
v 8.50000000 18.00000000 6.00000000
v 9.00000000 18.00000000 5.50000000
v 8.50000000 19.00000000 0.00000000
v 9.00000000 19.00000000 0.50000000
v 9.00000000 19.00000000 1.50000000
v 9.00000000 19.00000000 4.50000000
v 8.50000000 19.00000000 6.00000000
v 9.00000000 19.00000000 5.50000000
v 9.00000000 20.00000000 0.50000000
v 9.00000000 20.00000000 1.50000000
v 9.00000000 20.00000000 4.50000000
v 9.00000000 20.00000000 5.50000000
v 9.00000000 21.00000000 0.50000000
v 9.00000000 20.50000000 2.00000000
v 8.50000000 21.00000000 2.00000000
v 9.00000000 21.00000000 2.50000000
v 8.50000000 21.00000000 4.00000000
v 9.00000000 20.50000000 4.00000000
v 9.00000000 21.00000000 3.50000000
v 9.00000000 21.00000000 5.50000000
v 9.00000000 22.00000000 0.50000000
v 8.50000000 22.00000000 3.00000000
v 9.00000000 21.50000000 3.00000000
v 9.00000000 22.00000000 5.50000000
v 9.00000000 22.50000000 1.00000000
v 9.00000000 23.00000000 1.50000000
v 9.00000000 22.50000000 4.00000000
v 8.50000000 23.00000000 4.00000000
v 9.00000000 23.00000000 3.50000000
v 9.00000000 22.50000000 5.00000000
v 9.00000000 23.50000000 2.00000000
v 9.00000000 23.50000000 3.00000000
v 9.50000000 4.00000000 2.00000000
v 10.00000000 3.50000000 2.00000000
v 10.00000000 4.00000000 1.50000000
v 9.50000000 4.00000000 3.00000000
v 10.00000000 3.50000000 3.00000000
v 9.50000000 4.00000000 4.00000000
v 10.00000000 3.50000000 4.00000000
v 10.00000000 4.00000000 4.50000000
v 10.00000000 4.50000000 1.00000000
v 10.00000000 5.00000000 0.50000000
v 10.00000000 4.50000000 5.00000000
v 10.00000000 5.00000000 5.50000000
v 9.50000000 6.00000000 0.00000000
v 10.00000000 5.50000000 0.00000000
v 10.00000000 6.00000000 -0.50000000
v 10.00000000 6.00000000 1.50000000
v 10.00000000 5.50000000 2.00000000
v 10.00000000 5.50000000 3.00000000
v 10.00000000 6.00000000 3.50000000
v 10.00000000 5.50000000 6.00000000
v 9.50000000 6.00000000 6.00000000
v 10.00000000 6.00000000 6.50000000
v 9.50000000 7.00000000 0.00000000
v 10.00000000 7.00000000 -0.50000000
v 10.00000000 7.00000000 1.50000000
v 10.00000000 6.50000000 4.00000000
v 10.00000000 7.00000000 4.50000000
v 9.50000000 7.00000000 6.00000000
v 10.00000000 7.00000000 6.50000000
v 9.50000000 8.00000000 0.00000000
v 10.00000000 8.00000000 -0.50000000
v 10.00000000 8.00000000 1.50000000
v 9.50000000 8.00000000 4.00000000
v 10.00000000 8.00000000 4.50000000
v 9.50000000 8.00000000 6.00000000
v 10.00000000 8.00000000 6.50000000
v 9.50000000 9.00000000 0.00000000
v 10.00000000 9.00000000 -0.50000000
v 10.00000000 9.00000000 1.50000000
v 9.50000000 9.00000000 4.00000000
v 10.00000000 9.00000000 4.50000000
v 10.00000000 9.00000000 5.50000000
v 10.00000000 8.50000000 6.00000000
v 10.00000000 9.50000000 0.00000000
v 10.00000000 10.00000000 0.50000000
v 10.00000000 9.50000000 2.00000000
v 9.50000000 10.00000000 2.00000000
v 10.00000000 10.00000000 2.50000000
v 10.00000000 9.50000000 4.00000000
v 10.00000000 10.00000000 3.50000000
v 10.00000000 10.00000000 5.50000000
v 10.00000000 11.00000000 0.50000000
v 9.50000000 11.00000000 3.00000000
v 10.00000000 10.50000000 3.00000000
v 10.00000000 11.00000000 4.50000000
v 10.00000000 10.50000000 5.00000000
v 10.00000000 11.50000000 1.00000000
v 9.50000000 12.00000000 1.00000000
v 10.00000000 12.00000000 1.50000000
v 9.50000000 12.00000000 3.00000000
v 10.00000000 12.00000000 4.50000000
v 10.00000000 12.50000000 2.00000000
v 9.50000000 13.00000000 2.00000000
v 10.00000000 13.00000000 2.50000000
v 10.00000000 12.50000000 4.00000000
v 9.50000000 13.00000000 4.00000000
v 10.00000000 13.00000000 3.50000000
v 9.50000000 14.00000000 2.00000000
v 10.00000000 13.50000000 3.00000000
v 9.50000000 14.00000000 3.00000000
v 9.50000000 14.00000000 4.00000000
v 9.50000000 15.00000000 2.00000000
v 9.50000000 15.00000000 3.00000000
v 9.50000000 15.00000000 4.00000000
v 9.50000000 16.00000000 1.00000000
v 10.00000000 16.00000000 1.50000000
v 10.00000000 15.50000000 2.00000000
v 10.00000000 15.50000000 3.00000000
v 10.00000000 15.50000000 4.00000000
v 9.50000000 16.00000000 5.00000000
v 10.00000000 16.00000000 4.50000000
v 10.00000000 16.50000000 1.00000000
v 10.00000000 17.00000000 0.50000000
v 9.50000000 17.00000000 3.00000000
v 9.50000000 17.00000000 4.00000000
v 10.00000000 16.50000000 5.00000000
v 10.00000000 17.00000000 5.50000000
v 10.00000000 18.00000000 0.50000000
v 9.50000000 18.00000000 2.00000000
v 10.00000000 18.00000000 2.50000000
v 10.00000000 17.50000000 3.00000000
v 10.00000000 18.00000000 3.50000000
v 9.50000000 18.00000000 4.00000000
v 10.00000000 18.00000000 5.50000000
v 10.00000000 19.00000000 0.50000000
v 10.00000000 19.00000000 1.50000000
v 10.00000000 18.50000000 2.00000000
v 10.00000000 18.50000000 4.00000000
v 10.00000000 19.00000000 4.50000000
v 10.00000000 19.00000000 5.50000000
v 10.00000000 20.00000000 0.50000000
v 10.00000000 20.00000000 1.50000000
v 10.00000000 20.00000000 4.50000000
v 10.00000000 20.00000000 5.50000000
v 10.00000000 21.00000000 0.50000000
v 10.00000000 20.50000000 2.00000000
v 10.00000000 21.00000000 2.50000000
v 10.00000000 20.50000000 4.00000000
v 10.00000000 21.00000000 3.50000000
v 10.00000000 21.00000000 5.50000000
v 10.00000000 22.00000000 0.50000000
v 10.00000000 21.50000000 3.00000000
v 9.50000000 22.00000000 5.00000000
v 10.00000000 22.00000000 4.50000000
v 10.00000000 21.50000000 5.00000000
v 10.00000000 22.50000000 1.00000000
v 10.00000000 22.50000000 2.00000000
v 9.50000000 23.00000000 2.00000000
v 10.00000000 22.50000000 3.00000000
v 9.50000000 23.00000000 3.00000000
v 10.00000000 22.50000000 4.00000000
v 10.50000000 3.00000000 3.00000000
v 11.00000000 2.50000000 3.00000000
v 11.00000000 3.00000000 2.50000000
v 11.00000000 3.00000000 3.50000000
v 10.50000000 4.00000000 1.00000000
v 11.00000000 3.50000000 1.00000000
v 11.00000000 4.00000000 0.50000000
v 11.00000000 3.50000000 2.00000000
v 11.00000000 3.50000000 4.00000000
v 10.50000000 4.00000000 5.00000000
v 11.00000000 3.50000000 5.00000000
v 11.00000000 4.00000000 5.50000000
v 10.50000000 5.00000000 0.00000000
v 11.00000000 4.50000000 0.00000000
v 11.00000000 5.00000000 -0.50000000
v 10.50000000 5.00000000 3.00000000
v 11.00000000 5.00000000 2.50000000
v 11.00000000 4.50000000 3.00000000
v 11.00000000 5.00000000 3.50000000
v 11.00000000 5.00000000 5.50000000
v 11.00000000 6.00000000 -0.50000000
v 11.00000000 6.00000000 1.50000000
v 11.00000000 5.50000000 2.00000000
v 11.00000000 5.50000000 4.00000000
v 10.50000000 6.00000000 4.00000000
v 11.00000000 6.00000000 4.50000000
v 11.00000000 5.50000000 6.00000000
v 11.00000000 6.00000000 6.50000000
v 11.00000000 7.00000000 -0.50000000
v 10.50000000 7.00000000 1.00000000
v 11.00000000 7.00000000 0.50000000
v 11.00000000 6.50000000 1.00000000
v 11.00000000 6.50000000 5.00000000
v 10.50000000 7.00000000 5.00000000
v 11.00000000 7.00000000 5.50000000
v 11.00000000 7.00000000 6.50000000
v 11.00000000 8.00000000 -0.50000000
v 10.50000000 8.00000000 1.00000000
v 11.00000000 8.00000000 0.50000000
v 11.00000000 7.50000000 5.00000000
v 11.00000000 8.00000000 4.50000000
v 11.00000000 8.00000000 6.50000000
v 11.00000000 9.00000000 -0.50000000
v 11.00000000 8.50000000 1.00000000
v 11.00000000 9.00000000 1.50000000
v 10.50000000 9.00000000 4.00000000
v 11.00000000 8.50000000 4.00000000
v 11.00000000 9.00000000 3.50000000
v 10.50000000 9.00000000 6.00000000
v 11.00000000 9.00000000 6.50000000
v 11.00000000 9.50000000 0.00000000
v 11.00000000 10.00000000 0.50000000
v 11.00000000 9.50000000 2.00000000
v 10.50000000 10.00000000 3.00000000
v 11.00000000 9.50000000 3.00000000
v 11.00000000 10.00000000 5.50000000
v 11.00000000 9.50000000 6.00000000
v 11.00000000 10.50000000 1.00000000
v 10.50000000 11.00000000 1.00000000
v 11.00000000 11.00000000 1.50000000
v 11.00000000 11.00000000 4.50000000
v 11.00000000 10.50000000 5.00000000
v 11.00000000 11.50000000 2.00000000
v 10.50000000 12.00000000 2.00000000
v 11.00000000 11.50000000 3.00000000
v 10.50000000 12.00000000 3.00000000
v 11.00000000 11.50000000 4.00000000
v 10.50000000 12.00000000 4.00000000
v 10.50000000 13.00000000 3.00000000
v 10.50000000 16.00000000 2.00000000
v 10.50000000 16.00000000 3.00000000
v 10.50000000 16.00000000 4.00000000
v 10.50000000 17.00000000 1.00000000
v 11.00000000 17.00000000 1.50000000
v 11.00000000 16.50000000 2.00000000
v 11.00000000 16.50000000 3.00000000
v 11.00000000 16.50000000 4.00000000
v 10.50000000 17.00000000 5.00000000
v 11.00000000 17.00000000 4.50000000
v 11.00000000 17.50000000 1.00000000
v 11.00000000 18.00000000 0.50000000
v 10.50000000 18.00000000 3.00000000
v 11.00000000 17.50000000 5.00000000
v 11.00000000 18.00000000 5.50000000
v 11.00000000 19.00000000 0.50000000
v 10.50000000 19.00000000 2.00000000
v 11.00000000 19.00000000 2.50000000
v 11.00000000 18.50000000 3.00000000
v 10.50000000 19.00000000 4.00000000
v 11.00000000 19.00000000 3.50000000
v 11.00000000 19.00000000 5.50000000
v 11.00000000 20.00000000 0.50000000
v 11.00000000 20.00000000 1.50000000
v 11.00000000 19.50000000 2.00000000
v 11.00000000 19.50000000 4.00000000
v 11.00000000 20.00000000 4.50000000
v 11.00000000 20.00000000 5.50000000
v 11.00000000 21.00000000 0.50000000
v 10.50000000 21.00000000 2.00000000
v 11.00000000 21.00000000 1.50000000
v 11.00000000 20.50000000 4.00000000
v 11.00000000 21.00000000 3.50000000
v 11.00000000 21.00000000 5.50000000
v 11.00000000 22.00000000 0.50000000
v 11.00000000 21.50000000 2.00000000
v 11.00000000 21.50000000 3.00000000
v 11.00000000 22.00000000 4.50000000
v 11.00000000 21.50000000 5.00000000
v 11.00000000 22.50000000 1.00000000
v 10.50000000 23.00000000 2.00000000
v 11.00000000 23.00000000 1.50000000
v 10.50000000 23.00000000 3.00000000
v 11.00000000 23.00000000 3.50000000
v 11.00000000 22.50000000 4.00000000
v 11.00000000 23.50000000 2.00000000
v 11.00000000 23.50000000 3.00000000
v 11.50000000 1.00000000 3.00000000
v 12.00000000 0.50000000 3.00000000
v 12.00000000 1.00000000 2.50000000
v 12.00000000 1.00000000 3.50000000
v 11.50000000 2.00000000 2.00000000
v 12.00000000 1.50000000 2.00000000
v 12.00000000 2.00000000 1.50000000
v 11.50000000 2.00000000 3.00000000
v 12.00000000 1.50000000 4.00000000
v 11.50000000 2.00000000 4.00000000
v 11.50000000 2.00000000 5.00000000
v 12.00000000 1.50000000 5.00000000
v 12.00000000 2.00000000 5.50000000
v 11.50000000 3.00000000 2.00000000
v 12.00000000 3.00000000 1.50000000
v 11.50000000 3.00000000 4.00000000
v 11.50000000 3.00000000 5.00000000
v 12.00000000 3.00000000 5.50000000
v 12.00000000 3.50000000 1.00000000
v 12.00000000 4.00000000 0.50000000
v 12.00000000 4.00000000 5.50000000
v 12.00000000 4.50000000 0.00000000
v 12.00000000 5.00000000 -0.50000000
v 11.50000000 5.00000000 2.00000000
v 12.00000000 5.00000000 1.50000000
v 12.00000000 4.50000000 2.00000000
v 12.00000000 4.50000000 3.00000000
v 12.00000000 4.50000000 4.00000000
v 11.50000000 5.00000000 4.00000000
v 12.00000000 5.00000000 4.50000000
v 12.00000000 5.00000000 5.50000000
v 12.00000000 6.00000000 -0.50000000
v 11.50000000 6.00000000 1.00000000
v 12.00000000 6.00000000 0.50000000
v 12.00000000 5.50000000 1.00000000
v 12.00000000 6.00000000 4.50000000
v 12.00000000 5.50000000 6.00000000
v 12.00000000 6.00000000 6.50000000
v 12.00000000 7.00000000 -0.50000000
v 12.00000000 7.00000000 0.50000000
v 12.00000000 6.50000000 5.00000000
v 12.00000000 7.00000000 5.50000000
v 12.00000000 7.00000000 6.50000000
v 12.00000000 8.00000000 -0.50000000
v 12.00000000 8.00000000 0.50000000
v 11.50000000 8.00000000 5.00000000
v 12.00000000 8.00000000 5.50000000
v 12.00000000 8.00000000 6.50000000
v 12.00000000 9.00000000 -0.50000000
v 12.00000000 8.50000000 1.00000000
v 12.00000000 9.00000000 1.50000000
v 11.50000000 9.00000000 4.00000000
v 12.00000000 9.00000000 4.50000000
v 12.00000000 8.50000000 5.00000000
v 12.00000000 9.00000000 6.50000000
v 12.00000000 9.50000000 0.00000000
v 12.00000000 10.00000000 0.50000000
v 12.00000000 9.50000000 2.00000000
v 12.00000000 9.50000000 3.00000000
v 12.00000000 9.50000000 4.00000000
v 12.00000000 10.00000000 5.50000000
v 12.00000000 9.50000000 6.00000000
v 12.00000000 10.50000000 1.00000000
v 12.00000000 10.50000000 2.00000000
v 11.50000000 11.00000000 2.00000000
v 12.00000000 10.50000000 3.00000000
v 11.50000000 11.00000000 3.00000000
v 12.00000000 10.50000000 4.00000000
v 11.50000000 11.00000000 4.00000000
v 12.00000000 10.50000000 5.00000000
v 11.50000000 17.00000000 2.00000000
v 11.50000000 17.00000000 3.00000000
v 11.50000000 17.00000000 4.00000000
v 12.00000000 17.50000000 1.00000000
v 12.00000000 18.00000000 0.50000000
v 12.00000000 17.50000000 2.00000000
v 12.00000000 17.50000000 3.00000000
v 12.00000000 17.50000000 4.00000000
v 11.50000000 18.00000000 5.00000000
v 12.00000000 18.00000000 4.50000000
v 12.00000000 19.00000000 0.50000000
v 12.00000000 19.00000000 2.50000000
v 12.00000000 18.50000000 3.00000000
v 12.00000000 19.00000000 3.50000000
v 12.00000000 18.50000000 5.00000000
v 12.00000000 19.00000000 5.50000000
v 12.00000000 20.00000000 0.50000000
v 12.00000000 20.00000000 1.50000000
v 12.00000000 19.50000000 2.00000000
v 12.00000000 19.50000000 4.00000000
v 12.00000000 20.00000000 4.50000000
v 12.00000000 20.00000000 5.50000000
v 12.00000000 21.00000000 0.50000000
v 12.00000000 21.00000000 1.50000000
v 12.00000000 20.50000000 4.00000000
v 12.00000000 21.00000000 3.50000000
v 12.00000000 21.00000000 5.50000000
v 12.00000000 22.00000000 0.50000000
v 12.00000000 21.50000000 2.00000000
v 12.00000000 21.50000000 3.00000000
v 12.00000000 22.00000000 4.50000000
v 12.00000000 21.50000000 5.00000000
v 12.00000000 22.50000000 1.00000000
v 12.00000000 22.50000000 2.00000000
v 11.50000000 23.00000000 2.00000000
v 12.00000000 23.00000000 2.50000000
v 12.00000000 23.00000000 3.50000000
v 12.00000000 22.50000000 4.00000000
v 12.00000000 23.50000000 3.00000000
v 12.50000000 1.00000000 1.00000000
v 13.00000000 0.50000000 1.00000000
v 13.00000000 1.00000000 0.50000000
v 12.50000000 1.00000000 2.00000000
v 13.00000000 0.50000000 2.00000000
v 13.00000000 0.50000000 3.00000000
v 12.50000000 1.00000000 4.00000000
v 13.00000000 0.50000000 4.00000000
v 12.50000000 1.00000000 5.00000000
v 13.00000000 0.50000000 5.00000000
v 13.00000000 1.00000000 5.50000000
v 12.50000000 2.00000000 1.00000000
v 13.00000000 2.00000000 0.50000000
v 13.00000000 2.00000000 5.50000000
v 12.50000000 3.00000000 1.00000000
v 13.00000000 3.00000000 0.50000000
v 12.50000000 3.00000000 3.00000000
v 13.00000000 3.00000000 2.50000000
v 13.00000000 2.50000000 3.00000000
v 13.00000000 2.50000000 4.00000000
v 12.50000000 3.00000000 4.00000000
v 13.00000000 3.00000000 4.50000000
v 13.00000000 3.00000000 5.50000000
v 13.00000000 4.00000000 0.50000000
v 12.50000000 4.00000000 3.00000000
v 13.00000000 4.00000000 2.50000000
v 12.50000000 4.00000000 4.00000000
v 13.00000000 4.00000000 4.50000000
v 13.00000000 4.00000000 5.50000000
v 13.00000000 4.50000000 0.00000000
v 13.00000000 5.00000000 -0.50000000
v 13.00000000 5.00000000 1.50000000
v 13.00000000 4.50000000 2.00000000
v 12.50000000 4.50000000 3.50000000
v 12.50000000 5.00000000 4.00000000
v 13.00000000 5.00000000 3.50000000
v 13.00000000 4.50000000 4.00000000
v 13.00000000 5.00000000 5.50000000
v 13.00000000 6.00000000 -0.50000000
v 12.50000000 6.00000000 1.00000000
v 13.00000000 6.00000000 1.50000000
v 13.00000000 5.50000000 4.00000000
v 13.00000000 6.00000000 4.50000000
v 13.00000000 5.50000000 6.00000000
v 13.00000000 6.00000000 6.50000000
v 13.00000000 7.00000000 -0.50000000
v 13.00000000 7.00000000 0.50000000
v 13.00000000 6.50000000 1.00000000
v 12.50000000 7.00000000 5.00000000
v 13.00000000 7.00000000 4.50000000
v 13.00000000 7.00000000 6.50000000
v 13.00000000 8.00000000 -0.50000000
v 13.00000000 8.00000000 0.50000000
v 12.50000000 8.00000000 5.00000000
v 13.00000000 8.00000000 4.50000000
v 13.00000000 8.00000000 6.50000000
v 13.00000000 9.00000000 -0.50000000
v 13.00000000 8.50000000 1.00000000
v 12.50000000 9.00000000 2.00000000
v 13.00000000 8.50000000 2.00000000
v 13.00000000 9.00000000 2.50000000
v 12.50000000 9.00000000 4.00000000
v 13.00000000 8.50000000 4.00000000
v 13.00000000 9.00000000 3.50000000
v 13.00000000 9.00000000 6.50000000
v 13.00000000 9.50000000 0.00000000
v 13.00000000 10.00000000 0.50000000
v 13.00000000 9.50000000 3.00000000
v 13.00000000 10.00000000 5.50000000
v 13.00000000 9.50000000 6.00000000
v 13.00000000 10.50000000 1.00000000
v 13.00000000 10.50000000 2.00000000
v 13.00000000 10.50000000 3.00000000
v 13.00000000 10.50000000 4.00000000
v 13.00000000 10.50000000 5.00000000
v 13.00000000 17.50000000 1.00000000
v 13.00000000 18.00000000 0.50000000
v 13.00000000 17.50000000 2.00000000
v 13.00000000 17.50000000 3.00000000
v 13.00000000 17.50000000 4.00000000
v 12.50000000 18.00000000 5.00000000
v 13.00000000 17.50000000 5.00000000
v 13.00000000 18.00000000 5.50000000
v 13.00000000 19.00000000 0.50000000
v 12.50000000 19.00000000 2.00000000
v 13.00000000 19.00000000 1.50000000
v 13.00000000 18.50000000 2.00000000
v 13.00000000 18.50000000 3.00000000
v 13.00000000 19.00000000 3.50000000
v 13.00000000 19.00000000 5.50000000
v 13.00000000 20.00000000 0.50000000
v 13.00000000 20.00000000 1.50000000
v 13.00000000 19.50000000 4.00000000
v 13.00000000 20.00000000 4.50000000
v 13.00000000 20.00000000 5.50000000
v 13.00000000 21.00000000 0.50000000
v 13.00000000 20.50000000 2.00000000
v 12.50000000 21.00000000 2.00000000
v 12.50000000 21.00000000 3.00000000
v 13.00000000 20.50000000 3.00000000
v 13.00000000 20.50000000 4.00000000
v 13.00000000 21.00000000 5.50000000
v 13.00000000 22.00000000 0.50000000
v 13.00000000 22.00000000 4.50000000
v 13.00000000 21.50000000 5.00000000
v 13.00000000 22.50000000 1.00000000
v 13.00000000 22.50000000 2.00000000
v 13.00000000 22.50000000 3.00000000
v 12.50000000 23.00000000 3.00000000
v 13.00000000 22.50000000 4.00000000
v 14.00000000 0.50000000 1.00000000
v 14.00000000 1.00000000 0.50000000
v 14.00000000 0.50000000 2.00000000
v 14.00000000 0.50000000 3.00000000
v 14.00000000 0.50000000 4.00000000
v 14.00000000 0.50000000 5.00000000
v 14.00000000 1.00000000 5.50000000
v 13.50000000 2.00000000 0.00000000
v 14.00000000 1.50000000 0.00000000
v 14.00000000 2.00000000 -0.50000000
v 13.50000000 2.00000000 2.00000000
v 14.00000000 2.00000000 1.50000000
v 14.00000000 1.50000000 2.00000000
v 14.00000000 1.50000000 3.00000000
v 13.50000000 2.00000000 3.00000000
v 14.00000000 1.50000000 4.00000000
v 13.50000000 2.00000000 4.00000000
v 14.00000000 2.00000000 4.50000000
v 14.00000000 2.00000000 5.50000000
v 13.50000000 3.00000000 0.00000000
v 14.00000000 3.00000000 -0.50000000
v 13.50000000 3.00000000 2.00000000
v 14.00000000 3.00000000 1.50000000
v 14.00000000 3.00000000 4.50000000
v 14.00000000 2.50000000 6.00000000
v 13.50000000 3.00000000 6.00000000
v 14.00000000 3.00000000 6.50000000
v 13.50000000 4.00000000 0.00000000
v 14.00000000 4.00000000 -0.50000000
v 13.50000000 4.00000000 2.00000000
v 14.00000000 4.00000000 1.50000000
v 14.00000000 4.00000000 4.50000000
v 13.50000000 4.00000000 6.00000000
v 14.00000000 4.00000000 6.50000000
v 13.50000000 5.00000000 0.00000000
v 14.00000000 4.50000000 0.00000000
v 14.00000000 5.00000000 0.50000000
v 13.50000000 5.00000000 2.00000000
v 14.00000000 4.50000000 2.00000000
v 14.00000000 5.00000000 2.50000000
v 14.00000000 4.50000000 4.00000000
v 14.00000000 5.00000000 3.50000000
v 14.00000000 5.00000000 5.50000000
v 14.00000000 4.50000000 6.00000000
v 14.00000000 5.50000000 0.00000000
v 14.00000000 6.00000000 -0.50000000
v 13.50000000 6.00000000 2.00000000
v 14.00000000 6.00000000 2.50000000
v 13.50000000 6.00000000 4.00000000
v 14.00000000 6.00000000 3.50000000
v 13.50000000 6.00000000 6.00000000
v 14.00000000 6.00000000 5.50000000
v 14.00000000 7.00000000 -0.50000000
v 13.50000000 7.00000000 1.00000000
v 14.00000000 7.00000000 1.50000000
v 14.00000000 6.50000000 2.00000000
v 14.00000000 6.50000000 4.00000000
v 14.00000000 7.00000000 4.50000000
v 13.50000000 7.00000000 6.00000000
v 14.00000000 7.00000000 5.50000000
v 14.00000000 8.00000000 -0.50000000
v 13.50000000 8.00000000 1.00000000
v 14.00000000 7.50000000 2.00000000
v 13.50000000 8.00000000 2.00000000
v 14.00000000 8.00000000 2.50000000
v 13.50000000 8.00000000 4.00000000
v 14.00000000 7.50000000 4.00000000
v 14.00000000 8.00000000 3.50000000
v 13.50000000 8.00000000 6.00000000
v 14.00000000 8.00000000 5.50000000
v 14.00000000 9.00000000 -0.50000000
v 13.50000000 9.00000000 3.00000000
v 14.00000000 8.50000000 3.00000000
v 13.50000000 9.00000000 6.00000000
v 14.00000000 9.00000000 5.50000000
v 14.00000000 9.50000000 0.00000000
v 14.00000000 9.50000000 1.00000000
v 13.50000000 10.00000000 1.00000000
v 14.00000000 10.00000000 1.50000000
v 13.50000000 10.00000000 5.00000000
v 14.00000000 10.00000000 4.50000000
v 14.00000000 9.50000000 5.00000000
v 14.00000000 10.50000000 2.00000000
v 14.00000000 10.50000000 3.00000000
v 14.00000000 10.50000000 4.00000000
v 13.50000000 17.00000000 2.00000000
v 14.00000000 16.50000000 2.00000000
v 14.00000000 17.00000000 1.50000000
v 13.50000000 17.00000000 3.00000000
v 14.00000000 16.50000000 3.00000000
v 13.50000000 17.00000000 4.00000000
v 14.00000000 16.50000000 4.00000000
v 14.00000000 17.00000000 4.50000000
v 14.00000000 17.50000000 1.00000000
v 14.00000000 18.00000000 0.50000000
v 14.00000000 18.00000000 4.50000000
v 13.50000000 18.00000000 5.00000000
v 14.00000000 19.00000000 0.50000000
v 13.50000000 19.00000000 2.00000000
v 14.00000000 19.00000000 2.50000000
v 14.00000000 18.50000000 3.00000000
v 14.00000000 19.00000000 3.50000000
v 14.00000000 18.50000000 5.00000000
v 14.00000000 19.00000000 5.50000000
v 14.00000000 20.00000000 0.50000000
v 13.50000000 20.00000000 2.00000000
v 14.00000000 20.00000000 2.50000000
v 13.50000000 20.00000000 4.00000000
v 14.00000000 20.00000000 3.50000000
v 14.00000000 20.00000000 5.50000000
v 14.00000000 21.00000000 0.50000000
v 14.00000000 20.50000000 3.00000000
v 14.00000000 21.00000000 5.50000000
v 14.00000000 21.50000000 1.00000000
v 13.50000000 22.00000000 1.00000000
v 14.00000000 21.50000000 2.00000000
v 13.50000000 22.00000000 2.00000000
v 14.00000000 21.50000000 3.00000000
v 13.50000000 22.00000000 3.00000000
v 14.00000000 21.50000000 4.00000000
v 13.50000000 22.00000000 4.00000000
v 14.00000000 21.50000000 5.00000000
v 15.00000000 0.50000000 1.00000000
v 15.00000000 1.00000000 0.50000000
v 15.00000000 0.50000000 2.00000000
v 15.00000000 0.50000000 3.00000000
v 15.00000000 0.50000000 4.00000000
v 15.00000000 0.50000000 5.00000000
v 15.00000000 1.00000000 5.50000000
v 15.00000000 1.50000000 0.00000000
v 15.00000000 2.00000000 -0.50000000
v 15.00000000 2.00000000 1.50000000
v 15.00000000 1.50000000 2.00000000
v 15.00000000 1.50000000 3.00000000
v 15.00000000 1.50000000 4.00000000
v 15.00000000 2.00000000 4.50000000
v 15.00000000 2.00000000 5.50000000
v 15.00000000 3.00000000 -0.50000000
v 15.00000000 3.00000000 1.50000000
v 15.00000000 3.00000000 4.50000000
v 15.00000000 2.50000000 6.00000000
v 15.00000000 3.00000000 6.50000000
v 15.00000000 4.00000000 -0.50000000
v 15.00000000 4.00000000 1.50000000
v 15.00000000 4.00000000 4.50000000
v 15.00000000 4.00000000 6.50000000
v 15.00000000 4.50000000 0.00000000
v 15.00000000 5.00000000 0.50000000
v 15.00000000 4.50000000 2.00000000
v 14.50000000 5.00000000 3.00000000
v 15.00000000 4.50000000 3.00000000
v 15.00000000 4.50000000 4.00000000
v 15.00000000 5.00000000 5.50000000
v 15.00000000 4.50000000 6.00000000
v 14.50000000 6.00000000 0.00000000
v 15.00000000 6.00000000 0.50000000
v 14.50000000 6.00000000 3.00000000
v 14.50000000 6.00000000 5.00000000
v 15.00000000 6.00000000 4.50000000
v 15.00000000 5.50000000 5.00000000
v 14.50000000 7.00000000 0.00000000
v 15.00000000 7.00000000 0.50000000
v 14.50000000 7.00000000 2.00000000
v 14.50000000 7.00000000 3.00000000
v 14.50000000 7.00000000 4.00000000
v 15.00000000 6.50000000 5.00000000
v 15.00000000 7.00000000 5.50000000
v 14.50000000 8.00000000 0.00000000
v 15.00000000 8.00000000 0.50000000
v 14.50000000 8.00000000 3.00000000
v 15.00000000 7.50000000 5.00000000
v 14.50000000 8.00000000 5.00000000
v 15.00000000 8.00000000 4.50000000
v 14.50000000 9.00000000 0.00000000
v 15.00000000 8.50000000 1.00000000
v 14.50000000 9.00000000 1.00000000
v 15.00000000 9.00000000 1.50000000
v 14.50000000 9.00000000 5.00000000
v 15.00000000 9.00000000 4.50000000
v 15.00000000 9.50000000 2.00000000
v 14.50000000 10.00000000 2.00000000
v 15.00000000 9.50000000 3.00000000
v 14.50000000 10.00000000 3.00000000
v 15.00000000 9.50000000 4.00000000
v 14.50000000 10.00000000 4.00000000
v 14.50000000 16.00000000 2.00000000
v 15.00000000 15.50000000 2.00000000
v 15.00000000 16.00000000 1.50000000
v 14.50000000 16.00000000 3.00000000
v 15.00000000 15.50000000 3.00000000
v 14.50000000 16.00000000 4.00000000
v 15.00000000 15.50000000 4.00000000
v 15.00000000 16.00000000 4.50000000
v 15.00000000 17.00000000 1.50000000
v 15.00000000 17.00000000 4.50000000
v 14.50000000 18.00000000 1.00000000
v 15.00000000 18.00000000 1.50000000
v 14.50000000 18.00000000 3.00000000
v 15.00000000 18.00000000 2.50000000
v 15.00000000 17.50000000 3.00000000
v 15.00000000 18.00000000 3.50000000
v 15.00000000 18.00000000 4.50000000
v 15.00000000 18.50000000 1.00000000
v 15.00000000 19.00000000 0.50000000
v 14.50000000 19.00000000 3.00000000
v 15.00000000 18.50000000 3.00000000
v 14.50000000 19.00000000 5.00000000
v 15.00000000 19.00000000 4.50000000
v 15.00000000 20.00000000 0.50000000
v 14.50000000 20.00000000 3.00000000
v 14.50000000 20.00000000 5.00000000
v 15.00000000 20.00000000 4.50000000
v 15.00000000 20.50000000 1.00000000
v 14.50000000 21.00000000 1.00000000
v 15.00000000 21.00000000 1.50000000
v 14.50000000 21.00000000 5.00000000
v 15.00000000 21.00000000 4.50000000
v 15.00000000 21.50000000 2.00000000
v 15.00000000 21.50000000 3.00000000
v 15.00000000 21.50000000 4.00000000
v 16.00000000 0.50000000 1.00000000
v 16.00000000 1.00000000 0.50000000
v 16.00000000 0.50000000 2.00000000
v 16.00000000 0.50000000 3.00000000
v 16.00000000 0.50000000 4.00000000
v 16.00000000 0.50000000 5.00000000
v 16.00000000 1.00000000 5.50000000
v 15.50000000 2.00000000 0.00000000
v 16.00000000 2.00000000 0.50000000
v 15.50000000 2.00000000 2.00000000
v 16.00000000 2.00000000 2.50000000
v 16.00000000 1.50000000 3.00000000
v 15.50000000 2.00000000 4.00000000
v 16.00000000 2.00000000 3.50000000
v 16.00000000 2.00000000 5.50000000
v 16.00000000 2.50000000 0.00000000
v 16.00000000 3.00000000 -0.50000000
v 16.00000000 3.00000000 1.50000000
v 16.00000000 2.50000000 2.00000000
v 16.00000000 2.50000000 4.00000000
v 16.00000000 3.00000000 4.50000000
v 15.50000000 3.00000000 6.00000000
v 16.00000000 3.00000000 5.50000000
v 16.00000000 4.00000000 -0.50000000
v 16.00000000 4.00000000 1.50000000
v 16.00000000 4.00000000 4.50000000
v 15.50000000 4.00000000 6.00000000
v 16.00000000 4.00000000 5.50000000
v 16.00000000 4.50000000 0.00000000
v 16.00000000 5.00000000 0.50000000
v 16.00000000 4.50000000 2.00000000
v 16.00000000 4.50000000 3.00000000
v 16.00000000 4.50000000 4.00000000
v 16.00000000 5.00000000 5.50000000
v 16.00000000 5.50000000 1.00000000
v 15.50000000 6.00000000 1.00000000
v 16.00000000 5.50000000 2.00000000
v 15.50000000 6.00000000 2.00000000
v 16.00000000 6.00000000 2.50000000
v 15.50000000 6.00000000 4.00000000
v 16.00000000 6.00000000 3.50000000
v 16.00000000 5.50000000 4.00000000
v 16.00000000 5.50000000 5.00000000
v 15.50000000 7.00000000 1.00000000
v 15.50000000 7.00000000 2.00000000
v 16.00000000 6.50000000 3.00000000
v 15.50000000 7.00000000 3.00000000
v 15.50000000 7.00000000 4.00000000
v 15.50000000 7.00000000 5.00000000
v 15.50000000 8.00000000 1.00000000
v 15.50000000 8.00000000 2.00000000
v 15.50000000 8.00000000 3.00000000
v 15.50000000 8.00000000 4.00000000
v 15.50000000 9.00000000 2.00000000
v 15.50000000 9.00000000 3.00000000
v 15.50000000 9.00000000 4.00000000
v 16.00000000 15.50000000 2.00000000
v 16.00000000 16.00000000 1.50000000
v 16.00000000 15.50000000 3.00000000
v 16.00000000 15.50000000 4.00000000
v 16.00000000 16.00000000 4.50000000
v 15.50000000 17.00000000 1.00000000
v 16.00000000 16.50000000 1.00000000
v 16.00000000 17.00000000 0.50000000
v 15.50000000 17.00000000 3.00000000
v 16.00000000 17.00000000 2.50000000
v 16.00000000 16.50000000 3.00000000
v 16.00000000 17.00000000 3.50000000
v 16.00000000 17.00000000 4.50000000
v 15.50000000 18.00000000 1.00000000
v 16.00000000 18.00000000 0.50000000
v 16.00000000 18.00000000 2.50000000
v 16.00000000 18.00000000 3.50000000
v 16.00000000 18.00000000 4.50000000
v 15.50000000 19.00000000 1.00000000
v 16.00000000 18.50000000 1.00000000
v 16.00000000 19.00000000 1.50000000
v 16.00000000 18.50000000 3.00000000
v 16.00000000 19.00000000 4.50000000
v 15.50000000 20.00000000 1.00000000
v 16.00000000 20.00000000 1.50000000
v 16.00000000 20.00000000 4.50000000
v 16.00000000 20.50000000 2.00000000
v 15.50000000 21.00000000 2.00000000
v 16.00000000 21.00000000 2.50000000
v 15.50000000 21.00000000 4.00000000
v 16.00000000 21.00000000 3.50000000
v 16.00000000 20.50000000 4.00000000
v 16.00000000 21.50000000 3.00000000
v 15.50000000 31.00000000 1.00000000
v 16.00000000 30.50000000 1.00000000
v 16.00000000 31.00000000 0.50000000
v 15.50000000 31.00000000 2.00000000
v 16.00000000 30.50000000 2.00000000
v 15.50000000 31.00000000 3.00000000
v 16.00000000 30.50000000 3.00000000
v 15.50000000 31.00000000 4.00000000
v 16.00000000 30.50000000 4.00000000
v 16.00000000 31.00000000 4.50000000
v 15.50000000 32.00000000 1.00000000
v 16.00000000 32.00000000 0.50000000
v 15.50000000 32.00000000 2.00000000
v 15.50000000 32.00000000 3.00000000
v 15.50000000 32.00000000 4.00000000
v 16.00000000 31.50000000 5.00000000
v 15.50000000 32.00000000 5.00000000
v 16.00000000 32.00000000 5.50000000
v 15.50000000 33.00000000 1.00000000
v 16.00000000 33.00000000 0.50000000
v 15.50000000 33.00000000 2.00000000
v 15.50000000 33.00000000 3.00000000
v 15.50000000 33.00000000 4.00000000
v 15.50000000 33.00000000 5.00000000
v 16.00000000 33.00000000 5.50000000
v 15.50000000 34.00000000 1.00000000
v 16.00000000 34.00000000 0.50000000
v 15.50000000 34.00000000 2.00000000
v 15.50000000 34.00000000 3.00000000
v 15.50000000 34.00000000 4.00000000
v 15.50000000 34.00000000 5.00000000
v 16.00000000 34.00000000 5.50000000
v 16.00000000 34.50000000 1.00000000
v 16.00000000 35.00000000 1.50000000
v 15.50000000 35.00000000 2.00000000
v 15.50000000 35.00000000 3.00000000
v 15.50000000 35.00000000 4.00000000
v 16.00000000 35.00000000 4.50000000
v 16.00000000 34.50000000 5.00000000
v 16.00000000 35.50000000 2.00000000
v 16.00000000 35.50000000 3.00000000
v 16.00000000 35.50000000 4.00000000
v 16.50000000 1.00000000 1.00000000
v 17.00000000 1.00000000 1.50000000
v 17.00000000 0.50000000 2.00000000
v 17.00000000 0.50000000 3.00000000
v 17.00000000 0.50000000 4.00000000
v 16.50000000 1.00000000 5.00000000
v 17.00000000 1.00000000 4.50000000
v 17.00000000 1.50000000 1.00000000
v 17.00000000 2.00000000 0.50000000
v 17.00000000 2.00000000 2.50000000
v 17.00000000 1.50000000 3.00000000
v 17.00000000 2.00000000 3.50000000
v 17.00000000 1.50000000 5.00000000
v 17.00000000 2.00000000 5.50000000
v 16.50000000 3.00000000 0.00000000
v 17.00000000 3.00000000 0.50000000
v 17.00000000 3.00000000 1.50000000
v 17.00000000 2.50000000 2.00000000
v 16.50000000 3.00000000 4.00000000
v 17.00000000 3.00000000 3.50000000
v 17.00000000 3.00000000 5.50000000
v 16.50000000 4.00000000 0.00000000
v 17.00000000 4.00000000 0.50000000
v 17.00000000 4.00000000 1.50000000
v 16.50000000 4.00000000 4.00000000
v 17.00000000 4.00000000 3.50000000
v 17.00000000 4.00000000 5.50000000
v 17.00000000 5.00000000 0.50000000
v 17.00000000 4.50000000 2.00000000
v 17.00000000 4.50000000 3.00000000
v 17.00000000 5.00000000 5.50000000
v 17.00000000 5.50000000 1.00000000
v 17.00000000 5.50000000 2.00000000
v 17.00000000 6.00000000 2.50000000
v 17.00000000 6.00000000 3.50000000
v 17.00000000 5.50000000 4.00000000
v 17.00000000 5.50000000 5.00000000
v 17.00000000 6.50000000 3.00000000
v 17.00000000 15.50000000 2.00000000
v 17.00000000 16.00000000 1.50000000
v 17.00000000 15.50000000 3.00000000
v 17.00000000 15.50000000 4.00000000
v 17.00000000 16.00000000 4.50000000
v 16.50000000 17.00000000 1.00000000
v 17.00000000 17.00000000 1.50000000
v 16.50000000 17.00000000 3.00000000
v 17.00000000 17.00000000 4.50000000
v 16.50000000 18.00000000 1.00000000
v 17.00000000 18.00000000 1.50000000
v 17.00000000 18.00000000 2.50000000
v 17.00000000 17.50000000 3.00000000
v 17.00000000 18.00000000 3.50000000
v 17.00000000 18.00000000 4.50000000
v 17.00000000 19.00000000 1.50000000
v 16.50000000 19.00000000 3.00000000
v 17.00000000 19.00000000 2.50000000
v 17.00000000 19.00000000 3.50000000
v 17.00000000 19.00000000 4.50000000
v 17.00000000 20.00000000 1.50000000
v 17.00000000 19.50000000 3.00000000
v 17.00000000 20.00000000 4.50000000
v 16.50000000 21.00000000 2.00000000
v 17.00000000 21.00000000 1.50000000
v 16.50000000 21.00000000 4.00000000
v 17.00000000 21.00000000 4.50000000
v 16.50000000 22.00000000 2.00000000
v 17.00000000 22.00000000 1.50000000
v 16.50000000 22.00000000 3.00000000
v 16.50000000 22.00000000 4.00000000
v 17.00000000 22.00000000 4.50000000
v 17.00000000 22.50000000 2.00000000
v 17.00000000 22.50000000 3.00000000
v 17.00000000 22.50000000 4.00000000
v 16.50000000 30.00000000 1.00000000
v 17.00000000 29.50000000 1.00000000
v 17.00000000 30.00000000 0.50000000
v 16.50000000 30.00000000 2.00000000
v 17.00000000 29.50000000 2.00000000
v 16.50000000 30.00000000 3.00000000
v 17.00000000 29.50000000 3.00000000
v 16.50000000 30.00000000 4.00000000
v 17.00000000 29.50000000 4.00000000
v 17.00000000 30.00000000 4.50000000
v 17.00000000 31.00000000 0.50000000
v 16.50000000 31.00000000 5.00000000
v 17.00000000 30.50000000 5.00000000
v 17.00000000 31.00000000 5.50000000
v 16.50000000 32.00000000 0.00000000
v 17.00000000 31.50000000 0.00000000
v 17.00000000 32.00000000 -0.50000000
v 16.50000000 32.00000000 2.00000000
v 17.00000000 32.00000000 1.50000000
v 17.00000000 31.50000000 2.00000000
v 17.00000000 31.50000000 3.00000000
v 16.50000000 32.00000000 3.00000000
v 17.00000000 31.50000000 4.00000000
v 16.50000000 32.00000000 4.00000000
v 17.00000000 32.00000000 4.50000000
v 16.50000000 32.00000000 6.00000000
v 17.00000000 31.50000000 6.00000000
v 17.00000000 32.00000000 6.50000000
v 16.50000000 33.00000000 0.00000000
v 17.00000000 33.00000000 -0.50000000
v 16.50000000 33.00000000 2.00000000
v 17.00000000 33.00000000 1.50000000
v 16.50000000 33.00000000 3.00000000
v 16.50000000 33.00000000 4.00000000
v 17.00000000 33.00000000 4.50000000
v 16.50000000 33.00000000 6.00000000
v 17.00000000 33.00000000 6.50000000
v 16.50000000 34.00000000 0.00000000
v 17.00000000 34.00000000 -0.50000000
v 17.00000000 33.50000000 2.00000000
v 16.50000000 34.00000000 3.00000000
v 17.00000000 34.00000000 2.50000000
v 16.50000000 34.00000000 4.00000000
v 17.00000000 34.00000000 4.50000000
v 16.50000000 34.00000000 6.00000000
v 17.00000000 34.00000000 6.50000000
v 17.00000000 34.50000000 0.00000000
v 16.50000000 35.00000000 1.00000000
v 17.00000000 35.00000000 0.50000000
v 17.00000000 34.50000000 3.00000000
v 17.00000000 34.50000000 4.00000000
v 16.50000000 35.00000000 5.00000000
v 17.00000000 35.00000000 5.50000000
v 17.00000000 34.50000000 6.00000000
v 17.00000000 35.50000000 1.00000000
v 17.00000000 35.50000000 2.00000000
v 17.00000000 35.50000000 3.00000000
v 17.00000000 35.50000000 4.00000000
v 17.00000000 35.50000000 5.00000000
v 17.50000000 0.00000000 2.00000000
v 18.00000000 -0.50000000 2.00000000
v 18.00000000 0.00000000 1.50000000
v 17.50000000 0.00000000 3.00000000
v 18.00000000 -0.50000000 3.00000000
v 17.50000000 0.00000000 4.00000000
v 18.00000000 -0.50000000 4.00000000
v 18.00000000 0.00000000 4.50000000
v 17.50000000 1.00000000 1.00000000
v 18.00000000 0.50000000 1.00000000
v 18.00000000 1.00000000 0.50000000
v 17.50000000 1.00000000 5.00000000
v 18.00000000 0.50000000 5.00000000
v 18.00000000 1.00000000 5.50000000
v 18.00000000 2.00000000 0.50000000
v 18.00000000 1.50000000 2.00000000
v 17.50000000 2.00000000 2.00000000
v 18.00000000 2.00000000 1.50000000
v 18.00000000 1.50000000 3.00000000
v 18.00000000 2.00000000 3.50000000
v 18.00000000 2.00000000 5.50000000
v 18.00000000 3.00000000 0.50000000
v 18.00000000 3.00000000 1.50000000
v 18.00000000 3.00000000 3.50000000
v 18.00000000 3.00000000 5.50000000
v 18.00000000 4.00000000 0.50000000
v 18.00000000 3.50000000 2.00000000
v 17.50000000 4.00000000 2.00000000
v 18.00000000 4.00000000 2.50000000
v 18.00000000 4.00000000 3.50000000
v 18.00000000 4.00000000 5.50000000
v 18.00000000 5.00000000 0.50000000
v 18.00000000 4.50000000 3.00000000
v 17.50000000 5.00000000 5.00000000
v 18.00000000 5.00000000 4.50000000
v 18.00000000 4.50000000 5.00000000
v 18.00000000 5.50000000 1.00000000
v 18.00000000 5.50000000 2.00000000
v 18.00000000 5.50000000 3.00000000
v 17.50000000 6.00000000 3.00000000
v 18.00000000 5.50000000 4.00000000
v 17.50000000 16.00000000 2.00000000
v 17.50000000 16.00000000 3.00000000
v 17.50000000 16.00000000 4.00000000
v 18.00000000 16.50000000 2.00000000
v 18.00000000 17.00000000 1.50000000
v 18.00000000 16.50000000 3.00000000
v 18.00000000 16.50000000 4.00000000
v 18.00000000 17.00000000 4.50000000
v 18.00000000 18.00000000 1.50000000
v 17.50000000 18.00000000 3.00000000
v 18.00000000 18.00000000 4.50000000
v 18.00000000 19.00000000 1.50000000
v 17.50000000 19.00000000 3.00000000
v 18.00000000 19.00000000 4.50000000
v 18.00000000 20.00000000 1.50000000
v 18.00000000 20.00000000 2.50000000
v 17.50000000 20.00000000 3.00000000
v 18.00000000 19.50000000 3.00000000
v 18.00000000 20.00000000 3.50000000
v 18.00000000 20.00000000 4.50000000
v 18.00000000 21.00000000 1.50000000
v 17.50000000 21.00000000 3.00000000
v 18.00000000 21.00000000 2.50000000
v 18.00000000 21.00000000 3.50000000
v 18.00000000 21.00000000 4.50000000
v 18.00000000 22.00000000 1.50000000
v 18.00000000 21.50000000 3.00000000
v 18.00000000 22.00000000 4.50000000
v 17.50000000 23.00000000 2.00000000
v 18.00000000 23.00000000 1.50000000
v 17.50000000 23.00000000 3.00000000
v 17.50000000 23.00000000 4.00000000
v 18.00000000 23.00000000 4.50000000
v 18.00000000 23.50000000 2.00000000
v 18.00000000 23.50000000 3.00000000
v 18.00000000 23.50000000 4.00000000
v 18.00000000 29.50000000 1.00000000
v 18.00000000 30.00000000 0.50000000
v 18.00000000 29.50000000 2.00000000
v 18.00000000 29.50000000 3.00000000
v 18.00000000 29.50000000 4.00000000
v 18.00000000 30.00000000 4.50000000
v 18.00000000 31.00000000 0.50000000
v 17.50000000 31.00000000 2.00000000
v 18.00000000 31.00000000 1.50000000
v 18.00000000 30.50000000 2.00000000
v 18.00000000 30.50000000 3.00000000
v 17.50000000 31.00000000 3.00000000
v 18.00000000 31.00000000 3.50000000
v 18.00000000 30.50000000 5.00000000
v 18.00000000 31.00000000 5.50000000
v 18.00000000 31.50000000 0.00000000
v 18.00000000 32.00000000 -0.50000000
v 18.00000000 32.00000000 1.50000000
v 18.00000000 31.50000000 4.00000000
v 18.00000000 32.00000000 4.50000000
v 18.00000000 31.50000000 6.00000000
v 18.00000000 32.00000000 6.50000000
v 18.00000000 33.00000000 -0.50000000
v 17.50000000 33.00000000 1.00000000
v 18.00000000 33.00000000 0.50000000
v 18.00000000 32.50000000 1.00000000
v 18.00000000 32.50000000 5.00000000
v 17.50000000 33.00000000 5.00000000
v 18.00000000 33.00000000 5.50000000
v 18.00000000 33.00000000 6.50000000
v 18.00000000 34.00000000 -0.50000000
v 18.00000000 33.50000000 1.00000000
v 17.50000000 34.00000000 2.00000000
v 18.00000000 34.00000000 1.50000000
v 18.00000000 33.50000000 5.00000000
v 18.00000000 34.00000000 4.50000000
v 18.00000000 34.00000000 6.50000000
v 18.00000000 34.50000000 0.00000000
v 18.00000000 35.00000000 0.50000000
v 18.00000000 34.50000000 2.00000000
v 18.00000000 34.50000000 3.00000000
v 18.00000000 34.50000000 4.00000000
v 18.00000000 35.00000000 5.50000000
v 18.00000000 34.50000000 6.00000000
v 18.00000000 35.50000000 1.00000000
v 18.00000000 35.50000000 2.00000000
v 17.50000000 36.00000000 3.00000000
v 18.00000000 36.00000000 2.50000000
v 17.50000000 36.00000000 4.00000000
v 18.00000000 36.00000000 4.50000000
v 18.00000000 35.50000000 5.00000000
v 18.00000000 36.50000000 3.00000000
v 18.00000000 36.50000000 4.00000000
v 19.00000000 -0.50000000 2.00000000
v 19.00000000 0.00000000 1.50000000
v 19.00000000 -0.50000000 3.00000000
v 19.00000000 -0.50000000 4.00000000
v 19.00000000 0.00000000 4.50000000
v 19.00000000 0.50000000 1.00000000
v 19.00000000 1.00000000 0.50000000
v 18.50000000 1.00000000 3.00000000
v 19.00000000 1.00000000 2.50000000
v 19.00000000 0.50000000 3.00000000
v 19.00000000 1.00000000 3.50000000
v 19.00000000 0.50000000 5.00000000
v 19.00000000 1.00000000 5.50000000
v 19.00000000 2.00000000 0.50000000
v 19.00000000 2.00000000 1.50000000
v 19.00000000 1.50000000 2.00000000
v 19.00000000 1.50000000 4.00000000
v 18.50000000 2.00000000 4.00000000
v 19.00000000 2.00000000 4.50000000
v 19.00000000 2.00000000 5.50000000
v 19.00000000 3.00000000 0.50000000
v 19.00000000 2.50000000 2.00000000
v 18.50000000 3.00000000 2.00000000
v 19.00000000 3.00000000 2.50000000
v 19.00000000 2.50000000 4.00000000
v 19.00000000 3.00000000 3.50000000
v 19.00000000 3.00000000 5.50000000
v 19.00000000 4.00000000 0.50000000
v 18.50000000 4.00000000 3.00000000
v 19.00000000 3.50000000 3.00000000
v 18.50000000 4.00000000 5.00000000
v 19.00000000 4.00000000 4.50000000
v 19.00000000 3.50000000 5.00000000
v 19.00000000 4.50000000 1.00000000
v 18.50000000 5.00000000 1.00000000
v 19.00000000 5.00000000 1.50000000
v 19.00000000 5.00000000 4.50000000
v 19.00000000 5.50000000 2.00000000
v 19.00000000 5.50000000 3.00000000
v 19.00000000 5.50000000 4.00000000
v 18.50000000 13.00000000 2.00000000
v 19.00000000 12.50000000 2.00000000
v 19.00000000 13.00000000 1.50000000
v 18.50000000 13.00000000 3.00000000
v 19.00000000 12.50000000 3.00000000
v 18.50000000 13.00000000 4.00000000
v 19.00000000 12.50000000 4.00000000
v 19.00000000 13.00000000 4.50000000
v 18.50000000 14.00000000 2.00000000
v 19.00000000 14.00000000 1.50000000
v 18.50000000 14.00000000 3.00000000
v 18.50000000 14.00000000 4.00000000
v 19.00000000 14.00000000 4.50000000
v 18.50000000 15.00000000 2.00000000
v 19.00000000 15.00000000 1.50000000
v 18.50000000 15.00000000 3.00000000
v 19.00000000 15.00000000 3.50000000
v 19.00000000 14.50000000 4.00000000
v 18.50000000 16.00000000 2.00000000
v 19.00000000 16.00000000 1.50000000
v 18.50000000 16.00000000 3.00000000
v 19.00000000 15.50000000 4.00000000
v 18.50000000 16.00000000 4.00000000
v 19.00000000 16.00000000 4.50000000
v 19.00000000 17.00000000 1.50000000
v 19.00000000 17.00000000 4.50000000
v 19.00000000 18.00000000 1.50000000
v 19.00000000 18.00000000 4.50000000
v 19.00000000 19.00000000 1.50000000
v 19.00000000 19.00000000 4.50000000
v 19.00000000 20.00000000 1.50000000
v 18.50000000 20.00000000 3.00000000
v 19.00000000 20.00000000 4.50000000
v 19.00000000 21.00000000 1.50000000
v 18.50000000 21.00000000 3.00000000
v 19.00000000 21.00000000 4.50000000
v 19.00000000 22.00000000 1.50000000
v 19.00000000 22.00000000 2.50000000
v 18.50000000 22.00000000 3.00000000
v 19.00000000 21.50000000 3.00000000
v 19.00000000 22.00000000 3.50000000
v 19.00000000 22.00000000 4.50000000
v 19.00000000 23.00000000 1.50000000
v 19.00000000 22.50000000 3.00000000
v 19.00000000 23.00000000 4.50000000
v 19.00000000 23.50000000 2.00000000
v 19.00000000 23.50000000 3.00000000
v 19.00000000 23.50000000 4.00000000
v 19.00000000 29.50000000 1.00000000
v 19.00000000 30.00000000 0.50000000
v 19.00000000 29.50000000 2.00000000
v 19.00000000 29.50000000 3.00000000
v 19.00000000 29.50000000 4.00000000
v 19.00000000 30.00000000 4.50000000
v 19.00000000 31.00000000 0.50000000
v 18.50000000 31.00000000 2.00000000
v 18.50000000 31.00000000 3.00000000
v 19.00000000 30.50000000 5.00000000
v 19.00000000 31.00000000 5.50000000
v 19.00000000 31.50000000 0.00000000
v 19.00000000 32.00000000 -0.50000000
v 19.00000000 32.00000000 1.50000000
v 19.00000000 31.50000000 2.00000000
v 19.00000000 31.50000000 3.00000000
v 19.00000000 31.50000000 4.00000000
v 19.00000000 32.00000000 4.50000000
v 19.00000000 31.50000000 6.00000000
v 19.00000000 32.00000000 6.50000000
v 19.00000000 33.00000000 -0.50000000
v 18.50000000 33.00000000 1.00000000
v 19.00000000 33.00000000 1.50000000
v 19.00000000 32.50000000 5.00000000
v 19.00000000 33.00000000 5.50000000
v 19.00000000 33.00000000 6.50000000
v 19.00000000 34.00000000 -0.50000000
v 19.00000000 34.00000000 1.50000000
v 19.00000000 33.50000000 5.00000000
v 19.00000000 34.00000000 4.50000000
v 19.00000000 34.00000000 6.50000000
v 19.00000000 34.50000000 0.00000000
v 19.00000000 35.00000000 0.50000000
v 19.00000000 34.50000000 2.00000000
v 19.00000000 34.50000000 3.00000000
v 19.00000000 34.50000000 4.00000000
v 19.00000000 35.00000000 5.50000000
v 19.00000000 34.50000000 6.00000000
v 19.00000000 35.50000000 1.00000000
v 19.00000000 35.50000000 2.00000000
v 19.00000000 36.00000000 2.50000000
v 19.00000000 36.00000000 4.50000000
v 19.00000000 35.50000000 5.00000000
v 19.00000000 36.50000000 3.00000000
v 19.00000000 36.50000000 4.00000000
v 20.00000000 -0.50000000 2.00000000
v 20.00000000 0.00000000 1.50000000
v 20.00000000 -0.50000000 3.00000000
v 20.00000000 -0.50000000 4.00000000
v 20.00000000 0.00000000 4.50000000
v 20.00000000 0.50000000 1.00000000
v 20.00000000 1.00000000 0.50000000
v 19.50000000 1.00000000 3.00000000
v 20.00000000 0.50000000 5.00000000
v 20.00000000 1.00000000 5.50000000
v 20.00000000 2.00000000 0.50000000
v 20.00000000 2.00000000 1.50000000
v 20.00000000 1.50000000 2.00000000
v 20.00000000 1.50000000 3.00000000
v 19.50000000 2.00000000 4.00000000
v 20.00000000 2.00000000 3.50000000
v 20.00000000 2.00000000 5.50000000
v 20.00000000 3.00000000 0.50000000
v 20.00000000 2.50000000 2.00000000
v 20.00000000 3.00000000 2.50000000
v 20.00000000 3.00000000 3.50000000
v 20.00000000 3.00000000 5.50000000
v 20.00000000 4.00000000 0.50000000
v 20.00000000 3.50000000 3.00000000
v 19.50000000 4.00000000 5.00000000
v 20.00000000 4.00000000 5.50000000
v 20.00000000 4.50000000 1.00000000
v 20.00000000 5.00000000 1.50000000
v 20.00000000 5.00000000 4.50000000
v 20.00000000 4.50000000 5.00000000
v 20.00000000 5.50000000 2.00000000
v 20.00000000 5.50000000 3.00000000
v 20.00000000 5.50000000 4.00000000
v 19.50000000 12.00000000 2.00000000
v 20.00000000 11.50000000 2.00000000
v 20.00000000 12.00000000 1.50000000
v 19.50000000 12.00000000 3.00000000
v 20.00000000 11.50000000 3.00000000
v 19.50000000 12.00000000 4.00000000
v 20.00000000 11.50000000 4.00000000
v 20.00000000 12.00000000 4.50000000
v 19.50000000 13.00000000 1.00000000
v 20.00000000 12.50000000 1.00000000
v 20.00000000 13.00000000 0.50000000
v 19.50000000 13.00000000 5.00000000
v 20.00000000 12.50000000 5.00000000
v 20.00000000 13.00000000 5.50000000
v 19.50000000 14.00000000 1.00000000
v 20.00000000 14.00000000 0.50000000
v 19.50000000 14.00000000 3.00000000
v 20.00000000 14.00000000 2.50000000
v 20.00000000 13.50000000 3.00000000
v 20.00000000 14.00000000 3.50000000
v 19.50000000 14.00000000 5.00000000
v 20.00000000 14.00000000 5.50000000
v 19.50000000 15.00000000 1.00000000
v 20.00000000 15.00000000 0.50000000
v 20.00000000 14.50000000 3.00000000
v 19.50000000 15.00000000 4.00000000
v 20.00000000 15.00000000 4.50000000
v 20.00000000 14.50000000 5.00000000
v 20.00000000 15.50000000 1.00000000
v 20.00000000 16.00000000 1.50000000
v 20.00000000 16.00000000 4.50000000
v 20.00000000 17.00000000 1.50000000
v 19.50000000 17.00000000 3.00000000
v 20.00000000 17.00000000 2.50000000
v 20.00000000 16.50000000 3.00000000
v 20.00000000 17.00000000 3.50000000
v 20.00000000 17.00000000 4.50000000
v 19.50000000 18.00000000 1.00000000
v 20.00000000 17.50000000 1.00000000
v 20.00000000 18.00000000 0.50000000
v 19.50000000 18.00000000 3.00000000
v 20.00000000 18.00000000 2.50000000
v 20.00000000 18.00000000 3.50000000
v 20.00000000 17.50000000 5.00000000
v 19.50000000 18.00000000 5.00000000
v 20.00000000 18.00000000 5.50000000
v 19.50000000 19.00000000 1.00000000
v 20.00000000 19.00000000 0.50000000
v 19.50000000 19.00000000 3.00000000
v 20.00000000 19.00000000 2.50000000
v 20.00000000 19.00000000 3.50000000
v 19.50000000 19.00000000 5.00000000
v 20.00000000 18.50000000 6.00000000
v 19.50000000 19.00000000 6.00000000
v 20.00000000 19.00000000 6.50000000
v 19.50000000 20.00000000 1.00000000
v 20.00000000 20.00000000 0.50000000
v 19.50000000 20.00000000 3.00000000
v 20.00000000 20.00000000 2.50000000
v 20.00000000 20.00000000 3.50000000
v 19.50000000 20.00000000 5.00000000
v 19.50000000 20.00000000 6.00000000
v 20.00000000 20.00000000 6.50000000
v 19.50000000 21.00000000 1.00000000
v 20.00000000 21.00000000 0.50000000
v 19.50000000 21.00000000 3.00000000
v 20.00000000 21.00000000 2.50000000
v 20.00000000 21.00000000 3.50000000
v 19.50000000 21.00000000 5.00000000
v 20.00000000 21.00000000 5.50000000
v 20.00000000 20.50000000 6.00000000
v 20.00000000 21.50000000 1.00000000
v 20.00000000 22.00000000 1.50000000
v 19.50000000 22.00000000 3.00000000
v 20.00000000 21.50000000 3.00000000
v 20.00000000 22.00000000 4.50000000
v 20.00000000 21.50000000 5.00000000
v 20.00000000 23.00000000 1.50000000
v 20.00000000 23.00000000 4.50000000
v 20.00000000 23.50000000 2.00000000
v 20.00000000 23.50000000 3.00000000
v 20.00000000 23.50000000 4.00000000
v 19.50000000 30.00000000 1.00000000
v 19.50000000 30.00000000 2.00000000
v 19.50000000 30.00000000 3.00000000
v 19.50000000 30.00000000 4.00000000
v 20.00000000 30.50000000 1.00000000
v 20.00000000 31.00000000 0.50000000
v 20.00000000 30.50000000 2.00000000
v 20.00000000 30.50000000 3.00000000
v 20.00000000 30.50000000 4.00000000
v 20.00000000 30.50000000 5.00000000
v 20.00000000 31.00000000 5.50000000
v 19.50000000 32.00000000 0.00000000
v 20.00000000 32.00000000 0.50000000
v 19.50000000 32.00000000 2.00000000
v 19.50000000 32.00000000 3.00000000
v 19.50000000 32.00000000 4.00000000
v 19.50000000 32.00000000 6.00000000
v 20.00000000 32.00000000 5.50000000
v 19.50000000 33.00000000 0.00000000
v 20.00000000 33.00000000 0.50000000
v 19.50000000 33.00000000 2.00000000
v 20.00000000 33.00000000 2.50000000
v 20.00000000 32.50000000 3.00000000
v 20.00000000 32.50000000 4.00000000
v 19.50000000 33.00000000 5.00000000
v 20.00000000 33.00000000 4.50000000
v 20.00000000 32.50000000 6.00000000
v 20.00000000 33.00000000 6.50000000
v 19.50000000 34.00000000 0.00000000
v 20.00000000 34.00000000 0.50000000
v 19.50000000 34.00000000 2.00000000
v 20.00000000 33.50000000 3.00000000
v 19.50000000 34.00000000 3.00000000
v 19.50000000 34.00000000 4.00000000
v 20.00000000 33.50000000 4.00000000
v 20.00000000 33.50000000 6.00000000
v 19.50000000 34.00000000 6.00000000
v 20.00000000 34.00000000 5.50000000
v 20.00000000 34.50000000 1.00000000
v 19.50000000 35.00000000 1.00000000
v 20.00000000 35.00000000 1.50000000
v 20.00000000 35.00000000 5.50000000
v 20.00000000 35.50000000 2.00000000
v 20.00000000 35.50000000 3.00000000
v 19.50000000 36.00000000 3.00000000
v 20.00000000 35.50000000 4.00000000
v 19.50000000 36.00000000 4.00000000
v 20.00000000 35.50000000 5.00000000
v 20.50000000 0.00000000 2.00000000
v 21.00000000 0.00000000 2.50000000
v 21.00000000 -0.50000000 3.00000000
v 20.50000000 0.00000000 4.00000000
v 21.00000000 0.00000000 3.50000000
v 21.00000000 0.50000000 1.00000000
v 21.00000000 1.00000000 0.50000000
v 21.00000000 0.50000000 2.00000000
v 21.00000000 0.50000000 4.00000000
v 20.50000000 1.00000000 5.00000000
v 21.00000000 1.00000000 4.50000000
v 21.00000000 2.00000000 0.50000000
v 21.00000000 2.00000000 1.50000000
v 21.00000000 1.50000000 2.00000000
v 21.00000000 1.50000000 3.00000000
v 21.00000000 2.00000000 3.50000000
v 21.00000000 1.50000000 5.00000000
v 21.00000000 2.00000000 5.50000000
v 21.00000000 3.00000000 0.50000000
v 20.50000000 3.00000000 2.00000000
v 21.00000000 3.00000000 1.50000000
v 21.00000000 2.50000000 4.00000000
v 20.50000000 3.00000000 4.00000000
v 21.00000000 3.00000000 4.50000000
v 21.00000000 3.00000000 5.50000000
v 21.00000000 4.00000000 0.50000000
v 21.00000000 3.50000000 2.00000000
v 20.50000000 4.00000000 3.00000000
v 21.00000000 4.00000000 2.50000000
v 21.00000000 4.00000000 3.50000000
v 21.00000000 3.50000000 4.00000000
v 21.00000000 4.00000000 5.50000000
v 21.00000000 4.50000000 1.00000000
v 21.00000000 5.00000000 1.50000000
v 21.00000000 4.50000000 3.00000000
v 20.50000000 5.00000000 5.00000000
v 21.00000000 5.00000000 5.50000000
v 21.00000000 5.50000000 2.00000000
v 21.00000000 5.50000000 3.00000000
v 21.00000000 5.50000000 4.00000000
v 21.00000000 5.50000000 5.00000000
v 20.50000000 12.00000000 1.00000000
v 21.00000000 11.50000000 1.00000000
v 21.00000000 12.00000000 0.50000000
v 21.00000000 11.50000000 2.00000000
v 21.00000000 11.50000000 3.00000000
v 21.00000000 11.50000000 4.00000000
v 21.00000000 12.00000000 4.50000000
v 21.00000000 13.00000000 0.50000000
v 20.50000000 13.00000000 3.00000000
v 21.00000000 13.00000000 2.50000000
v 21.00000000 12.50000000 3.00000000
v 21.00000000 13.00000000 3.50000000
v 21.00000000 12.50000000 5.00000000
v 21.00000000 13.00000000 5.50000000
v 21.00000000 14.00000000 0.50000000
v 20.50000000 14.00000000 2.00000000
v 21.00000000 14.00000000 1.50000000
v 21.00000000 13.50000000 2.00000000
v 21.00000000 14.00000000 3.50000000
v 21.00000000 14.00000000 5.50000000
v 21.00000000 15.00000000 0.50000000
v 21.00000000 14.50000000 2.00000000
v 20.50000000 15.00000000 3.00000000
v 21.00000000 15.00000000 2.50000000
v 21.00000000 15.00000000 3.50000000
v 20.50000000 15.00000000 5.00000000
v 21.00000000 15.00000000 5.50000000
v 21.00000000 15.50000000 1.00000000
v 21.00000000 16.00000000 1.50000000
v 20.50000000 16.00000000 3.00000000
v 21.00000000 16.00000000 2.50000000
v 21.00000000 16.00000000 3.50000000
v 21.00000000 16.00000000 4.50000000
v 21.00000000 15.50000000 5.00000000
v 20.50000000 17.00000000 1.00000000
v 21.00000000 16.50000000 1.00000000
v 21.00000000 17.00000000 0.50000000
v 21.00000000 17.00000000 2.50000000
v 21.00000000 17.00000000 3.50000000
v 21.00000000 16.50000000 5.00000000
v 20.50000000 17.00000000 5.00000000
v 21.00000000 17.00000000 5.50000000
v 21.00000000 18.00000000 0.50000000
v 21.00000000 17.50000000 2.00000000
v 20.50000000 18.00000000 2.00000000
v 21.00000000 18.00000000 1.50000000
v 21.00000000 17.50000000 4.00000000
v 20.50000000 18.00000000 4.00000000
v 21.00000000 18.00000000 4.50000000
v 20.50000000 18.00000000 6.00000000
v 21.00000000 17.50000000 6.00000000
v 21.00000000 18.00000000 6.50000000
v 20.50000000 19.00000000 0.00000000
v 21.00000000 18.50000000 0.00000000
v 21.00000000 19.00000000 -0.50000000
v 20.50000000 19.00000000 2.00000000
v 21.00000000 19.00000000 1.50000000
v 20.50000000 19.00000000 4.00000000
v 21.00000000 19.00000000 4.50000000
v 21.00000000 19.00000000 6.50000000
v 21.00000000 19.50000000 0.00000000
v 21.00000000 20.00000000 0.50000000
v 20.50000000 20.00000000 2.00000000
v 21.00000000 20.00000000 1.50000000
v 20.50000000 20.00000000 4.00000000
v 21.00000000 20.00000000 4.50000000
v 21.00000000 20.00000000 6.50000000
v 21.00000000 21.00000000 0.50000000
v 21.00000000 20.50000000 2.00000000
v 21.00000000 21.00000000 2.50000000
v 21.00000000 20.50000000 4.00000000
v 21.00000000 21.00000000 3.50000000
v 20.50000000 21.00000000 6.00000000
v 21.00000000 21.00000000 6.50000000
v 21.00000000 21.50000000 1.00000000
v 21.00000000 22.00000000 1.50000000
v 21.00000000 21.50000000 3.00000000
v 20.50000000 22.00000000 5.00000000
v 21.00000000 22.00000000 5.50000000
v 21.00000000 21.50000000 6.00000000
v 21.00000000 22.50000000 2.00000000
v 20.50000000 23.00000000 2.00000000
v 21.00000000 22.50000000 3.00000000
v 20.50000000 23.00000000 3.00000000
v 21.00000000 22.50000000 4.00000000
v 20.50000000 23.00000000 4.00000000
v 21.00000000 22.50000000 5.00000000
v 20.50000000 31.00000000 1.00000000
v 20.50000000 31.00000000 2.00000000
v 20.50000000 31.00000000 3.00000000
v 20.50000000 31.00000000 4.00000000
v 20.50000000 31.00000000 5.00000000
v 20.50000000 32.00000000 1.00000000
v 21.00000000 32.00000000 1.50000000
v 21.00000000 31.50000000 2.00000000
v 21.00000000 31.50000000 3.00000000
v 21.00000000 31.50000000 4.00000000
v 20.50000000 32.00000000 5.00000000
v 21.00000000 32.00000000 4.50000000
v 20.50000000 33.00000000 1.00000000
v 21.00000000 33.00000000 1.50000000
v 21.00000000 33.00000000 2.50000000
v 21.00000000 32.50000000 3.00000000
v 20.50000000 33.00000000 4.00000000
v 21.00000000 33.00000000 3.50000000
v 21.00000000 32.50000000 5.00000000
v 20.50000000 33.00000000 6.00000000
v 21.00000000 33.00000000 5.50000000
v 20.50000000 34.00000000 1.00000000
v 21.00000000 34.00000000 1.50000000
v 21.00000000 33.50000000 3.00000000
v 21.00000000 34.00000000 5.50000000
v 21.00000000 34.50000000 2.00000000
v 20.50000000 35.00000000 2.00000000
v 21.00000000 35.00000000 2.50000000
v 20.50000000 35.00000000 5.00000000
v 21.00000000 35.00000000 4.50000000
v 21.00000000 34.50000000 5.00000000
v 21.00000000 35.50000000 3.00000000
v 21.00000000 35.50000000 4.00000000
v 21.50000000 0.00000000 3.00000000
v 22.00000000 0.50000000 1.00000000
v 22.00000000 1.00000000 0.50000000
v 22.00000000 0.50000000 2.00000000
v 22.00000000 0.50000000 3.00000000
v 22.00000000 0.50000000 4.00000000
v 22.00000000 1.00000000 4.50000000
v 22.00000000 2.00000000 0.50000000
v 21.50000000 2.00000000 2.00000000
v 22.00000000 2.00000000 2.50000000
v 22.00000000 1.50000000 3.00000000
v 22.00000000 2.00000000 3.50000000
v 22.00000000 1.50000000 5.00000000
v 22.00000000 2.00000000 5.50000000
v 22.00000000 3.00000000 0.50000000
v 22.00000000 3.00000000 1.50000000
v 22.00000000 2.50000000 2.00000000
v 22.00000000 2.50000000 4.00000000
v 22.00000000 3.00000000 4.50000000
v 22.00000000 3.00000000 5.50000000
v 22.00000000 4.00000000 0.50000000
v 22.00000000 3.50000000 2.00000000
v 22.00000000 4.00000000 2.50000000
v 22.00000000 3.50000000 4.00000000
v 22.00000000 4.00000000 3.50000000
v 22.00000000 4.00000000 5.50000000
v 22.00000000 4.50000000 1.00000000
v 22.00000000 5.00000000 1.50000000
v 22.00000000 4.50000000 3.00000000
v 22.00000000 5.00000000 5.50000000
v 22.00000000 5.50000000 2.00000000
v 22.00000000 5.50000000 3.00000000
v 22.00000000 5.50000000 4.00000000
v 22.00000000 5.50000000 5.00000000
v 22.00000000 11.50000000 1.00000000
v 22.00000000 12.00000000 0.50000000
v 22.00000000 11.50000000 2.00000000
v 22.00000000 11.50000000 3.00000000
v 22.00000000 11.50000000 4.00000000
v 22.00000000 12.00000000 4.50000000
v 22.00000000 13.00000000 0.50000000
v 22.00000000 13.00000000 2.50000000
v 22.00000000 12.50000000 3.00000000
v 22.00000000 13.00000000 3.50000000
v 22.00000000 12.50000000 5.00000000
v 22.00000000 13.00000000 5.50000000
v 22.00000000 14.00000000 0.50000000
v 21.50000000 14.00000000 2.00000000
v 22.00000000 14.00000000 2.50000000
v 22.00000000 14.00000000 3.50000000
v 22.00000000 14.00000000 5.50000000
v 22.00000000 15.00000000 0.50000000
v 22.00000000 15.00000000 2.50000000
v 22.00000000 15.00000000 3.50000000
v 22.00000000 15.00000000 5.50000000
v 22.00000000 15.50000000 1.00000000
v 22.00000000 16.00000000 1.50000000
v 22.00000000 15.50000000 3.00000000
v 21.50000000 16.00000000 3.00000000
v 22.00000000 16.00000000 4.50000000
v 22.00000000 15.50000000 5.00000000
v 22.00000000 16.50000000 1.00000000
v 22.00000000 17.00000000 0.50000000
v 21.50000000 17.00000000 3.00000000
v 22.00000000 16.50000000 5.00000000
v 22.00000000 17.00000000 5.50000000
v 22.00000000 18.00000000 0.50000000
v 22.00000000 18.00000000 1.50000000
v 22.00000000 17.50000000 2.00000000
v 22.00000000 17.50000000 3.00000000
v 22.00000000 17.50000000 4.00000000
v 22.00000000 18.00000000 4.50000000
v 22.00000000 17.50000000 6.00000000
v 22.00000000 18.00000000 6.50000000
v 22.00000000 18.50000000 0.00000000
v 22.00000000 19.00000000 -0.50000000
v 22.00000000 19.00000000 1.50000000
v 22.00000000 18.50000000 5.00000000
v 21.50000000 19.00000000 5.00000000
v 22.00000000 19.00000000 5.50000000
v 22.00000000 19.00000000 6.50000000
v 22.00000000 19.50000000 0.00000000
v 22.00000000 20.00000000 0.50000000
v 22.00000000 20.00000000 1.50000000
v 21.50000000 20.00000000 5.00000000
v 22.00000000 20.00000000 5.50000000
v 22.00000000 20.00000000 6.50000000
v 22.00000000 21.00000000 0.50000000
v 22.00000000 20.50000000 2.00000000
v 22.00000000 21.00000000 2.50000000
v 21.50000000 21.00000000 4.00000000
v 22.00000000 21.00000000 4.50000000
v 22.00000000 20.50000000 5.00000000
v 22.00000000 21.00000000 6.50000000
v 21.50000000 22.00000000 1.00000000
v 22.00000000 22.00000000 0.50000000
v 22.00000000 21.50000000 3.00000000
v 22.00000000 21.50000000 4.00000000
v 22.00000000 22.00000000 5.50000000
v 22.00000000 21.50000000 6.00000000
v 22.00000000 22.50000000 1.00000000
v 21.50000000 23.00000000 2.00000000
v 22.00000000 23.00000000 1.50000000
v 21.50000000 23.00000000 3.00000000
v 21.50000000 23.00000000 4.00000000
v 22.00000000 23.00000000 4.50000000
v 22.00000000 22.50000000 5.00000000
v 21.50000000 24.00000000 2.00000000
v 22.00000000 24.00000000 1.50000000
v 21.50000000 24.00000000 3.00000000
v 21.50000000 24.00000000 4.00000000
v 22.00000000 24.00000000 4.50000000
v 22.00000000 24.50000000 2.00000000
v 22.00000000 25.00000000 2.50000000
v 21.50000000 25.00000000 3.00000000
v 22.00000000 25.00000000 3.50000000
v 22.00000000 24.50000000 4.00000000
v 21.50000000 26.00000000 2.00000000
v 22.00000000 25.50000000 2.00000000
v 22.00000000 26.00000000 1.50000000
v 21.50000000 26.00000000 3.00000000
v 22.00000000 25.50000000 4.00000000
v 21.50000000 26.00000000 4.00000000
v 22.00000000 26.00000000 4.50000000
v 21.50000000 27.00000000 2.00000000
v 22.00000000 27.00000000 1.50000000
v 21.50000000 27.00000000 3.00000000
v 21.50000000 27.00000000 4.00000000
v 22.00000000 27.00000000 4.50000000
v 21.50000000 28.00000000 2.00000000
v 22.00000000 28.00000000 1.50000000
v 21.50000000 28.00000000 3.00000000
v 21.50000000 28.00000000 4.00000000
v 22.00000000 28.00000000 4.50000000
v 21.50000000 29.00000000 2.00000000
v 22.00000000 29.00000000 1.50000000
v 21.50000000 29.00000000 3.00000000
v 21.50000000 29.00000000 4.00000000
v 22.00000000 29.00000000 4.50000000
v 21.50000000 30.00000000 2.00000000
v 22.00000000 30.00000000 1.50000000
v 21.50000000 30.00000000 3.00000000
v 22.00000000 30.00000000 3.50000000
v 22.00000000 29.50000000 4.00000000
v 22.00000000 30.50000000 2.00000000
v 22.00000000 31.00000000 2.50000000
v 21.50000000 31.00000000 3.00000000
v 22.00000000 30.50000000 4.00000000
v 21.50000000 31.00000000 4.00000000
v 22.00000000 31.00000000 4.50000000
v 22.00000000 31.50000000 2.00000000
v 22.00000000 32.00000000 1.50000000
v 22.00000000 32.00000000 4.50000000
v 22.00000000 33.00000000 1.50000000
v 22.00000000 33.00000000 2.50000000
v 22.00000000 32.50000000 3.00000000
v 22.00000000 33.00000000 3.50000000
v 21.50000000 33.00000000 5.00000000
v 22.00000000 33.00000000 4.50000000
v 22.00000000 34.00000000 1.50000000
v 22.00000000 33.50000000 3.00000000
v 21.50000000 34.00000000 5.00000000
v 22.00000000 34.00000000 4.50000000
v 22.00000000 34.50000000 2.00000000
v 22.00000000 34.50000000 3.00000000
v 21.50000000 35.00000000 3.00000000
v 22.00000000 34.50000000 4.00000000
v 21.50000000 35.00000000 4.00000000
v 22.50000000 1.00000000 1.00000000
v 23.00000000 1.00000000 1.50000000
v 23.00000000 0.50000000 2.00000000
v 23.00000000 0.50000000 3.00000000
v 23.00000000 0.50000000 4.00000000
v 23.00000000 1.00000000 4.50000000
v 23.00000000 1.50000000 1.00000000
v 23.00000000 2.00000000 0.50000000
v 22.50000000 2.00000000 3.00000000
v 23.00000000 1.50000000 5.00000000
v 23.00000000 2.00000000 5.50000000
v 23.00000000 3.00000000 0.50000000
v 22.50000000 3.00000000 2.00000000
v 23.00000000 3.00000000 2.50000000
v 23.00000000 2.50000000 3.00000000
v 22.50000000 3.00000000 4.00000000
v 23.00000000 3.00000000 3.50000000
v 23.00000000 3.00000000 5.50000000
v 23.00000000 4.00000000 0.50000000
v 22.50000000 4.00000000 3.00000000
v 23.00000000 3.50000000 3.00000000
v 23.00000000 4.00000000 5.50000000
v 23.00000000 4.50000000 1.00000000
v 23.00000000 5.00000000 1.50000000
v 22.50000000 5.00000000 5.00000000
v 23.00000000 5.00000000 4.50000000
v 23.00000000 4.50000000 5.00000000
v 23.00000000 5.50000000 2.00000000
v 23.00000000 5.50000000 3.00000000
v 23.00000000 5.50000000 4.00000000
v 22.50000000 12.00000000 1.00000000
v 23.00000000 12.00000000 1.50000000
v 23.00000000 11.50000000 2.00000000
v 23.00000000 11.50000000 3.00000000
v 23.00000000 11.50000000 4.00000000
v 23.00000000 12.00000000 4.50000000
v 23.00000000 12.50000000 1.00000000
v 23.00000000 13.00000000 0.50000000
v 22.50000000 13.00000000 3.00000000
v 22.50000000 13.00000000 5.00000000
v 23.00000000 13.00000000 4.50000000
v 23.00000000 14.00000000 0.50000000
v 22.50000000 14.00000000 3.00000000
v 22.50000000 14.00000000 5.00000000
v 23.00000000 14.00000000 4.50000000
v 23.00000000 14.50000000 1.00000000
v 22.50000000 15.00000000 1.00000000
v 23.00000000 15.00000000 1.50000000
v 22.50000000 15.00000000 3.00000000
v 22.50000000 15.00000000 5.00000000
v 23.00000000 15.00000000 4.50000000
v 23.00000000 16.00000000 1.50000000
v 23.00000000 16.00000000 4.50000000
v 23.00000000 16.50000000 1.00000000
v 23.00000000 17.00000000 0.50000000
v 23.00000000 16.50000000 5.00000000
v 23.00000000 17.00000000 5.50000000
v 23.00000000 18.00000000 0.50000000
v 22.50000000 18.00000000 2.00000000
v 22.50000000 18.00000000 3.00000000
v 22.50000000 18.00000000 4.00000000
v 22.50000000 18.00000000 6.00000000
v 23.00000000 18.00000000 5.50000000
v 22.50000000 19.00000000 0.00000000
v 23.00000000 19.00000000 0.50000000
v 23.00000000 19.00000000 1.50000000
v 23.00000000 18.50000000 2.00000000
v 23.00000000 18.50000000 3.00000000
v 23.00000000 18.50000000 4.00000000
v 22.50000000 19.00000000 5.00000000
v 23.00000000 19.00000000 4.50000000
v 23.00000000 18.50000000 6.00000000
v 23.00000000 19.00000000 6.50000000
v 23.00000000 20.00000000 0.50000000
v 23.00000000 20.00000000 1.50000000
v 22.50000000 20.00000000 5.00000000
v 23.00000000 20.00000000 4.50000000
v 23.00000000 20.00000000 6.50000000
v 23.00000000 21.00000000 0.50000000
v 23.00000000 20.50000000 2.00000000
v 23.00000000 21.00000000 2.50000000
v 22.50000000 21.00000000 4.00000000
v 23.00000000 20.50000000 4.00000000
v 23.00000000 21.00000000 3.50000000
v 23.00000000 21.00000000 6.50000000
v 23.00000000 21.50000000 1.00000000
v 22.50000000 22.00000000 1.00000000
v 23.00000000 22.00000000 1.50000000
v 23.00000000 21.50000000 3.00000000
v 23.00000000 22.00000000 5.50000000
v 23.00000000 21.50000000 6.00000000
v 23.00000000 23.00000000 0.50000000
v 22.50000000 23.00000000 1.00000000
v 23.00000000 22.50000000 1.00000000
v 22.50000000 23.00000000 5.00000000
v 23.00000000 23.00000000 5.50000000
v 22.50000000 24.00000000 1.00000000
v 23.00000000 24.00000000 0.50000000
v 22.50000000 24.00000000 5.00000000
v 23.00000000 24.00000000 5.50000000
v 22.50000000 25.00000000 1.00000000
v 23.00000000 25.00000000 0.50000000
v 22.50000000 25.00000000 2.00000000
v 22.50000000 25.00000000 4.00000000
v 23.00000000 25.00000000 4.50000000
v 23.00000000 24.50000000 5.00000000
v 22.50000000 26.00000000 1.00000000
v 23.00000000 26.00000000 0.50000000
v 23.00000000 26.00000000 4.50000000
v 22.50000000 27.00000000 1.00000000
v 23.00000000 27.00000000 0.50000000
v 22.50000000 27.00000000 3.00000000
v 23.00000000 27.00000000 2.50000000
v 23.00000000 26.50000000 3.00000000
v 23.00000000 27.00000000 3.50000000
v 23.00000000 27.00000000 4.50000000
v 22.50000000 28.00000000 1.00000000
v 23.00000000 28.00000000 0.50000000
v 22.50000000 28.00000000 3.00000000
v 23.00000000 28.00000000 2.50000000
v 23.00000000 28.00000000 3.50000000
v 23.00000000 28.00000000 4.50000000
v 23.00000000 28.50000000 1.00000000
v 23.00000000 29.00000000 1.50000000
v 22.50000000 29.00000000 3.00000000
v 23.00000000 29.00000000 2.50000000
v 23.00000000 29.00000000 3.50000000
v 23.00000000 29.00000000 4.50000000
v 23.00000000 30.00000000 1.50000000
v 23.00000000 29.50000000 3.00000000
v 22.50000000 30.00000000 4.00000000
v 23.00000000 30.00000000 4.50000000
v 22.50000000 31.00000000 2.00000000
v 23.00000000 31.00000000 1.50000000
v 23.00000000 31.00000000 4.50000000
v 23.00000000 32.00000000 1.50000000
v 23.00000000 31.50000000 5.00000000
v 22.50000000 32.00000000 5.00000000
v 23.00000000 32.00000000 5.50000000
v 23.00000000 33.00000000 1.50000000
v 23.00000000 33.00000000 2.50000000
v 23.00000000 32.50000000 3.00000000
v 23.00000000 33.00000000 3.50000000
v 22.50000000 33.00000000 5.00000000
v 23.00000000 33.00000000 5.50000000
v 23.00000000 34.00000000 1.50000000
v 23.00000000 33.50000000 3.00000000
v 23.00000000 34.00000000 4.50000000
v 23.00000000 33.50000000 5.00000000
v 23.00000000 34.50000000 2.00000000
v 23.00000000 34.50000000 3.00000000
v 23.00000000 34.50000000 4.00000000
v 23.50000000 1.00000000 2.00000000
v 23.50000000 1.00000000 3.00000000
v 23.50000000 1.00000000 4.00000000
v 23.50000000 2.00000000 1.00000000
v 24.00000000 2.00000000 1.50000000
v 24.00000000 1.50000000 2.00000000
v 24.00000000 1.50000000 3.00000000
v 24.00000000 1.50000000 4.00000000
v 23.50000000 2.00000000 5.00000000
v 24.00000000 2.00000000 4.50000000
v 23.50000000 3.00000000 1.00000000
v 24.00000000 3.00000000 1.50000000
v 23.50000000 3.00000000 3.00000000
v 23.50000000 3.00000000 5.00000000
v 24.00000000 3.00000000 4.50000000
v 23.50000000 4.00000000 1.00000000
v 24.00000000 4.00000000 1.50000000
v 23.50000000 4.00000000 5.00000000
v 24.00000000 4.00000000 4.50000000
v 24.00000000 5.00000000 1.50000000
v 24.00000000 5.00000000 4.50000000
v 24.00000000 5.50000000 2.00000000
v 24.00000000 5.50000000 3.00000000
v 24.00000000 5.50000000 4.00000000
v 23.50000000 12.00000000 2.00000000
v 23.50000000 12.00000000 3.00000000
v 23.50000000 12.00000000 4.00000000
v 23.50000000 13.00000000 1.00000000
v 23.50000000 13.00000000 2.00000000
v 23.50000000 13.00000000 3.00000000
v 23.50000000 13.00000000 4.00000000
v 23.50000000 14.00000000 1.00000000
v 23.50000000 14.00000000 2.00000000
v 23.50000000 14.00000000 3.00000000
v 23.50000000 14.00000000 4.00000000
v 23.50000000 15.00000000 2.00000000
v 23.50000000 15.00000000 3.00000000
v 23.50000000 15.00000000 4.00000000
v 23.50000000 16.00000000 2.00000000
v 23.50000000 16.00000000 3.00000000
v 23.50000000 16.00000000 4.00000000
v 23.50000000 17.00000000 1.00000000
v 23.50000000 17.00000000 2.00000000
v 23.50000000 17.00000000 3.00000000
v 23.50000000 17.00000000 4.00000000
v 23.50000000 17.00000000 5.00000000
v 24.00000000 17.50000000 1.00000000
v 24.00000000 18.00000000 0.50000000
v 24.00000000 17.50000000 2.00000000
v 24.00000000 17.50000000 3.00000000
v 24.00000000 17.50000000 4.00000000
v 24.00000000 17.50000000 5.00000000
v 24.00000000 18.00000000 5.50000000
v 24.00000000 19.00000000 0.50000000
v 23.50000000 19.00000000 2.00000000
v 23.50000000 19.00000000 3.00000000
v 23.50000000 19.00000000 4.00000000
v 23.50000000 19.00000000 6.00000000
v 24.00000000 19.00000000 5.50000000
v 24.00000000 20.00000000 0.50000000
v 23.50000000 20.00000000 2.00000000
v 24.00000000 20.00000000 2.50000000
v 24.00000000 19.50000000 3.00000000
v 24.00000000 20.00000000 3.50000000
v 23.50000000 20.00000000 4.00000000
v 23.50000000 20.00000000 6.00000000
v 24.00000000 20.00000000 5.50000000
v 24.00000000 21.00000000 0.50000000
v 24.00000000 21.00000000 2.50000000
v 24.00000000 21.00000000 3.50000000
v 23.50000000 21.00000000 6.00000000
v 24.00000000 21.00000000 5.50000000
v 23.50000000 22.00000000 1.00000000
v 24.00000000 22.00000000 0.50000000
v 23.50000000 22.00000000 3.00000000
v 24.00000000 22.00000000 2.50000000
v 24.00000000 22.00000000 3.50000000
v 24.00000000 22.00000000 5.50000000
v 24.00000000 23.00000000 0.50000000
v 24.00000000 22.50000000 2.00000000
v 23.50000000 23.00000000 2.00000000
v 24.00000000 23.00000000 1.50000000
v 23.50000000 23.00000000 3.00000000
v 24.00000000 22.50000000 4.00000000
v 23.50000000 23.00000000 4.00000000
v 24.00000000 23.00000000 4.50000000
v 24.00000000 23.00000000 5.50000000
v 24.00000000 24.00000000 0.50000000
v 23.50000000 24.00000000 2.00000000
v 24.00000000 24.00000000 1.50000000
v 23.50000000 24.00000000 3.00000000
v 24.00000000 24.00000000 3.50000000
v 24.00000000 23.50000000 4.00000000
v 24.00000000 24.00000000 5.50000000
v 24.00000000 25.00000000 0.50000000
v 24.00000000 24.50000000 2.00000000
v 23.50000000 25.00000000 3.00000000
v 24.00000000 25.00000000 2.50000000
v 24.00000000 25.00000000 3.50000000
v 23.50000000 25.00000000 5.00000000
v 24.00000000 25.00000000 5.50000000
v 24.00000000 26.00000000 0.50000000
v 23.50000000 26.00000000 3.00000000
v 24.00000000 26.00000000 2.50000000
v 24.00000000 26.00000000 3.50000000
v 24.00000000 26.00000000 4.50000000
v 24.00000000 25.50000000 5.00000000
v 24.00000000 27.00000000 0.50000000
v 23.50000000 27.00000000 3.00000000
v 24.00000000 26.50000000 3.00000000
v 24.00000000 27.00000000 4.50000000
v 24.00000000 27.50000000 1.00000000
v 23.50000000 28.00000000 1.00000000
v 24.00000000 28.00000000 1.50000000
v 23.50000000 28.00000000 3.00000000
v 24.00000000 28.00000000 4.50000000
v 24.00000000 29.00000000 1.50000000
v 23.50000000 29.00000000 3.00000000
v 24.00000000 29.00000000 4.50000000
v 24.00000000 30.00000000 1.50000000
v 24.00000000 30.00000000 4.50000000
v 24.00000000 31.00000000 1.50000000
v 24.00000000 31.00000000 4.50000000
v 24.00000000 32.00000000 1.50000000
v 23.50000000 32.00000000 5.00000000
v 24.00000000 32.00000000 4.50000000
v 24.00000000 33.00000000 1.50000000
v 23.50000000 33.00000000 3.00000000
v 23.50000000 33.00000000 5.00000000
v 24.00000000 33.00000000 4.50000000
v 24.00000000 34.00000000 1.50000000
v 24.00000000 34.00000000 4.50000000
v 24.00000000 34.50000000 2.00000000
v 24.00000000 34.50000000 3.00000000
v 24.00000000 34.50000000 4.00000000
v 24.50000000 1.00000000 2.00000000
v 25.00000000 0.50000000 2.00000000
v 25.00000000 1.00000000 1.50000000
v 24.50000000 1.00000000 3.00000000
v 25.00000000 0.50000000 3.00000000
v 24.50000000 1.00000000 4.00000000
v 25.00000000 0.50000000 4.00000000
v 25.00000000 1.00000000 4.50000000
v 25.00000000 2.00000000 1.50000000
v 24.50000000 2.00000000 5.00000000
v 25.00000000 1.50000000 5.00000000
v 25.00000000 2.00000000 5.50000000
v 25.00000000 3.00000000 1.50000000
v 24.50000000 3.00000000 5.00000000
v 25.00000000 3.00000000 5.50000000
v 25.00000000 4.00000000 1.50000000
v 24.50000000 4.00000000 3.00000000
v 25.00000000 4.00000000 2.50000000
v 25.00000000 3.50000000 3.00000000
v 25.00000000 4.00000000 3.50000000
v 24.50000000 4.00000000 5.00000000
v 25.00000000 4.00000000 5.50000000
v 25.00000000 5.00000000 1.50000000
v 25.00000000 4.50000000 3.00000000
v 25.00000000 5.00000000 4.50000000
v 25.00000000 4.50000000 5.00000000
v 25.00000000 5.50000000 2.00000000
v 25.00000000 5.50000000 3.00000000
v 25.00000000 5.50000000 4.00000000
v 24.50000000 18.00000000 1.00000000
v 24.50000000 18.00000000 2.00000000
v 24.50000000 18.00000000 3.00000000
v 24.50000000 18.00000000 4.00000000
v 24.50000000 18.00000000 5.00000000
v 24.50000000 19.00000000 1.00000000
v 25.00000000 19.00000000 1.50000000
v 25.00000000 18.50000000 2.00000000
v 25.00000000 18.50000000 3.00000000
v 25.00000000 18.50000000 4.00000000
v 24.50000000 19.00000000 5.00000000
v 25.00000000 19.00000000 4.50000000
v 24.50000000 20.00000000 1.00000000
v 25.00000000 20.00000000 1.50000000
v 24.50000000 20.00000000 3.00000000
v 24.50000000 20.00000000 5.00000000
v 25.00000000 20.00000000 4.50000000
v 25.00000000 20.50000000 1.00000000
v 25.00000000 21.00000000 0.50000000
v 25.00000000 21.00000000 2.50000000
v 25.00000000 20.50000000 3.00000000
v 25.00000000 21.00000000 3.50000000
v 25.00000000 20.50000000 5.00000000
v 25.00000000 21.00000000 5.50000000
v 25.00000000 22.00000000 0.50000000
v 25.00000000 22.00000000 2.50000000
v 25.00000000 22.00000000 3.50000000
v 25.00000000 22.00000000 5.50000000
v 25.00000000 23.00000000 0.50000000
v 25.00000000 23.00000000 1.50000000
v 25.00000000 22.50000000 2.00000000
v 24.50000000 23.00000000 4.00000000
v 25.00000000 23.00000000 3.50000000
v 25.00000000 23.00000000 5.50000000
v 24.50000000 24.00000000 0.00000000
v 25.00000000 23.50000000 0.00000000
v 25.00000000 24.00000000 -0.50000000
v 25.00000000 24.00000000 1.50000000
v 24.50000000 24.00000000 4.00000000
v 25.00000000 23.50000000 4.00000000
v 25.00000000 24.00000000 4.50000000
v 25.00000000 24.00000000 5.50000000
v 24.50000000 25.00000000 0.00000000
v 25.00000000 25.00000000 -0.50000000
v 24.50000000 25.00000000 2.00000000
v 25.00000000 25.00000000 1.50000000
v 24.50000000 25.00000000 4.00000000
v 25.00000000 25.00000000 4.50000000
v 25.00000000 25.00000000 5.50000000
v 24.50000000 26.00000000 0.00000000
v 25.00000000 26.00000000 -0.50000000
v 24.50000000 26.00000000 2.00000000
v 25.00000000 26.00000000 1.50000000
v 25.00000000 25.50000000 4.00000000
v 25.00000000 26.00000000 3.50000000
v 24.50000000 26.00000000 5.00000000
v 25.00000000 26.00000000 5.50000000
v 25.00000000 26.50000000 0.00000000
v 25.00000000 27.00000000 0.50000000
v 25.00000000 26.50000000 2.00000000
v 25.00000000 26.50000000 3.00000000
v 24.50000000 27.00000000 5.00000000
v 25.00000000 27.00000000 5.50000000
v 25.00000000 27.50000000 1.00000000
v 25.00000000 28.00000000 1.50000000
v 25.00000000 28.00000000 4.50000000
v 25.00000000 27.50000000 5.00000000
v 25.00000000 28.50000000 2.00000000
v 24.50000000 29.00000000 2.00000000
v 25.00000000 28.50000000 3.00000000
v 24.50000000 29.00000000 3.00000000
v 25.00000000 28.50000000 4.00000000
v 24.50000000 29.00000000 4.00000000
v 24.50000000 30.00000000 2.00000000
v 24.50000000 30.00000000 3.00000000
v 24.50000000 30.00000000 4.00000000
v 24.50000000 31.00000000 2.00000000
v 25.00000000 31.00000000 2.50000000
v 25.00000000 30.50000000 3.00000000
v 24.50000000 31.00000000 4.00000000
v 25.00000000 31.00000000 3.50000000
v 25.00000000 31.50000000 2.00000000
v 25.00000000 32.00000000 1.50000000
v 25.00000000 31.50000000 4.00000000
v 25.00000000 32.00000000 4.50000000
v 25.00000000 33.00000000 1.50000000
v 25.00000000 33.00000000 4.50000000
v 25.00000000 33.50000000 2.00000000
v 24.50000000 34.00000000 2.00000000
v 25.00000000 33.50000000 3.00000000
v 24.50000000 34.00000000 3.00000000
v 25.00000000 33.50000000 4.00000000
v 24.50000000 34.00000000 4.00000000
v 25.50000000 0.00000000 3.00000000
v 26.00000000 -0.50000000 3.00000000
v 26.00000000 0.00000000 2.50000000
v 25.50000000 0.00000000 4.00000000
v 26.00000000 -0.50000000 4.00000000
v 26.00000000 0.00000000 4.50000000
v 25.50000000 1.00000000 1.00000000
v 26.00000000 0.50000000 1.00000000
v 26.00000000 1.00000000 0.50000000
v 26.00000000 0.50000000 2.00000000
v 25.50000000 1.00000000 5.00000000
v 26.00000000 0.50000000 5.00000000
v 26.00000000 1.00000000 5.50000000
v 25.50000000 2.00000000 1.00000000
v 26.00000000 2.00000000 0.50000000
v 25.50000000 2.00000000 3.00000000
v 26.00000000 2.00000000 2.50000000
v 26.00000000 1.50000000 3.00000000
v 26.00000000 2.00000000 3.50000000
v 26.00000000 2.00000000 5.50000000
v 25.50000000 3.00000000 1.00000000
v 26.00000000 3.00000000 0.50000000
v 25.50000000 3.00000000 3.00000000
v 26.00000000 3.00000000 2.50000000
v 26.00000000 2.50000000 4.00000000
v 25.50000000 3.00000000 4.00000000
v 26.00000000 3.00000000 4.50000000
v 26.00000000 3.00000000 5.50000000
v 25.50000000 4.00000000 1.00000000
v 26.00000000 4.00000000 0.50000000
v 26.00000000 4.00000000 2.50000000
v 26.00000000 3.50000000 4.00000000
v 26.00000000 4.00000000 3.50000000
v 26.00000000 4.00000000 5.50000000
v 26.00000000 4.50000000 1.00000000
v 26.00000000 5.00000000 1.50000000
v 26.00000000 4.50000000 3.00000000
v 26.00000000 5.00000000 4.50000000
v 26.00000000 4.50000000 5.00000000
v 25.50000000 6.00000000 2.00000000
v 26.00000000 6.00000000 1.50000000
v 25.50000000 6.00000000 3.00000000
v 25.50000000 6.00000000 4.00000000
v 26.00000000 6.00000000 4.50000000
v 25.50000000 7.00000000 2.00000000
v 26.00000000 7.00000000 1.50000000
v 25.50000000 7.00000000 3.00000000
v 25.50000000 7.00000000 4.00000000
v 26.00000000 7.00000000 4.50000000
v 26.00000000 7.50000000 2.00000000
v 26.00000000 7.50000000 3.00000000
v 26.00000000 7.50000000 4.00000000
v 26.00000000 18.50000000 2.00000000
v 26.00000000 19.00000000 1.50000000
v 26.00000000 18.50000000 3.00000000
v 26.00000000 18.50000000 4.00000000
v 26.00000000 19.00000000 4.50000000
v 25.50000000 20.00000000 1.00000000
v 26.00000000 19.50000000 1.00000000
v 26.00000000 20.00000000 0.50000000
v 26.00000000 19.50000000 5.00000000
v 25.50000000 20.00000000 5.00000000
v 26.00000000 20.00000000 5.50000000
v 26.00000000 21.00000000 0.50000000
v 26.00000000 21.00000000 2.50000000
v 26.00000000 20.50000000 3.00000000
v 26.00000000 21.00000000 3.50000000
v 26.00000000 21.00000000 5.50000000
v 26.00000000 22.00000000 0.50000000
v 26.00000000 22.00000000 2.50000000
v 26.00000000 22.00000000 3.50000000
v 26.00000000 22.00000000 5.50000000
v 25.50000000 23.00000000 0.00000000
v 26.00000000 22.50000000 0.00000000
v 26.00000000 23.00000000 -0.50000000
v 26.00000000 23.00000000 1.50000000
v 26.00000000 22.50000000 2.00000000
v 26.00000000 23.00000000 3.50000000
v 26.00000000 23.00000000 5.50000000
v 26.00000000 24.00000000 -0.50000000
v 26.00000000 24.00000000 1.50000000
v 26.00000000 23.50000000 4.00000000
v 26.00000000 24.00000000 4.50000000
v 26.00000000 23.50000000 6.00000000
v 25.50000000 24.00000000 6.00000000
v 26.00000000 24.00000000 6.50000000
v 26.00000000 25.00000000 -0.50000000
v 25.50000000 25.00000000 1.00000000
v 26.00000000 25.00000000 0.50000000
v 26.00000000 24.50000000 1.00000000
v 26.00000000 25.00000000 4.50000000
v 25.50000000 25.00000000 6.00000000
v 26.00000000 25.00000000 6.50000000
v 26.00000000 26.00000000 -0.50000000
v 26.00000000 25.50000000 1.00000000
v 26.00000000 26.00000000 1.50000000
v 25.50000000 26.00000000 4.00000000
v 26.00000000 26.00000000 4.50000000
v 25.50000000 26.00000000 6.00000000
v 26.00000000 26.00000000 6.50000000
v 25.50000000 27.00000000 0.00000000
v 26.00000000 27.00000000 -0.50000000
v 26.00000000 26.50000000 2.00000000
v 25.50000000 27.00000000 3.00000000
v 26.00000000 27.00000000 2.50000000
v 26.00000000 27.00000000 3.50000000
v 26.00000000 26.50000000 4.00000000
v 25.50000000 27.00000000 6.00000000
v 26.00000000 27.00000000 6.50000000
v 26.00000000 27.50000000 0.00000000
v 26.00000000 27.50000000 1.00000000
v 26.00000000 28.00000000 1.50000000
v 26.00000000 27.50000000 3.00000000
v 25.50000000 28.00000000 5.00000000
v 26.00000000 28.00000000 5.50000000
v 26.00000000 27.50000000 6.00000000
v 26.00000000 28.50000000 2.00000000
v 26.00000000 28.50000000 3.00000000
v 26.00000000 28.50000000 4.00000000
v 26.00000000 28.50000000 5.00000000
v 25.50000000 31.00000000 3.00000000
v 25.50000000 32.00000000 2.00000000
v 25.50000000 32.00000000 3.00000000
v 25.50000000 32.00000000 4.00000000
v 25.50000000 33.00000000 2.00000000
v 25.50000000 33.00000000 3.00000000
v 25.50000000 33.00000000 4.00000000
v 26.50000000 0.00000000 2.00000000
v 27.00000000 -0.50000000 2.00000000
v 27.00000000 0.00000000 1.50000000
v 27.00000000 -0.50000000 3.00000000
v 27.00000000 -0.50000000 4.00000000
v 27.00000000 0.00000000 4.50000000
v 27.00000000 0.50000000 1.00000000
v 27.00000000 1.00000000 0.50000000
v 27.00000000 0.50000000 5.00000000
v 27.00000000 1.00000000 5.50000000
v 27.00000000 2.00000000 0.50000000
v 26.50000000 2.00000000 2.00000000
v 27.00000000 2.00000000 1.50000000
v 27.00000000 1.50000000 2.00000000
v 27.00000000 1.50000000 3.00000000
v 27.00000000 1.50000000 4.00000000
v 26.50000000 2.00000000 4.00000000
v 27.00000000 2.00000000 4.50000000
v 27.00000000 2.00000000 5.50000000
v 27.00000000 3.00000000 0.50000000
v 26.50000000 3.00000000 2.00000000
v 27.00000000 3.00000000 1.50000000
v 27.00000000 3.00000000 4.50000000
v 27.00000000 3.00000000 5.50000000
v 27.00000000 4.00000000 0.50000000
v 27.00000000 3.50000000 2.00000000
v 27.00000000 4.00000000 2.50000000
v 27.00000000 3.50000000 4.00000000
v 27.00000000 4.00000000 3.50000000
v 27.00000000 4.00000000 5.50000000
v 26.50000000 5.00000000 1.00000000
v 27.00000000 5.00000000 0.50000000
v 26.50000000 5.00000000 3.00000000
v 27.00000000 5.00000000 2.50000000
v 27.00000000 5.00000000 3.50000000
v 26.50000000 5.00000000 5.00000000
v 27.00000000 5.00000000 5.50000000
v 26.50000000 6.00000000 1.00000000
v 27.00000000 6.00000000 0.50000000
v 26.50000000 6.00000000 3.00000000
v 27.00000000 6.00000000 2.50000000
v 27.00000000 6.00000000 3.50000000
v 26.50000000 6.00000000 5.00000000
v 27.00000000 6.00000000 5.50000000
v 26.50000000 7.00000000 1.00000000
v 27.00000000 7.00000000 0.50000000
v 27.00000000 6.50000000 3.00000000
v 26.50000000 7.00000000 5.00000000
v 27.00000000 7.00000000 5.50000000
v 27.00000000 7.50000000 1.00000000
v 26.50000000 8.00000000 2.00000000
v 27.00000000 8.00000000 1.50000000
v 26.50000000 8.00000000 3.00000000
v 27.00000000 8.00000000 3.50000000
v 27.00000000 7.50000000 4.00000000
v 27.00000000 7.50000000 5.00000000
v 27.00000000 8.50000000 2.00000000
v 27.00000000 8.50000000 3.00000000
v 26.50000000 18.00000000 3.00000000
v 27.00000000 17.50000000 3.00000000
v 27.00000000 18.00000000 2.50000000
v 27.00000000 18.00000000 3.50000000
v 26.50000000 19.00000000 1.00000000
v 27.00000000 18.50000000 1.00000000
v 27.00000000 19.00000000 0.50000000
v 27.00000000 18.50000000 2.00000000
v 27.00000000 18.50000000 4.00000000
v 26.50000000 19.00000000 5.00000000
v 27.00000000 18.50000000 5.00000000
v 27.00000000 19.00000000 5.50000000
v 26.50000000 20.00000000 0.00000000
v 27.00000000 19.50000000 0.00000000
v 27.00000000 20.00000000 -0.50000000
v 26.50000000 20.00000000 3.00000000
v 27.00000000 20.00000000 2.50000000
v 27.00000000 19.50000000 3.00000000
v 27.00000000 19.50000000 4.00000000
v 26.50000000 20.00000000 4.00000000
v 27.00000000 20.00000000 4.50000000
v 27.00000000 20.00000000 5.50000000
v 26.50000000 21.00000000 0.00000000
v 27.00000000 21.00000000 -0.50000000
v 26.50000000 21.00000000 2.00000000
v 27.00000000 21.00000000 1.50000000
v 27.00000000 20.50000000 2.00000000
v 26.50000000 21.00000000 4.00000000
v 27.00000000 21.00000000 4.50000000
v 27.00000000 21.00000000 5.50000000
v 26.50000000 22.00000000 0.00000000
v 27.00000000 22.00000000 -0.50000000
v 26.50000000 22.00000000 2.00000000
v 27.00000000 22.00000000 1.50000000
v 26.50000000 22.00000000 4.00000000
v 27.00000000 22.00000000 4.50000000
v 27.00000000 22.00000000 5.50000000
v 27.00000000 23.00000000 -0.50000000
v 27.00000000 23.00000000 1.50000000
v 27.00000000 22.50000000 4.00000000
v 27.00000000 23.00000000 3.50000000
v 27.00000000 23.00000000 5.50000000
v 27.00000000 24.00000000 -0.50000000
v 27.00000000 24.00000000 1.50000000
v 27.00000000 23.50000000 4.00000000
v 27.00000000 24.00000000 4.50000000
v 27.00000000 23.50000000 6.00000000
v 27.00000000 24.00000000 6.50000000
v 27.00000000 25.00000000 -0.50000000
v 27.00000000 25.00000000 0.50000000
v 27.00000000 24.50000000 1.00000000
v 27.00000000 24.50000000 5.00000000
v 26.50000000 25.00000000 5.00000000
v 27.00000000 25.00000000 5.50000000
v 27.00000000 25.00000000 6.50000000
v 27.00000000 26.00000000 -0.50000000
v 27.00000000 25.50000000 1.00000000
v 27.00000000 26.00000000 1.50000000
v 26.50000000 26.00000000 5.00000000
v 27.00000000 26.00000000 5.50000000
v 27.00000000 26.00000000 6.50000000
v 27.00000000 27.00000000 -0.50000000
v 27.00000000 26.50000000 2.00000000
v 27.00000000 27.00000000 2.50000000
v 26.50000000 27.00000000 4.00000000
v 27.00000000 27.00000000 4.50000000
v 27.00000000 26.50000000 5.00000000
v 27.00000000 27.00000000 6.50000000
v 27.00000000 27.50000000 0.00000000
v 27.00000000 27.50000000 1.00000000
v 27.00000000 28.00000000 1.50000000
v 27.00000000 27.50000000 3.00000000
v 27.00000000 27.50000000 4.00000000
v 27.00000000 28.00000000 5.50000000
v 27.00000000 27.50000000 6.00000000
v 27.00000000 28.50000000 2.00000000
v 27.00000000 28.50000000 3.00000000
v 27.00000000 28.50000000 4.00000000
v 27.00000000 28.50000000 5.00000000
v 27.50000000 0.00000000 2.00000000
v 27.50000000 0.00000000 3.00000000
v 27.50000000 0.00000000 4.00000000
v 27.50000000 1.00000000 1.00000000
v 28.00000000 1.00000000 1.50000000
v 28.00000000 0.50000000 2.00000000
v 28.00000000 0.50000000 3.00000000
v 28.00000000 0.50000000 4.00000000
v 28.00000000 0.50000000 5.00000000
v 28.00000000 1.00000000 5.50000000
v 28.00000000 1.50000000 1.00000000
v 28.00000000 2.00000000 0.50000000
v 27.50000000 2.00000000 2.00000000
v 28.00000000 2.00000000 2.50000000
v 28.00000000 1.50000000 3.00000000
v 27.50000000 2.00000000 4.00000000
v 28.00000000 2.00000000 3.50000000
v 28.00000000 2.00000000 5.50000000
v 28.00000000 3.00000000 0.50000000
v 28.00000000 3.00000000 1.50000000
v 28.00000000 2.50000000 2.00000000
v 28.00000000 2.50000000 4.00000000
v 28.00000000 3.00000000 4.50000000
v 28.00000000 2.50000000 6.00000000
v 27.50000000 3.00000000 6.00000000
v 28.00000000 3.00000000 6.50000000
v 27.50000000 4.00000000 0.00000000
v 28.00000000 3.50000000 0.00000000
v 28.00000000 4.00000000 -0.50000000
v 27.50000000 4.00000000 2.00000000
v 28.00000000 4.00000000 1.50000000
v 27.50000000 4.00000000 4.00000000
v 28.00000000 4.00000000 4.50000000
v 27.50000000 4.00000000 6.00000000
v 28.00000000 4.00000000 6.50000000
v 27.50000000 5.00000000 0.00000000
v 28.00000000 5.00000000 -0.50000000
v 27.50000000 5.00000000 2.00000000
v 28.00000000 5.00000000 1.50000000
v 27.50000000 5.00000000 4.00000000
v 28.00000000 5.00000000 4.50000000
v 27.50000000 5.00000000 6.00000000
v 28.00000000 5.00000000 6.50000000
v 27.50000000 6.00000000 0.00000000
v 28.00000000 6.00000000 -0.50000000
v 27.50000000 6.00000000 2.00000000
v 28.00000000 6.00000000 1.50000000
v 27.50000000 6.00000000 4.00000000
v 28.00000000 6.00000000 4.50000000
v 27.50000000 6.00000000 6.00000000
v 28.00000000 6.00000000 6.50000000
v 27.50000000 7.00000000 0.00000000
v 28.00000000 7.00000000 -0.50000000
v 28.00000000 6.50000000 2.00000000
v 27.50000000 7.00000000 3.00000000
v 28.00000000 7.00000000 2.50000000
v 28.00000000 7.00000000 3.50000000
v 28.00000000 6.50000000 4.00000000
v 28.00000000 7.00000000 5.50000000
v 28.00000000 6.50000000 6.00000000
v 28.00000000 7.50000000 0.00000000
v 27.50000000 8.00000000 1.00000000
v 28.00000000 8.00000000 0.50000000
v 28.00000000 7.50000000 3.00000000
v 27.50000000 8.00000000 4.00000000
v 28.00000000 8.00000000 4.50000000
v 28.00000000 7.50000000 5.00000000
v 28.00000000 8.50000000 1.00000000
v 27.50000000 9.00000000 2.00000000
v 28.00000000 9.00000000 1.50000000
v 27.50000000 9.00000000 3.00000000
v 27.50000000 9.00000000 4.00000000
v 28.00000000 9.00000000 4.50000000
v 27.50000000 10.00000000 2.00000000
v 28.00000000 10.00000000 1.50000000
v 27.50000000 10.00000000 3.00000000
v 27.50000000 10.00000000 4.00000000
v 28.00000000 10.00000000 4.50000000
v 27.50000000 11.00000000 2.00000000
v 28.00000000 11.00000000 1.50000000
v 27.50000000 11.00000000 3.00000000
v 27.50000000 11.00000000 4.00000000
v 28.00000000 11.00000000 4.50000000
v 28.00000000 11.50000000 2.00000000
v 28.00000000 11.50000000 3.00000000
v 28.00000000 11.50000000 4.00000000
v 28.00000000 17.50000000 3.00000000
v 28.00000000 18.00000000 2.50000000
v 27.50000000 18.00000000 4.00000000
v 28.00000000 17.50000000 4.00000000
v 28.00000000 18.00000000 4.50000000
v 28.00000000 18.50000000 1.00000000
v 28.00000000 19.00000000 0.50000000
v 28.00000000 18.50000000 2.00000000
v 28.00000000 18.50000000 5.00000000
v 28.00000000 19.00000000 5.50000000
v 28.00000000 19.50000000 0.00000000
v 28.00000000 20.00000000 -0.50000000
v 27.50000000 20.00000000 2.00000000
v 28.00000000 20.00000000 1.50000000
v 28.00000000 19.50000000 2.00000000
v 28.00000000 19.50000000 3.00000000
v 28.00000000 19.50000000 4.00000000
v 28.00000000 20.00000000 4.50000000
v 28.00000000 20.00000000 5.50000000
v 28.00000000 21.00000000 -0.50000000
v 27.50000000 21.00000000 1.00000000
v 28.00000000 21.00000000 0.50000000
v 28.00000000 20.50000000 1.00000000
v 28.00000000 21.00000000 4.50000000
v 28.00000000 21.00000000 5.50000000
v 28.00000000 22.00000000 -0.50000000
v 28.00000000 21.50000000 1.00000000
v 28.00000000 22.00000000 1.50000000
v 28.00000000 22.00000000 4.50000000
v 28.00000000 22.00000000 5.50000000
v 28.00000000 22.50000000 0.00000000
v 27.50000000 23.00000000 0.00000000
v 28.00000000 23.00000000 0.50000000
v 28.00000000 23.00000000 1.50000000
v 28.00000000 22.50000000 4.00000000
v 28.00000000 23.00000000 3.50000000
v 28.00000000 23.00000000 5.50000000
v 28.00000000 23.50000000 0.00000000
v 28.00000000 24.00000000 -0.50000000
v 28.00000000 24.00000000 1.50000000
v 27.50000000 24.00000000 4.00000000
v 28.00000000 24.00000000 3.50000000
v 28.00000000 23.50000000 6.00000000
v 28.00000000 24.00000000 6.50000000
v 28.00000000 25.00000000 -0.50000000
v 27.50000000 25.00000000 1.00000000
v 28.00000000 25.00000000 1.50000000
v 28.00000000 24.50000000 4.00000000
v 27.50000000 25.00000000 5.00000000
v 28.00000000 25.00000000 4.50000000
v 28.00000000 25.00000000 6.50000000
v 28.00000000 26.00000000 -0.50000000
v 28.00000000 26.00000000 1.50000000
v 27.50000000 26.00000000 5.00000000
v 28.00000000 26.00000000 4.50000000
v 28.00000000 26.00000000 6.50000000
v 28.00000000 26.50000000 0.00000000
v 27.50000000 27.00000000 0.00000000
v 28.00000000 27.00000000 0.50000000
v 28.00000000 26.50000000 2.00000000
v 27.50000000 27.00000000 3.00000000
v 28.00000000 26.50000000 3.00000000
v 27.50000000 27.00000000 4.00000000
v 28.00000000 26.50000000 4.00000000
v 28.00000000 27.00000000 6.50000000
v 28.00000000 27.50000000 1.00000000
v 28.00000000 28.00000000 1.50000000
v 28.00000000 28.00000000 5.50000000
v 28.00000000 27.50000000 6.00000000
v 28.00000000 28.50000000 2.00000000
v 28.00000000 28.50000000 3.00000000
v 28.00000000 28.50000000 4.00000000
v 28.00000000 28.50000000 5.00000000
v 29.00000000 0.50000000 2.00000000
v 29.00000000 1.00000000 1.50000000
v 29.00000000 0.50000000 3.00000000
v 29.00000000 0.50000000 4.00000000
v 28.50000000 1.00000000 5.00000000
v 29.00000000 1.00000000 4.50000000
v 29.00000000 1.50000000 1.00000000
v 29.00000000 2.00000000 0.50000000
v 28.50000000 2.00000000 3.00000000
v 29.00000000 1.50000000 5.00000000
v 29.00000000 2.00000000 5.50000000
v 29.00000000 3.00000000 0.50000000
v 29.00000000 3.00000000 1.50000000
v 29.00000000 2.50000000 2.00000000
v 29.00000000 2.50000000 3.00000000
v 29.00000000 2.50000000 4.00000000
v 29.00000000 3.00000000 4.50000000
v 29.00000000 2.50000000 6.00000000
v 29.00000000 3.00000000 6.50000000
v 29.00000000 3.50000000 0.00000000
v 29.00000000 4.00000000 -0.50000000
v 29.00000000 4.00000000 1.50000000
v 29.00000000 3.50000000 5.00000000
v 28.50000000 4.00000000 5.00000000
v 29.00000000 4.00000000 5.50000000
v 29.00000000 4.00000000 6.50000000
v 29.00000000 5.00000000 -0.50000000
v 28.50000000 5.00000000 1.00000000
v 29.00000000 5.00000000 0.50000000
v 29.00000000 4.50000000 1.00000000
v 28.50000000 5.00000000 5.00000000
v 29.00000000 5.00000000 5.50000000
v 29.00000000 5.00000000 6.50000000
v 29.00000000 6.00000000 -0.50000000
v 28.50000000 6.00000000 1.00000000
v 29.00000000 6.00000000 0.50000000
v 29.00000000 5.50000000 5.00000000
v 29.00000000 6.00000000 4.50000000
v 29.00000000 6.00000000 6.50000000
v 29.00000000 7.00000000 -0.50000000
v 29.00000000 6.50000000 1.00000000
v 28.50000000 7.00000000 2.00000000
v 29.00000000 7.00000000 1.50000000
v 29.00000000 6.50000000 4.00000000
v 29.00000000 7.00000000 3.50000000
v 29.00000000 7.00000000 5.50000000
v 29.00000000 6.50000000 6.00000000
v 29.00000000 7.50000000 0.00000000
v 29.00000000 8.00000000 0.50000000
v 29.00000000 7.50000000 2.00000000
v 29.00000000 7.50000000 3.00000000
v 29.00000000 8.00000000 4.50000000
v 29.00000000 7.50000000 5.00000000
v 29.00000000 8.50000000 1.00000000
v 29.00000000 9.00000000 1.50000000
v 29.00000000 9.00000000 4.50000000
v 29.00000000 10.00000000 1.50000000
v 28.50000000 10.00000000 3.00000000
v 29.00000000 10.00000000 2.50000000
v 29.00000000 9.50000000 3.00000000
v 29.00000000 10.00000000 3.50000000
v 29.00000000 10.00000000 4.50000000
v 29.00000000 11.00000000 1.50000000
v 29.00000000 10.50000000 3.00000000
v 29.00000000 11.00000000 4.50000000
v 28.50000000 12.00000000 1.00000000
v 29.00000000 11.50000000 1.00000000
v 29.00000000 12.00000000 0.50000000
v 28.50000000 12.00000000 2.00000000
v 28.50000000 12.00000000 3.00000000
v 28.50000000 12.00000000 4.00000000
v 29.00000000 11.50000000 5.00000000
v 28.50000000 12.00000000 5.00000000
v 29.00000000 12.00000000 5.50000000
v 28.50000000 13.00000000 1.00000000
v 29.00000000 13.00000000 0.50000000
v 28.50000000 13.00000000 2.00000000
v 28.50000000 13.00000000 3.00000000
v 28.50000000 13.00000000 4.00000000
v 28.50000000 13.00000000 5.00000000
v 29.00000000 13.00000000 5.50000000
v 29.00000000 13.50000000 1.00000000
v 29.00000000 14.00000000 1.50000000
v 28.50000000 14.00000000 2.00000000
v 28.50000000 14.00000000 3.00000000
v 28.50000000 14.00000000 4.00000000
v 28.50000000 14.00000000 5.00000000
v 29.00000000 14.00000000 5.50000000
v 29.00000000 14.50000000 2.00000000
v 29.00000000 15.00000000 2.50000000
v 28.50000000 15.00000000 3.00000000
v 28.50000000 15.00000000 4.00000000
v 29.00000000 15.00000000 4.50000000
v 29.00000000 14.50000000 5.00000000
v 29.00000000 15.50000000 3.00000000
v 29.00000000 15.50000000 4.00000000
v 29.00000000 17.50000000 3.00000000
v 29.00000000 18.00000000 2.50000000
v 28.50000000 18.00000000 4.00000000
v 29.00000000 18.00000000 3.50000000
v 29.00000000 18.50000000 1.00000000
v 29.00000000 19.00000000 0.50000000
v 29.00000000 18.50000000 2.00000000
v 29.00000000 18.50000000 4.00000000
v 29.00000000 18.50000000 5.00000000
v 29.00000000 19.00000000 5.50000000
v 28.50000000 20.00000000 0.00000000
v 29.00000000 20.00000000 0.50000000
v 29.00000000 20.00000000 1.50000000
v 29.00000000 19.50000000 2.00000000
v 29.00000000 19.50000000 3.00000000
v 28.50000000 20.00000000 4.00000000
v 29.00000000 20.00000000 3.50000000
v 29.00000000 20.00000000 5.50000000
v 29.00000000 20.50000000 0.00000000
v 29.00000000 21.00000000 -0.50000000
v 28.50000000 21.00000000 1.00000000
v 29.00000000 21.00000000 1.50000000
v 29.00000000 20.50000000 4.00000000
v 29.00000000 21.00000000 4.50000000
v 29.00000000 21.00000000 5.50000000
v 29.00000000 22.00000000 -0.50000000
v 29.00000000 22.00000000 1.50000000
v 29.00000000 22.00000000 4.50000000
v 29.00000000 22.00000000 5.50000000
v 29.00000000 22.50000000 0.00000000
v 29.00000000 23.00000000 0.50000000
v 29.00000000 22.50000000 2.00000000
v 28.50000000 23.00000000 2.00000000
v 28.50000000 23.00000000 3.00000000
v 29.00000000 22.50000000 3.00000000
v 29.00000000 22.50000000 4.00000000
v 29.00000000 23.00000000 5.50000000
v 28.50000000 24.00000000 0.00000000
v 29.00000000 24.00000000 0.50000000
v 28.50000000 24.00000000 2.00000000
v 28.50000000 24.00000000 3.00000000
v 28.50000000 24.00000000 6.00000000
v 29.00000000 24.00000000 5.50000000
v 28.50000000 25.00000000 0.00000000
v 29.00000000 25.00000000 0.50000000
v 28.50000000 25.00000000 2.00000000
v 28.50000000 25.00000000 3.00000000
v 28.50000000 25.00000000 4.00000000
v 28.50000000 25.00000000 6.00000000
v 29.00000000 25.00000000 5.50000000
v 28.50000000 26.00000000 0.00000000
v 29.00000000 26.00000000 0.50000000
v 28.50000000 26.00000000 2.00000000
v 28.50000000 26.00000000 3.00000000
v 28.50000000 26.00000000 4.00000000
v 28.50000000 26.00000000 6.00000000
v 29.00000000 26.00000000 5.50000000
v 29.00000000 27.00000000 0.50000000
v 28.50000000 27.00000000 6.00000000
v 29.00000000 27.00000000 5.50000000
v 29.00000000 27.50000000 1.00000000
v 29.00000000 27.50000000 2.00000000
v 28.50000000 28.00000000 2.00000000
v 29.00000000 27.50000000 3.00000000
v 28.50000000 28.00000000 3.00000000
v 29.00000000 27.50000000 4.00000000
v 28.50000000 28.00000000 4.00000000
v 29.00000000 27.50000000 5.00000000
v 28.50000000 28.00000000 5.00000000
v 29.50000000 1.00000000 2.00000000
v 29.50000000 1.00000000 3.00000000
v 29.50000000 1.00000000 4.00000000
v 30.00000000 1.50000000 1.00000000
v 30.00000000 2.00000000 0.50000000
v 30.00000000 1.50000000 2.00000000
v 30.00000000 1.50000000 3.00000000
v 30.00000000 1.50000000 4.00000000
v 30.00000000 1.50000000 5.00000000
v 30.00000000 2.00000000 5.50000000
v 30.00000000 3.00000000 0.50000000
v 29.50000000 3.00000000 2.00000000
v 30.00000000 3.00000000 2.50000000
v 30.00000000 2.50000000 3.00000000
v 30.00000000 2.50000000 4.00000000
v 30.00000000 3.00000000 4.50000000
v 30.00000000 2.50000000 6.00000000
v 30.00000000 3.00000000 6.50000000
v 30.00000000 3.50000000 0.00000000
v 30.00000000 4.00000000 -0.50000000
v 30.00000000 4.00000000 1.50000000
v 30.00000000 3.50000000 2.00000000
v 30.00000000 3.50000000 5.00000000
v 30.00000000 4.00000000 5.50000000
v 30.00000000 4.00000000 6.50000000
v 30.00000000 5.00000000 -0.50000000
v 30.00000000 5.00000000 0.50000000
v 30.00000000 4.50000000 1.00000000
v 30.00000000 5.00000000 5.50000000
v 30.00000000 5.00000000 6.50000000
v 30.00000000 6.00000000 -0.50000000
v 30.00000000 6.00000000 0.50000000
v 30.00000000 5.50000000 5.00000000
v 30.00000000 6.00000000 4.50000000
v 30.00000000 6.00000000 6.50000000
v 30.00000000 7.00000000 -0.50000000
v 30.00000000 6.50000000 1.00000000
v 29.50000000 7.00000000 2.00000000
v 30.00000000 6.50000000 2.00000000
v 30.00000000 7.00000000 2.50000000
v 30.00000000 6.50000000 4.00000000
v 30.00000000 7.00000000 3.50000000
v 30.00000000 7.00000000 5.50000000
v 30.00000000 6.50000000 6.00000000
v 30.00000000 7.50000000 0.00000000
v 30.00000000 8.00000000 0.50000000
v 30.00000000 7.50000000 3.00000000
v 30.00000000 8.00000000 4.50000000
v 30.00000000 7.50000000 5.00000000
v 30.00000000 8.50000000 1.00000000
v 30.00000000 9.00000000 1.50000000
v 29.50000000 9.00000000 3.00000000
v 30.00000000 9.00000000 2.50000000
v 30.00000000 8.50000000 3.00000000
v 30.00000000 9.00000000 3.50000000
v 30.00000000 9.00000000 4.50000000
v 30.00000000 10.00000000 1.50000000
v 29.50000000 10.00000000 3.00000000
v 30.00000000 9.50000000 3.00000000
v 30.00000000 10.00000000 4.50000000
v 29.50000000 11.00000000 1.00000000
v 30.00000000 10.50000000 1.00000000
v 30.00000000 11.00000000 0.50000000
v 30.00000000 10.50000000 5.00000000
v 29.50000000 11.00000000 5.00000000
v 30.00000000 11.00000000 5.50000000
v 30.00000000 12.00000000 0.50000000
v 29.50000000 12.00000000 3.00000000
v 30.00000000 12.00000000 2.50000000
v 30.00000000 11.50000000 3.00000000
v 30.00000000 12.00000000 3.50000000
v 29.50000000 12.00000000 6.00000000
v 30.00000000 11.50000000 6.00000000
v 30.00000000 12.00000000 6.50000000
v 30.00000000 13.00000000 0.50000000
v 29.50000000 13.00000000 3.00000000
v 30.00000000 13.00000000 2.50000000
v 30.00000000 12.50000000 4.00000000
v 29.50000000 13.00000000 4.00000000
v 30.00000000 13.00000000 4.50000000
v 29.50000000 13.00000000 6.00000000
v 30.00000000 13.00000000 6.50000000
v 29.50000000 14.00000000 1.00000000
v 30.00000000 14.00000000 0.50000000
v 30.00000000 13.50000000 3.00000000
v 30.00000000 13.50000000 4.00000000
v 29.50000000 14.00000000 6.00000000
v 30.00000000 14.00000000 6.50000000
v 30.00000000 14.50000000 1.00000000
v 29.50000000 15.00000000 2.00000000
v 30.00000000 15.00000000 1.50000000
v 29.50000000 15.00000000 5.00000000
v 30.00000000 15.00000000 5.50000000
v 30.00000000 14.50000000 6.00000000
v 30.00000000 15.50000000 2.00000000
v 30.00000000 15.50000000 3.00000000
v 30.00000000 15.50000000 4.00000000
v 30.00000000 15.50000000 5.00000000
v 29.50000000 18.00000000 3.00000000
v 30.00000000 18.50000000 1.00000000
v 30.00000000 19.00000000 0.50000000
v 30.00000000 18.50000000 2.00000000
v 30.00000000 18.50000000 3.00000000
v 30.00000000 18.50000000 4.00000000
v 29.50000000 19.00000000 5.00000000
v 30.00000000 19.00000000 4.50000000
v 30.00000000 20.00000000 0.50000000
v 29.50000000 20.00000000 2.00000000
v 29.50000000 20.00000000 3.00000000
v 30.00000000 19.50000000 5.00000000
v 30.00000000 20.00000000 5.50000000
v 29.50000000 21.00000000 0.00000000
v 30.00000000 21.00000000 0.50000000
v 29.50000000 21.00000000 2.00000000
v 29.50000000 21.00000000 3.00000000
v 29.50000000 21.00000000 4.00000000
v 30.00000000 21.00000000 5.50000000
v 29.50000000 22.00000000 0.00000000
v 30.00000000 22.00000000 0.50000000
v 29.50000000 22.00000000 2.00000000
v 29.50000000 22.00000000 3.00000000
v 29.50000000 22.00000000 4.00000000
v 30.00000000 22.00000000 5.50000000
v 30.00000000 23.00000000 0.50000000
v 30.00000000 22.50000000 5.00000000
v 29.50000000 23.00000000 5.00000000
v 30.00000000 23.00000000 4.50000000
v 30.00000000 23.50000000 1.00000000
v 29.50000000 24.00000000 1.00000000
v 30.00000000 23.50000000 2.00000000
v 29.50000000 24.00000000 2.00000000
v 30.00000000 23.50000000 3.00000000
v 29.50000000 24.00000000 3.00000000
v 30.00000000 23.50000000 4.00000000
v 29.50000000 24.00000000 4.00000000
v 29.50000000 24.00000000 5.00000000
v 29.50000000 25.00000000 1.00000000
v 29.50000000 25.00000000 2.00000000
v 29.50000000 25.00000000 3.00000000
v 29.50000000 25.00000000 4.00000000
v 29.50000000 25.00000000 5.00000000
v 29.50000000 26.00000000 1.00000000
v 29.50000000 26.00000000 2.00000000
v 29.50000000 26.00000000 3.00000000
v 29.50000000 26.00000000 4.00000000
v 29.50000000 26.00000000 5.00000000
v 29.50000000 27.00000000 1.00000000
v 29.50000000 27.00000000 2.00000000
v 29.50000000 27.00000000 3.00000000
v 29.50000000 27.00000000 4.00000000
v 29.50000000 27.00000000 5.00000000
v 30.50000000 2.00000000 1.00000000
v 31.00000000 2.00000000 1.50000000
v 31.00000000 1.50000000 2.00000000
v 31.00000000 1.50000000 3.00000000
v 31.00000000 1.50000000 4.00000000
v 31.00000000 1.50000000 5.00000000
v 31.00000000 2.00000000 5.50000000
v 31.00000000 2.50000000 1.00000000
v 31.00000000 3.00000000 0.50000000
v 30.50000000 3.00000000 3.00000000
v 30.50000000 3.00000000 4.00000000
v 30.50000000 3.00000000 6.00000000
v 31.00000000 3.00000000 5.50000000
v 31.00000000 3.50000000 0.00000000
v 31.00000000 4.00000000 -0.50000000
v 31.00000000 4.00000000 1.50000000
v 31.00000000 3.50000000 2.00000000
v 31.00000000 3.50000000 3.00000000
v 31.00000000 3.50000000 4.00000000
v 30.50000000 4.00000000 5.00000000
v 31.00000000 4.00000000 4.50000000
v 31.00000000 3.50000000 6.00000000
v 31.00000000 4.00000000 6.50000000
v 31.00000000 5.00000000 -0.50000000
v 30.50000000 5.00000000 1.00000000
v 31.00000000 5.00000000 1.50000000
v 30.50000000 5.00000000 5.00000000
v 31.00000000 5.00000000 4.50000000
v 31.00000000 5.00000000 6.50000000
v 31.00000000 6.00000000 -0.50000000
v 30.50000000 6.00000000 1.00000000
v 31.00000000 6.00000000 1.50000000
v 31.00000000 6.00000000 4.50000000
v 31.00000000 6.00000000 6.50000000
v 31.00000000 6.50000000 0.00000000
v 30.50000000 7.00000000 0.00000000
v 31.00000000 7.00000000 0.50000000
v 31.00000000 6.50000000 2.00000000
v 31.00000000 7.00000000 2.50000000
v 31.00000000 6.50000000 4.00000000
v 31.00000000 7.00000000 3.50000000
v 31.00000000 7.00000000 5.50000000
v 31.00000000 6.50000000 6.00000000
v 31.00000000 7.50000000 1.00000000
v 30.50000000 8.00000000 1.00000000
v 31.00000000 8.00000000 1.50000000
v 30.50000000 8.00000000 3.00000000
v 31.00000000 8.00000000 2.50000000
v 31.00000000 8.00000000 3.50000000
v 31.00000000 8.00000000 4.50000000
v 31.00000000 7.50000000 5.00000000
v 31.00000000 9.00000000 1.50000000
v 30.50000000 9.00000000 3.00000000
v 31.00000000 8.50000000 3.00000000
v 31.00000000 9.00000000 4.50000000
v 31.00000000 10.00000000 1.50000000
v 31.00000000 10.00000000 4.50000000
v 31.00000000 10.50000000 1.00000000
v 31.00000000 11.00000000 0.50000000
v 31.00000000 10.50000000 5.00000000
v 31.00000000 11.00000000 5.50000000
v 31.00000000 12.00000000 0.50000000
v 30.50000000 12.00000000 2.00000000
v 31.00000000 12.00000000 1.50000000
v 31.00000000 11.50000000 2.00000000
v 31.00000000 11.50000000 3.00000000
v 31.00000000 11.50000000 4.00000000
v 30.50000000 12.00000000 4.00000000
v 31.00000000 12.00000000 4.50000000
v 31.00000000 11.50000000 6.00000000
v 31.00000000 12.00000000 6.50000000
v 31.00000000 13.00000000 0.50000000
v 30.50000000 13.00000000 2.00000000
v 31.00000000 13.00000000 1.50000000
v 31.00000000 12.50000000 5.00000000
v 30.50000000 13.00000000 5.00000000
v 31.00000000 13.00000000 5.50000000
v 31.00000000 13.00000000 6.50000000
v 31.00000000 14.00000000 0.50000000
v 30.50000000 14.00000000 2.00000000
v 31.00000000 14.00000000 1.50000000
v 30.50000000 14.00000000 3.00000000
v 30.50000000 14.00000000 4.00000000
v 31.00000000 14.00000000 4.50000000
v 31.00000000 13.50000000 5.00000000
v 31.00000000 14.00000000 6.50000000
v 30.50000000 15.00000000 1.00000000
v 31.00000000 15.00000000 0.50000000
v 31.00000000 14.50000000 2.00000000
v 31.00000000 14.50000000 3.00000000
v 31.00000000 14.50000000 4.00000000
v 31.00000000 15.00000000 5.50000000
v 31.00000000 14.50000000 6.00000000
v 31.00000000 15.50000000 1.00000000
v 31.00000000 15.50000000 2.00000000
v 30.50000000 16.00000000 3.00000000
v 31.00000000 16.00000000 2.50000000
v 31.00000000 16.00000000 3.50000000
v 31.00000000 15.50000000 4.00000000
v 31.00000000 15.50000000 5.00000000
v 31.00000000 16.50000000 3.00000000
v 30.50000000 19.00000000 1.00000000
v 30.50000000 19.00000000 2.00000000
v 30.50000000 19.00000000 3.00000000
v 30.50000000 19.00000000 4.00000000
v 30.50000000 20.00000000 1.00000000
v 30.50000000 20.00000000 2.00000000
v 31.00000000 20.00000000 2.50000000
v 31.00000000 19.50000000 3.00000000
v 30.50000000 20.00000000 4.00000000
v 31.00000000 20.00000000 3.50000000
v 30.50000000 20.00000000 5.00000000
v 30.50000000 21.00000000 1.00000000
v 31.00000000 21.00000000 1.50000000
v 31.00000000 20.50000000 2.00000000
v 30.50000000 21.00000000 4.00000000
v 31.00000000 21.00000000 3.50000000
v 30.50000000 21.00000000 5.00000000
v 30.50000000 22.00000000 1.00000000
v 31.00000000 21.50000000 2.00000000
v 30.50000000 22.00000000 2.00000000
v 31.00000000 21.50000000 3.00000000
v 30.50000000 22.00000000 3.00000000
v 30.50000000 22.00000000 4.00000000
v 30.50000000 22.00000000 5.00000000
v 30.50000000 23.00000000 1.00000000
v 30.50000000 23.00000000 2.00000000
v 30.50000000 23.00000000 3.00000000
v 30.50000000 23.00000000 4.00000000
v 31.50000000 2.00000000 2.00000000
v 31.50000000 2.00000000 3.00000000
v 31.50000000 2.00000000 4.00000000
v 31.50000000 2.00000000 5.00000000
v 32.00000000 2.50000000 1.00000000
v 32.00000000 3.00000000 0.50000000
v 32.00000000 2.50000000 2.00000000
v 32.00000000 2.50000000 3.00000000
v 32.00000000 2.50000000 4.00000000
v 31.50000000 3.00000000 5.00000000
v 32.00000000 3.00000000 4.50000000
v 31.50000000 4.00000000 0.00000000
v 32.00000000 4.00000000 0.50000000
v 31.50000000 4.00000000 2.00000000
v 31.50000000 4.00000000 3.00000000
v 31.50000000 4.00000000 4.00000000
v 32.00000000 3.50000000 5.00000000
v 31.50000000 4.00000000 6.00000000
v 32.00000000 4.00000000 5.50000000
v 31.50000000 5.00000000 0.00000000
v 32.00000000 5.00000000 0.50000000
v 31.50000000 5.00000000 2.00000000
v 31.50000000 5.00000000 3.00000000
v 31.50000000 5.00000000 4.00000000
v 31.50000000 5.00000000 6.00000000
v 32.00000000 5.00000000 5.50000000
v 31.50000000 6.00000000 0.00000000
v 32.00000000 6.00000000 0.50000000
v 31.50000000 6.00000000 2.00000000
v 31.50000000 6.00000000 3.00000000
v 31.50000000 6.00000000 4.00000000
v 31.50000000 6.00000000 6.00000000
v 32.00000000 6.00000000 5.50000000
v 32.00000000 7.00000000 0.50000000
v 32.00000000 6.50000000 3.00000000
v 32.00000000 7.00000000 2.50000000
v 32.00000000 7.00000000 3.50000000
v 32.00000000 6.50000000 5.00000000
v 31.50000000 7.00000000 5.00000000
v 32.00000000 7.00000000 4.50000000
v 32.00000000 7.50000000 1.00000000
v 32.00000000 8.00000000 1.50000000
v 32.00000000 7.50000000 3.00000000
v 31.50000000 8.00000000 3.00000000
v 32.00000000 8.00000000 4.50000000
v 32.00000000 9.00000000 1.50000000
v 32.00000000 9.00000000 4.50000000
v 32.00000000 9.50000000 2.00000000
v 31.50000000 10.00000000 2.00000000
v 32.00000000 10.00000000 2.50000000
v 32.00000000 10.00000000 4.50000000
v 32.00000000 10.50000000 1.00000000
v 32.00000000 11.00000000 0.50000000
v 32.00000000 10.50000000 2.00000000
v 32.00000000 10.50000000 5.00000000
v 32.00000000 11.00000000 5.50000000
v 32.00000000 12.00000000 0.50000000
v 32.00000000 12.00000000 1.50000000
v 32.00000000 11.50000000 2.00000000
v 32.00000000 11.50000000 3.00000000
v 32.00000000 11.50000000 4.00000000
v 32.00000000 12.00000000 4.50000000
v 32.00000000 11.50000000 6.00000000
v 32.00000000 12.00000000 6.50000000
v 32.00000000 13.00000000 0.50000000
v 32.00000000 13.00000000 1.50000000
v 31.50000000 13.00000000 5.00000000
v 32.00000000 13.00000000 4.50000000
v 32.00000000 13.00000000 6.50000000
v 32.00000000 14.00000000 0.50000000
v 32.00000000 14.00000000 1.50000000
v 32.00000000 14.00000000 4.50000000
v 32.00000000 14.00000000 6.50000000
v 32.00000000 15.00000000 0.50000000
v 32.00000000 14.50000000 2.00000000
v 32.00000000 14.50000000 3.00000000
v 32.00000000 14.50000000 4.00000000
v 32.00000000 15.00000000 5.50000000
v 32.00000000 14.50000000 6.00000000
v 32.00000000 15.50000000 1.00000000
v 32.00000000 15.50000000 2.00000000
v 32.00000000 16.00000000 2.50000000
v 32.00000000 16.00000000 3.50000000
v 32.00000000 15.50000000 4.00000000
v 32.00000000 15.50000000 5.00000000
v 32.00000000 16.50000000 3.00000000
v 31.50000000 20.00000000 3.00000000
v 31.50000000 21.00000000 2.00000000
v 31.50000000 21.00000000 3.00000000
v 32.50000000 3.00000000 1.00000000
v 32.50000000 3.00000000 2.00000000
v 32.50000000 3.00000000 3.00000000
v 32.50000000 3.00000000 4.00000000
v 32.50000000 4.00000000 1.00000000
v 32.50000000 4.00000000 2.00000000
v 32.50000000 4.00000000 3.00000000
v 32.50000000 4.00000000 4.00000000
v 32.50000000 4.00000000 5.00000000
v 32.50000000 5.00000000 1.00000000
v 32.50000000 5.00000000 2.00000000
v 32.50000000 5.00000000 3.00000000
v 32.50000000 5.00000000 4.00000000
v 32.50000000 5.00000000 5.00000000
v 32.50000000 6.00000000 1.00000000
v 33.00000000 6.00000000 1.50000000
v 33.00000000 5.50000000 2.00000000
v 33.00000000 5.50000000 3.00000000
v 33.00000000 5.50000000 4.00000000
v 32.50000000 6.00000000 5.00000000
v 33.00000000 6.00000000 4.50000000
v 32.50000000 7.00000000 1.00000000
v 33.00000000 7.00000000 1.50000000
v 32.50000000 7.00000000 3.00000000
v 33.00000000 7.00000000 4.50000000
v 33.00000000 8.00000000 1.50000000
v 33.00000000 8.00000000 4.50000000
v 33.00000000 8.50000000 2.00000000
v 32.50000000 9.00000000 2.00000000
v 33.00000000 8.50000000 3.00000000
v 32.50000000 9.00000000 3.00000000
v 33.00000000 8.50000000 4.00000000
v 32.50000000 9.00000000 4.00000000
v 32.50000000 10.00000000 3.00000000
v 32.50000000 10.00000000 4.00000000
v 33.00000000 10.50000000 1.00000000
v 33.00000000 11.00000000 0.50000000
v 33.00000000 10.50000000 2.00000000
v 33.00000000 10.50000000 3.00000000
v 33.00000000 10.50000000 4.00000000
v 33.00000000 10.50000000 5.00000000
v 33.00000000 11.00000000 5.50000000
v 33.00000000 12.00000000 0.50000000
v 32.50000000 12.00000000 2.00000000
v 32.50000000 12.00000000 3.00000000
v 32.50000000 12.00000000 4.00000000
v 32.50000000 12.00000000 6.00000000
v 33.00000000 12.00000000 5.50000000
v 33.00000000 13.00000000 0.50000000
v 32.50000000 13.00000000 2.00000000
v 33.00000000 13.00000000 2.50000000
v 33.00000000 12.50000000 3.00000000
v 33.00000000 12.50000000 4.00000000
v 33.00000000 13.00000000 4.50000000
v 32.50000000 13.00000000 6.00000000
v 33.00000000 13.00000000 5.50000000
v 33.00000000 14.00000000 0.50000000
v 32.50000000 14.00000000 2.00000000
v 33.00000000 14.00000000 2.50000000
v 32.50000000 14.00000000 4.00000000
v 33.00000000 13.50000000 4.00000000
v 33.00000000 14.00000000 3.50000000
v 32.50000000 14.00000000 6.00000000
v 33.00000000 14.00000000 5.50000000
v 33.00000000 15.00000000 0.50000000
v 33.00000000 14.50000000 3.00000000
v 33.00000000 15.00000000 5.50000000
v 33.00000000 15.50000000 1.00000000
v 33.00000000 15.50000000 2.00000000
v 33.00000000 15.50000000 3.00000000
v 32.50000000 16.00000000 3.00000000
v 33.00000000 15.50000000 4.00000000
v 33.00000000 15.50000000 5.00000000
v 33.50000000 6.00000000 2.00000000
v 33.50000000 6.00000000 3.00000000
v 33.50000000 6.00000000 4.00000000
v 33.50000000 7.00000000 2.00000000
v 33.50000000 7.00000000 3.00000000
v 33.50000000 7.00000000 4.00000000
v 33.50000000 8.00000000 2.00000000
v 33.50000000 8.00000000 3.00000000
v 33.50000000 8.00000000 4.00000000
v 33.50000000 11.00000000 1.00000000
v 33.50000000 11.00000000 2.00000000
v 33.50000000 11.00000000 3.00000000
v 33.50000000 11.00000000 4.00000000
v 33.50000000 11.00000000 5.00000000
v 33.50000000 12.00000000 1.00000000
v 34.00000000 12.00000000 1.50000000
v 34.00000000 11.50000000 2.00000000
v 34.00000000 11.50000000 3.00000000
v 34.00000000 11.50000000 4.00000000
v 33.50000000 12.00000000 5.00000000
v 34.00000000 12.00000000 4.50000000
v 34.00000000 12.50000000 1.00000000
v 34.00000000 13.00000000 0.50000000
v 33.50000000 13.00000000 3.00000000
v 33.50000000 13.00000000 4.00000000
v 34.00000000 12.50000000 5.00000000
v 34.00000000 13.00000000 5.50000000
v 34.00000000 14.00000000 0.50000000
v 33.50000000 14.00000000 3.00000000
v 34.00000000 13.50000000 5.00000000
v 33.50000000 14.00000000 5.00000000
v 34.00000000 14.00000000 4.50000000
v 34.00000000 14.50000000 1.00000000
v 33.50000000 15.00000000 1.00000000
v 34.00000000 15.00000000 1.50000000
v 33.50000000 15.00000000 5.00000000
v 34.00000000 15.00000000 4.50000000
v 34.00000000 15.50000000 2.00000000
v 34.00000000 15.50000000 3.00000000
v 34.00000000 15.50000000 4.00000000
v 34.50000000 12.00000000 2.00000000
v 34.50000000 12.00000000 3.00000000
v 34.50000000 12.00000000 4.00000000
v 34.50000000 13.00000000 1.00000000
v 34.50000000 13.00000000 2.00000000
v 34.50000000 13.00000000 3.00000000
v 34.50000000 13.00000000 4.00000000
v 34.50000000 13.00000000 5.00000000
v 34.50000000 14.00000000 1.00000000
v 34.50000000 14.00000000 2.00000000
v 34.50000000 14.00000000 3.00000000
v 34.50000000 14.00000000 4.00000000
v 34.50000000 15.00000000 2.00000000
v 34.50000000 15.00000000 3.00000000
v 34.50000000 15.00000000 4.00000000
vn -0.96225047 -0.19245009 -0.19245009
vn -0.61885273 -0.72199488 -0.30942637
vn -0.44232586 -0.14744195 -0.88465172
vn -0.92998111 -0.11624764 0.34874290
vn -0.50709254 -0.84515423 0.16903085
vn -0.43193421 -0.25916052 0.86386842
vn -0.85714287 0.28571430 -0.42857143
vn -0.43193421 0.25916052 -0.86386842
vn -0.94072086 0.28221625 0.18814418
vn -0.43643579 0.21821789 0.87287158
vn -0.50709254 0.84515423 -0.16903085
vn -0.36650833 0.85518610 0.36650833
vn -0.96225047 -0.19245009 -0.19245009
vn -0.61885273 -0.72199488 -0.30942637
vn -0.44360697 -0.12674485 -0.88721395
vn -0.97014248 -0.24253562 -0.00000000
vn -0.44721359 -0.89442718 -0.00000000
vn -0.92450035 -0.09245003 0.36980012
vn -0.50709254 -0.84515423 0.16903085
vn -0.40824831 -0.40824831 0.81649661
vn -0.89442718 -0.00000000 -0.44721359
vn -0.28734788 -0.00000000 -0.95782626
vn -0.96152395 -0.27472112 -0.00000000
vn -0.94174188 -0.33633640 -0.00000000
vn -0.49236596 -0.61545748 0.61545748
vn -0.95782626 -0.00000000 0.28734788
vn -0.15617377 -0.31234753 0.93704259
vn -0.57469577 -0.28734788 -0.76626104
vn -0.43643579 -0.21821789 -0.87287158
vn -0.73960024 -0.18490006 0.64715022
vn -0.24253562 -0.00000000 0.97014248
vn -0.95770425 0.23942606 -0.15961738
vn -0.49236596 -0.61545748 -0.61545748
vn -0.14106913 0.07053456 -0.98748386
vn -0.88888890 -0.11111111 -0.44444445
vn -0.66666669 0.33333334 0.66666669
vn -0.20507579 0.20507579 0.95702028
vn -0.57735026 0.57735026 -0.57735026
vn -0.40824831 0.40824831 -0.81649661
vn -0.63960212 0.63960212 -0.42640144
vn -0.96152395 0.27472112 -0.00000000
vn -0.84515423 0.50709254 0.16903085
vn -0.40824831 0.40824831 0.81649661
vn -0.50767308 0.60920769 0.60920769
vn -0.36760733 0.88225752 -0.29408586
vn -0.44721359 0.89442718 -0.00000000
vn -0.36650833 0.85518610 0.36650833
vn -0.95770425 -0.15961738 -0.23942606
vn -0.53452247 -0.80178374 -0.26726124
vn -0.40824831 -0.40824831 -0.81649661
vn -0.97014248 -0.24253562 -0.00000000
vn -0.44721359 -0.89442718 -0.00000000
vn -0.92450035 -0.09245003 0.36980012
vn -0.62017369 -0.74420840 0.24806947
vn -0.40824831 -0.40824831 0.81649661
vn -0.98058069 -0.00000000 -0.19611613
vn -0.39056674 -0.65094453 -0.65094453
vn -0.23570226 -0.23570226 -0.94280905
vn -0.92307693 -0.38461539 -0.00000000
vn -0.97014248 -0.24253562 -0.00000000
vn -0.94174188 -0.33633640 -0.00000000
vn -0.39056674 -0.65094453 0.65094453
vn -0.95782626 -0.00000000 0.28734788
vn -0.15617377 -0.31234753 0.93704259
vn -0.49236596 -0.12309149 -0.86164045
vn -0.13608277 0.27216554 -0.95257932
vn -0.60920769 -0.50767308 0.60920769
vn -0.27472112 -0.00000000 0.96152395
vn -0.39056674 0.65094453 -0.65094453
vn -0.14106913 -0.07053456 -0.98748386
vn 0.97014248 -0.00000000 -0.24253562
vn 0.23570226 0.23570226 0.94280905
vn 0.61721343 0.77151674 0.15430336
vn 0.40824831 0.40824831 -0.81649661
vn -0.00000000 -0.00000000 1.00000000
vn -0.59628481 -0.29814240 -0.74535596
vn -0.39056674 -0.65094453 -0.65094453
vn -0.26906911 -0.20180184 -0.94174188
vn 0.92998111 0.11624764 0.34874290
vn 0.24253562 -0.00000000 0.97014248
vn 0.49236596 0.61545748 -0.61545748
vn 0.95782626 -0.00000000 -0.28734788
vn -0.23210354 0.29012942 -0.92841417
vn -0.00000000 -0.00000000 1.00000000
vn -0.00000000 -0.00000000 -1.00000000
vn 0.85714287 -0.28571430 0.42857143
vn 0.13608277 -0.27216554 0.95257932
vn 0.94072086 -0.28221625 -0.18814418
vn 0.09759001 -0.19518001 -0.97590005
vn -0.00000000 -0.00000000 1.00000000
vn -0.66666669 0.33333334 -0.66666669
vn -0.17896500 0.23862000 -0.95447999
vn 0.23942606 -0.95770425 0.15961738
vn -0.00000000 -0.94868332 -0.31622776
vn -0.69631064 0.17407766 0.69631064
vn -0.23862000 0.17896500 0.95447999
vn -0.63636363 0.54545456 -0.54545456
vn -0.88345224 0.33129457 -0.33129457
vn -0.44232586 0.14744195 -0.88465172
vn -0.97014248 0.24253562 -0.00000000
vn -0.92057461 0.27617240 0.27617240
vn -0.42857143 0.28571430 0.85714287
vn -0.50767308 0.60920769 0.60920769
vn -0.85714287 0.28571430 -0.42857143
vn -0.43643579 0.21821789 -0.87287158
vn -0.97014248 0.24253562 -0.00000000
vn -0.94072086 0.28221625 0.18814418
vn -0.43643579 0.21821789 0.87287158
vn -0.36760733 0.88225752 -0.29408586
vn -0.44721359 0.89442718 -0.00000000
vn -0.36650833 0.85518610 0.36650833
vn -0.86657822 -0.43328911 -0.24759379
vn -0.10482848 -0.94345635 -0.31448546
vn -0.25916052 -0.43193421 -0.86386842
vn -0.89442718 -0.44721359 -0.00000000
vn -0.24253562 -0.97014248 -0.00000000
vn -0.85714287 -0.42857143 0.28571430
vn -0.23570226 -0.94280905 0.23570226
vn -0.18823674 -0.43921906 0.87843812
vn -0.45584232 -0.56980288 -0.68376344
vn -0.00000000 -0.70710677 -0.70710677
vn -0.31234753 -0.15617377 -0.93704259
vn -0.68376344 -0.45584232 0.56980288
vn -0.00000000 -0.70710677 0.70710677
vn -0.23570226 -0.23570226 0.94280905
vn -0.00000000 -0.00000000 -1.00000000
vn 0.13018891 0.91132236 0.39056674
vn 0.96225047 -0.19245009 0.19245009
vn 0.16222142 -0.16222142 0.97332853
vn 0.44721359 0.89442718 -0.00000000
vn 0.97014248 0.24253562 -0.00000000
vn 0.23570226 0.94280905 -0.23570226
vn 0.93632919 -0.00000000 -0.35112345
vn 0.18814418 0.28221625 -0.94072086
vn -0.27472112 -0.00000000 0.96152395
vn -0.00000000 -0.00000000 -1.00000000
vn 0.57735026 -0.57735026 0.57735026
vn 0.92450035 0.09245003 0.36980012
vn 0.44444445 -0.11111111 0.88888890
vn 0.95782626 -0.00000000 -0.28734788
vn 0.24253562 -0.00000000 -0.97014248
vn -0.27472112 -0.00000000 0.96152395
vn -0.59628481 -0.29814240 -0.74535596
vn -0.29827499 -0.00000000 -0.95447999
vn -0.00000000 -0.00000000 1.00000000
vn 0.68824720 0.22941573 -0.68824720
vn 0.26906911 -0.20180184 -0.94174188
vn -0.00000000 -0.00000000 1.00000000
vn -0.00000000 -0.00000000 -1.00000000
vn -0.00000000 -0.00000000 1.00000000
vn -0.28221625 -0.18814418 -0.94072086
vn -0.70710677 -0.00000000 -0.70710677
vn 0.29002094 -0.67671555 -0.67671555
vn -0.00000000 -0.00000000 1.00000000
vn 0.29827499 -0.00000000 -0.95447999
vn -0.00000000 -0.00000000 1.00000000
vn -0.66666669 -0.33333334 -0.66666669
vn -0.19611613 -0.00000000 -0.98058069
vn -0.00000000 -0.00000000 1.00000000
vn -0.00000000 -0.00000000 -1.00000000
vn 0.98639393 -0.16439898 -0.00000000
vn 0.27472112 -0.00000000 0.96152395
vn 0.44721359 -0.00000000 -0.89442718
vn -0.00000000 -0.00000000 1.00000000
vn -0.62469506 -0.00000000 -0.78086883
vn -0.27472112 -0.00000000 -0.96152395
vn 0.87287158 -0.43643579 0.21821789
vn 0.44022545 -0.17609018 0.88045090
vn 0.43643579 -0.21821789 -0.87287158
vn -0.80000001 -0.00000000 0.60000002
vn -0.27472112 -0.00000000 0.96152395
vn -0.61885273 0.30942637 -0.72199488
vn -0.13608277 0.27216554 -0.95257932
vn 0.27216554 -0.95257932 0.13608277
vn -0.66666669 0.33333334 0.66666669
vn -0.23942606 0.15961738 0.95770425
vn -0.63636363 0.54545456 -0.54545456
vn -0.88345224 0.33129457 -0.33129457
vn -0.44232586 0.14744195 -0.88465172
vn -0.95782626 0.28734788 -0.00000000
vn -0.85496461 0.49872935 0.14249410
vn -0.24759379 0.43328911 0.86657822
vn -0.45083481 0.63116872 0.63116872
vn -0.85714287 0.28571430 -0.42857143
vn -0.43643579 0.21821789 -0.87287158
vn -0.86386842 0.43193421 0.25916052
vn -0.40824831 0.40824831 0.81649661
vn -0.39056674 0.65094453 0.65094453
vn -0.36760733 0.88225752 -0.29408586
vn -0.54882127 0.76834983 0.32929277
vn -0.00000000 -0.94868332 -0.31622776
vn -0.00000000 -0.44721359 -0.89442718
vn -0.00000000 -1.00000000 -0.00000000
vn -0.00000000 -0.94868332 0.31622776
vn -0.00000000 -0.44721359 0.89442718
vn -0.00000000 -0.70710677 -0.70710677
vn -0.00000000 -0.24253562 -0.97014248
vn 0.88465172 0.44232586 -0.14744195
vn 0.08908708 0.44543540 0.89087081
vn -0.00000000 1.00000000 -0.00000000
vn -0.08908708 0.44543540 -0.89087081
vn -0.00000000 -0.70710677 0.70710677
vn -0.00000000 -0.44721359 0.89442718
vn -0.00000000 -0.00000000 -1.00000000
vn -0.00000000 0.28734788 0.95782626
vn -0.00000000 0.70710677 0.70710677
vn -0.00000000 0.70710677 -0.70710677
vn -0.00000000 0.24253562 -0.97014248
vn -0.00000000 -0.70710677 0.70710677
vn -0.80000001 -0.00000000 0.60000002
vn -0.18814418 -0.28221625 0.94072086
vn -0.00000000 -0.00000000 -1.00000000
vn 0.59628481 -0.29814240 0.74535596
vn 0.20507579 -0.20507579 0.95702028
vn -0.00000000 -0.00000000 -1.00000000
vn -0.71713716 0.35856858 0.59761429
vn -0.00000000 0.16439898 0.98639393
vn -0.00000000 -0.00000000 -1.00000000
vn 0.39056674 -0.65094453 0.65094453
vn -0.00000000 -0.27472112 0.96152395
vn -0.23570226 -0.23570226 -0.94280905
vn -0.00000000 0.29827499 0.95447999
vn 0.14002801 0.70014006 0.70014006
vn 0.26906911 0.20180184 -0.94174188
vn -0.27472112 -0.00000000 0.96152395
vn -0.33333334 -0.66666669 -0.66666669
vn -0.23570226 -0.23570226 -0.94280905
vn 0.29827499 -0.00000000 0.95447999
vn 0.27216554 0.68041384 -0.68041384
vn 0.71713716 -0.35856858 -0.59761429
vn 0.16222142 0.16222142 -0.97332853
vn -0.27472112 -0.00000000 0.96152395
vn -0.18814418 0.28221625 -0.94072086
vn -0.00000000 -0.00000000 1.00000000
vn 0.22941573 -0.68824720 -0.68824720
vn -0.00000000 -0.27472112 -0.96152395
vn -0.00000000 0.31622776 0.94868332
vn -0.00000000 0.70710677 -0.70710677
vn 0.80000001 -0.00000000 -0.60000002
vn -0.16222142 0.16222142 -0.97332853
vn -0.00000000 -0.00000000 1.00000000
vn -0.00000000 -0.00000000 -1.00000000
vn 0.66666669 -0.33333334 0.66666669
vn 0.19518001 -0.09759001 0.97590005
vn -0.00000000 0.70710677 0.70710677
vn 0.66666669 -0.33333334 -0.66666669
vn 0.28221625 -0.18814418 -0.94072086
vn -0.00000000 -0.00000000 1.00000000
vn -0.00000000 -0.00000000 -1.00000000
vn 0.63636363 -0.54545456 0.54545456
vn 0.61721343 -0.77151674 0.15430336
vn 0.12674485 -0.44360697 0.88721395
vn 0.24759379 -0.43328911 -0.86657822
vn 0.45083481 -0.63116872 -0.63116872
vn -0.00000000 0.24253562 0.97014248
vn -0.62469506 -0.00000000 -0.78086883
vn -0.27472112 -0.00000000 -0.96152395
vn 0.36514837 -0.91287094 -0.18257418
vn -0.00000000 0.28734788 0.95782626
vn -0.00000000 0.70710677 0.70710677
vn -0.61885273 0.30942637 -0.72199488
vn -0.13608277 0.27216554 -0.95257932
vn -0.81923193 -0.00000000 0.57346237
vn -0.44721359 -0.00000000 0.89442718
vn -0.63636363 0.54545456 -0.54545456
vn -0.76626104 0.57469577 -0.28734788
vn -0.40824831 0.40824831 -0.81649661
vn -0.98639393 0.16439898 -0.00000000
vn -0.88045090 0.44022545 0.17609018
vn -0.43643579 0.21821789 0.87287158
vn -0.45083481 0.63116872 -0.63116872
vn -0.40824831 0.40824831 -0.81649661
vn -0.49236596 0.86164045 -0.12309149
vn -0.40824831 0.40824831 0.81649661
vn -0.39056674 0.65094453 0.65094453
vn -0.27216554 0.95257932 0.13608277
vn 0.23570226 -0.94280905 -0.23570226
vn 0.14744195 -0.44232586 -0.88465172
vn 0.24253562 -0.97014248 -0.00000000
vn 0.10482848 -0.94345635 0.31448546
vn 0.25916052 -0.43193421 0.86386842
vn -0.00000000 -0.70710677 -0.70710677
vn -0.00000000 -0.24253562 -0.97014248
vn -0.88465172 0.44232586 0.14744195
vn -0.00000000 -0.70710677 0.70710677
vn -0.00000000 -0.44721359 0.89442718
vn -0.00000000 -0.00000000 -1.00000000
vn -0.15961738 0.23942606 0.95770425
vn -0.23570226 0.94280905 0.23570226
vn -0.44721359 0.89442718 -0.00000000
vn -0.13018891 0.91132236 -0.39056674
vn -0.23942606 0.15961738 -0.95770425
vn -0.00000000 -0.70710677 0.70710677
vn 0.16222142 0.16222142 0.97332853
vn -0.00000000 -0.00000000 -1.00000000
vn -0.28221625 -0.18814418 0.94072086
vn -0.15617377 -0.31234753 -0.93704259
vn 0.59628481 0.29814240 0.74535596
vn 0.26906911 0.20180184 0.94174188
vn 0.39056674 0.65094453 0.65094453
vn -0.00000000 0.29827499 -0.95447999
vn -0.33333334 -0.66666669 0.66666669
vn -0.21821789 -0.43643579 0.87287158
vn -0.70436072 -0.35218036 -0.61631566
vn -0.57735026 -0.57735026 -0.57735026
vn -0.40824831 -0.40824831 -0.81649661
vn -0.00000000 0.27472112 0.96152395
vn -0.00000000 0.70710677 -0.70710677
vn 0.71713716 0.35856858 -0.59761429
vn -0.00000000 0.16439898 -0.98639393
vn -0.36514837 -0.91287094 0.18257418
vn -0.88465172 -0.44232586 -0.14744195
vn -0.00000000 0.70710677 0.70710677
vn 0.56568545 -0.42426407 0.70710677
vn 0.19518001 -0.09759001 0.97590005
vn -0.18814418 -0.28221625 -0.94072086
vn -0.88888890 0.44444445 -0.11111111
vn 0.39056674 -0.65094453 0.65094453
vn -0.00000000 -0.27472112 0.96152395
vn -0.39056674 -0.65094453 -0.65094453
vn -0.00000000 -0.27472112 -0.96152395
vn -0.00000000 0.44721359 0.89442718
vn -0.70352650 0.70352650 -0.10050378
vn -0.52981293 0.52981293 -0.66226619
vn -0.12674485 0.44360697 -0.88721395
vn -0.00000000 -0.00000000 1.00000000
vn -0.00000000 -0.00000000 -1.00000000
vn -0.19518001 0.09759001 0.97590005
vn -0.00000000 0.70710677 0.70710677
vn -0.39056674 0.65094453 -0.65094453
vn -0.16439898 -0.00000000 -0.98639393
vn -0.00000000 -0.00000000 1.00000000
vn -0.00000000 -0.00000000 -1.00000000
vn -0.22941573 -0.68824720 0.68824720
vn -0.00000000 -0.31622776 0.94868332
vn -0.39056674 -0.65094453 -0.65094453
vn -0.00000000 -0.31622776 -0.94868332
vn -0.00000000 0.24253562 0.97014248
vn -0.00000000 -0.00000000 -1.00000000
vn 0.99227786 -0.00000000 0.12403473
vn 0.23570226 0.23570226 0.94280905
vn 0.27472112 -0.00000000 -0.96152395
vn -0.00000000 -0.07124705 0.99745870
vn -0.00000000 0.70710677 0.70710677
vn -0.00000000 -0.00000000 -1.00000000
vn 0.96225047 -0.19245009 0.19245009
vn -0.00000000 -0.00000000 1.00000000
vn 0.14002801 0.70014006 0.70014006
vn 0.94280905 -0.23570226 -0.23570226
vn 0.20507579 -0.20507579 -0.95702028
vn -0.00000000 -0.70710677 0.70710677
vn -0.80000001 -0.00000000 0.60000002
vn -0.18814418 -0.28221625 0.94072086
vn -0.68824720 0.22941573 -0.68824720
vn -0.17896500 0.23862000 -0.95447999
vn 0.12038586 -0.96308684 0.24077171
vn 0.17277369 -0.95025527 -0.25916052
vn -0.66666669 0.33333334 0.66666669
vn -0.20507579 0.20507579 0.95702028
vn -0.63636363 0.54545456 -0.54545456
vn -0.52981293 0.52981293 -0.66226619
vn -0.40824831 0.40824831 -0.81649661
vn -0.68376344 0.45584232 0.56980288
vn -0.40824831 0.40824831 0.81649661
vn -0.50767308 0.60920769 0.60920769
vn -0.49872935 0.85496461 -0.14249410
vn -0.28734788 0.95782626 -0.00000000
vn -0.53452247 0.80178374 0.26726124
vn 0.84799832 -0.42399916 -0.31799936
vn 0.89442718 -0.44721359 -0.00000000
vn 0.88045090 -0.44022545 0.17609018
vn 0.23570226 -0.94280905 -0.23570226
vn 0.15961738 -0.23942606 -0.95770425
vn 0.44721359 -0.89442718 -0.00000000
vn 0.44721359 -0.89442718 -0.00000000
vn 0.44721359 -0.89442718 -0.00000000
vn 0.13018891 -0.91132236 0.39056674
vn 0.28221625 -0.18814418 0.94072086
vn 0.24253562 -0.00000000 -0.97014248
vn -0.95346260 0.09534626 0.28603879
vn -0.97014248 0.24253562 -0.00000000
vn -0.94280905 0.23570226 -0.23570226
vn 0.59628481 0.29814240 0.74535596
vn 0.44721359 -0.00000000 0.89442718
vn 0.27472112 -0.00000000 -0.96152395
vn -0.91287094 -0.36514837 0.18257418
vn -1.00000000 -0.00000000 -0.00000000
vn -0.92057461 -0.27617240 -0.27617240
vn -0.00000000 -0.00000000 1.00000000
vn -0.00000000 -0.00000000 -1.00000000
vn -0.49236596 -0.86164045 -0.12309149
vn -0.00000000 0.27472112 0.96152395
vn -0.62469506 -0.00000000 -0.78086883
vn -0.27472112 -0.00000000 -0.96152395
vn -0.19518001 0.09759001 0.97590005
vn -0.00000000 0.70710677 0.70710677
vn -0.53452247 -0.26726124 -0.80178374
vn -0.27472112 -0.00000000 -0.96152395
vn -0.22941573 -0.68824720 0.68824720
vn -0.00000000 -0.27472112 0.96152395
vn -0.00000000 -0.00000000 -1.00000000
vn 0.26906911 0.20180184 0.94174188
vn 0.77151674 0.61721343 -0.15430336
vn 0.30769232 0.23076923 -0.92307693
vn -0.00000000 -0.00000000 1.00000000
vn -0.00000000 -0.00000000 -1.00000000
vn -0.71713716 -0.35856858 0.59761429
vn -0.33633640 -0.00000000 0.94174188
vn -0.59628481 -0.29814240 -0.74535596
vn -0.33633640 -0.00000000 -0.94174188
vn -0.00000000 -0.00000000 1.00000000
vn -0.00000000 -0.00000000 -1.00000000
vn -0.00000000 -0.00000000 1.00000000
vn -0.00000000 -0.00000000 -1.00000000
vn 0.23570226 0.23570226 0.94280905
vn 0.27472112 -0.00000000 -0.96152395
vn -0.00000000 -0.00000000 1.00000000
vn -0.00000000 -0.00000000 -1.00000000
vn -0.00000000 -0.00000000 1.00000000
vn 0.39056674 0.65094453 0.65094453
vn 0.27472112 -0.00000000 -0.96152395
vn -0.74278134 -0.37139067 0.55708599
vn -0.27472112 -0.00000000 0.96152395
vn -0.00000000 -0.00000000 -1.00000000
vn -0.00000000 -0.70710677 0.70710677
vn 0.27216554 -0.13608277 0.95257932
vn -0.00000000 -0.00000000 -1.00000000
vn 0.21199958 -0.21199958 0.95399809
vn 0.80000001 -0.60000002 -0.00000000
vn 0.21199958 -0.21199958 -0.95399809
vn -0.00000000 -0.00000000 1.00000000
vn -0.70710677 -0.00000000 -0.70710677
vn -0.27472112 -0.00000000 -0.96152395
vn 0.60000002 -0.80000001 -0.00000000
vn -0.81923193 -0.00000000 0.57346237
vn -0.27472112 -0.00000000 0.96152395
vn -0.92998111 0.11624764 -0.34874290
vn -0.24253562 -0.00000000 -0.97014248
vn -0.99745870 0.07124705 -0.00000000
vn -0.97014248 0.24253562 -0.00000000
vn -0.98994946 0.14142136 -0.00000000
vn -0.92998111 0.11624764 0.34874290
vn -0.24253562 -0.00000000 0.97014248
vn -0.93632919 -0.00000000 -0.35112345
vn -0.24253562 -0.00000000 -0.97014248
vn -1.00000000 -0.00000000 -0.00000000
vn -1.00000000 -0.00000000 -0.00000000
vn -1.00000000 -0.00000000 -0.00000000
vn -0.95782626 -0.00000000 0.28734788
vn -0.44721359 -0.00000000 0.89442718
vn -0.88345224 0.33129457 -0.33129457
vn -0.13608277 0.27216554 -0.95257932
vn -1.00000000 -0.00000000 -0.00000000
vn -1.00000000 -0.00000000 -0.00000000
vn -1.00000000 -0.00000000 -0.00000000
vn -0.95782626 -0.00000000 0.28734788
vn -0.44721359 -0.00000000 0.89442718
vn -0.57735026 0.57735026 -0.57735026
vn -0.44232586 0.14744195 -0.88465172
vn -0.84799832 0.31799936 -0.42399916
vn -1.00000000 -0.00000000 -0.00000000
vn -1.00000000 -0.00000000 -0.00000000
vn -0.93704259 0.31234753 0.15617377
vn -0.23570226 0.23570226 0.94280905
vn -0.93632919 -0.00000000 -0.35112345
vn -0.44721359 -0.00000000 -0.89442718
vn -1.00000000 -0.00000000 -0.00000000
vn -0.87287158 0.43643579 0.21821789
vn -0.40824831 0.40824831 0.81649661
vn -0.39056674 0.65094453 0.65094453
vn -0.85714287 0.28571430 -0.42857143
vn -0.43193421 0.25916052 -0.86386842
vn -0.86386842 0.43193421 0.25916052
vn -0.40824831 0.40824831 0.81649661
vn -0.57735026 0.57735026 0.57735026
vn -0.38851434 0.87415725 -0.29138577
vn -0.20628425 0.92827910 0.30942637
vn 0.92998111 -0.11624764 -0.34874290
vn 0.89442718 -0.44721359 -0.00000000
vn 0.89442718 -0.44721359 -0.00000000
vn 0.89442718 -0.44721359 -0.00000000
vn 0.94280905 -0.23570226 0.23570226
vn 0.73960024 -0.18490006 -0.64715022
vn 0.27617240 -0.27617240 -0.92057461
vn 0.33104235 -0.91036648 -0.24828176
vn 0.24253562 -0.97014248 -0.00000000
vn 0.31799936 -0.84799832 0.42399916
vn 0.42163703 -0.52704626 0.73786479
vn -0.08908708 -0.44543540 0.89087081
vn 0.71713716 -0.35856858 -0.59761429
vn -0.00000000 -0.16439898 -0.98639393
vn 0.14002801 -0.70014006 0.70014006
vn -0.00000000 -0.29827499 0.95447999
vn -0.00000000 -0.70710677 -0.70710677
vn -0.00000000 -0.29827499 -0.95447999
vn -0.00000000 -0.00000000 1.00000000
vn -0.00000000 -0.00000000 -1.00000000
vn 1.00000000 -0.00000000 -0.00000000
vn 0.40824831 0.40824831 0.81649661
vn 0.76200074 0.63500065 0.12700012
vn 0.43193421 0.25916052 -0.86386842
vn -0.71713716 -0.35856858 0.59761429
vn -0.29827499 -0.00000000 0.95447999
vn -0.00000000 -0.00000000 -1.00000000
vn 0.98058069 -0.00000000 0.19611613
vn 0.23570226 0.23570226 0.94280905
vn 0.49236596 0.61545748 0.61545748
vn 0.87287158 0.43643579 -0.21821789
vn 0.43921906 0.18823674 -0.87843812
vn -0.00000000 -0.00000000 1.00000000
vn -0.00000000 -0.00000000 -1.00000000
vn 0.49236596 0.12309149 0.86164045
vn 0.15961738 -0.23942606 0.95770425
vn 0.22941573 0.68824720 -0.68824720
vn 0.74420840 -0.24806947 -0.62017369
vn -0.20507579 0.20507579 -0.95702028
vn -0.00000000 -0.00000000 1.00000000
vn -0.00000000 -0.00000000 -1.00000000
vn 0.39056674 -0.65094453 0.65094453
vn -0.00000000 -0.27472112 0.96152395
vn -0.14002801 -0.70014006 -0.70014006
vn -0.00000000 -0.29827499 -0.95447999
vn -0.00000000 0.27472112 0.96152395
vn -0.00000000 0.27472112 -0.96152395
vn -0.00000000 -0.00000000 1.00000000
vn -0.00000000 -0.00000000 -1.00000000
vn 0.59628481 0.29814240 0.74535596
vn 0.31234753 0.15617377 0.93704259
vn -0.00000000 0.70710677 0.70710677
vn -0.00000000 0.70710677 -0.70710677
vn 0.80000001 -0.00000000 -0.60000002
vn 0.18814418 0.28221625 -0.94072086
vn -0.00000000 -0.00000000 1.00000000
vn -0.00000000 -0.00000000 -1.00000000
vn -0.00000000 -0.00000000 1.00000000
vn 0.71713716 -0.35856858 -0.59761429
vn 0.20507579 -0.20507579 -0.95702028
vn -0.00000000 -0.00000000 1.00000000
vn -0.00000000 -0.00000000 -1.00000000
vn 0.59628481 -0.29814240 0.74535596
vn 0.20507579 -0.20507579 0.95702028
vn 0.27216554 -0.68041384 -0.68041384
vn 0.17896500 -0.23862000 -0.95447999
vn -0.33633640 -0.00000000 0.94174188
vn -0.28221625 0.18814418 -0.94072086
vn 0.39056674 -0.65094453 0.65094453
vn -0.00000000 -0.27472112 0.96152395
vn -0.00000000 -0.00000000 -1.00000000
vn 0.92057461 0.27617240 0.27617240
vn 0.31622776 -0.00000000 0.94868332
vn 0.25630730 0.68348610 -0.68348610
vn 0.88045090 -0.44022545 -0.17609018
vn -0.09901475 -0.09901475 -0.99014753
vn -0.00000000 -0.00000000 1.00000000
vn -0.00000000 -0.00000000 -1.00000000
vn 0.97590005 -0.19518001 -0.09759001
vn 0.23570226 0.23570226 0.94280905
vn 0.44543540 -0.08908708 -0.89087081
vn -0.00000000 -0.70710677 -0.70710677
vn -0.26906911 -0.20180184 0.94174188
vn -0.27472112 -0.00000000 -0.96152395
vn 0.95770425 -0.23942606 0.15961738
vn 0.16222142 -0.16222142 0.97332853
vn 0.11704115 0.70224690 0.70224690
vn 0.98058069 0.19611613 -0.00000000
vn 0.49236596 0.61545748 -0.61545748
vn 0.95782626 -0.00000000 -0.28734788
vn 0.15617377 0.31234753 -0.93704259
vn -0.27216554 -0.68041384 0.68041384
vn -0.80000001 -0.00000000 0.60000002
vn -0.15617377 -0.31234753 0.93704259
vn -0.31622776 -0.00000000 -0.94868332
vn 0.57735026 -0.57735026 0.57735026
vn 0.76822126 -0.38411063 0.51214755
vn 0.44232586 -0.14744195 0.88465172
vn 0.93704259 -0.31234753 -0.15617377
vn 0.20507579 -0.20507579 -0.95702028
vn -0.71713716 0.35856858 0.59761429
vn -0.23942606 0.15961738 0.95770425
vn -0.62469506 -0.00000000 -0.78086883
vn -0.31622776 -0.00000000 -0.94868332
vn 0.93704259 -0.31234753 -0.15617377
vn 0.44721359 -0.00000000 0.89442718
vn 0.43193421 -0.25916052 -0.86386842
vn 0.39056674 -0.65094453 -0.65094453
vn -0.00000000 0.31622776 0.94868332
vn -0.22941573 0.68824720 0.68824720
vn -0.55470020 -0.00000000 -0.83205032
vn -0.24253562 -0.00000000 -0.97014248
vn 0.87287158 -0.43643579 0.21821789
vn 0.43643579 -0.21821789 0.87287158
vn 0.43643579 -0.21821789 -0.87287158
vn -0.81923193 -0.00000000 0.57346237
vn -0.27472112 -0.00000000 0.96152395
vn -0.53452247 0.26726124 -0.80178374
vn -0.15961738 0.23942606 -0.95770425
vn 0.14002801 -0.98019606 0.14002801
vn -0.96308684 0.12038586 0.24077171
vn -0.87287158 0.43643579 0.21821789
vn -0.23942606 0.15961738 0.95770425
vn -0.44022545 0.88045090 -0.17609018
vn -0.26832816 0.89442718 -0.35777089
vn -0.49236596 0.86164045 -0.12309149
vn -0.40824831 0.40824831 -0.81649661
vn -0.40824831 0.40824831 0.81649661
vn -0.41015157 0.88866168 0.20507579
vn -0.36650833 0.85518610 0.36650833
vn -0.27216554 0.95257932 0.13608277
vn -0.26832816 -0.89442718 -0.35777089
vn -0.12674485 -0.44360697 -0.88721395
vn -0.00000000 -1.00000000 -0.00000000
vn -0.08304548 -0.99654573 -0.00000000
vn -0.64699662 -0.53916389 0.53916389
vn -0.00000000 -0.98058069 0.19611613
vn -0.23570226 -0.23570226 0.94280905
vn -0.59628481 -0.29814240 -0.74535596
vn -0.27216554 -0.68041384 -0.68041384
vn -0.26906911 -0.20180184 -0.94174188
vn 0.99503720 -0.00000000 -0.09950372
vn 0.40824831 0.40824831 0.81649661
vn 0.42857143 0.85714287 0.28571430
vn 0.14744195 0.44232586 -0.88465172
vn -0.00000000 -0.00000000 1.00000000
vn -0.00000000 -0.00000000 -1.00000000
vn 0.49236596 0.61545748 0.61545748
vn 0.97590005 -0.09759001 0.19518001
vn 0.23570226 0.23570226 0.94280905
vn 0.89442718 0.44721359 -0.00000000
vn 0.27216554 0.68041384 -0.68041384
vn 0.95782626 -0.00000000 -0.28734788
vn 0.18814418 0.28221625 -0.94072086
vn -0.00000000 -0.00000000 1.00000000
vn -0.00000000 -0.00000000 -1.00000000
vn 0.42163703 0.52704626 0.73786479
vn 0.27472112 -0.00000000 0.96152395
vn 0.73960024 0.18490006 -0.64715022
vn -0.07124705 -0.00000000 -0.99745870
vn -0.00000000 -0.00000000 1.00000000
vn -0.00000000 -0.00000000 -1.00000000
vn -0.00000000 -0.00000000 1.00000000
vn 0.76822126 -0.00000000 -0.64018440
vn 0.15961738 -0.23942606 -0.95770425
vn -0.00000000 -0.00000000 1.00000000
vn -0.00000000 -0.00000000 -1.00000000
vn -0.00000000 -0.24253562 0.97014248
vn -0.26906911 -0.20180184 -0.94174188
vn -0.66666669 -0.33333334 -0.66666669
vn -0.00000000 -0.70710677 -0.70710677
vn -0.00000000 -0.00000000 1.00000000
vn -0.00000000 -0.00000000 -1.00000000
vn -0.00000000 -0.70710677 0.70710677
vn -0.00000000 -0.24253562 0.97014248
vn -0.00000000 -0.00000000 -1.00000000
vn 0.23570226 0.23570226 0.94280905
vn -0.00000000 0.24253562 -0.97014248
vn -0.00000000 -0.00000000 1.00000000
vn -0.00000000 -0.00000000 -1.00000000
vn -0.00000000 0.27472112 0.96152395
vn 0.39056674 0.65094453 0.65094453
vn -0.00000000 0.70710677 -0.70710677
vn -0.00000000 0.24253562 -0.97014248
vn -0.27472112 -0.00000000 0.96152395
vn -0.27472112 -0.00000000 -0.96152395
vn -0.00000000 -0.00000000 1.00000000
vn -0.00000000 -0.00000000 -1.00000000
vn -0.23570226 -0.23570226 0.94280905
vn -0.15617377 -0.31234753 -0.93704259
vn -0.00000000 -0.27472112 0.96152395
vn 0.71713716 -0.35856858 -0.59761429
vn 0.27216554 -0.13608277 -0.95257932
vn -0.36514837 -0.91287094 0.18257418
vn -0.88888890 0.44444445 -0.11111111
vn -0.00000000 -0.70710677 0.70710677
vn 0.27216554 -0.13608277 0.95257932
vn 0.22941573 -0.68824720 -0.68824720
vn -0.00000000 -0.27472112 -0.96152395
vn -0.17896500 0.23862000 0.95447999
vn -0.74199849 0.63599873 -0.21199958
vn -0.68824720 0.22941573 -0.68824720
vn -0.40824831 0.40824831 -0.81649661
vn -0.00000000 -0.33633640 0.94174188
vn -0.00000000 -0.29827499 -0.95447999
vn -0.00000000 0.28734788 0.95782626
vn 0.71713716 0.35856858 -0.59761429
vn -0.27216554 0.68041384 -0.68041384
vn 0.30151135 0.30151135 -0.90453404
vn -0.00000000 -0.70710677 0.70710677
vn -0.71713716 -0.35856858 0.59761429
vn -0.00000000 -0.16439898 0.98639393
vn -0.62469506 -0.00000000 -0.78086883
vn -0.00000000 -0.70710677 -0.70710677
vn -0.09759001 -0.19518001 -0.97590005
vn -0.00000000 0.28734788 0.95782626
vn -0.00000000 0.70710677 0.70710677
vn -0.00000000 -0.00000000 -1.00000000
vn 0.24253562 -0.00000000 0.97014248
vn -0.53452247 0.26726124 -0.80178374
vn 0.09759001 0.19518001 -0.97590005
vn 0.62469506 -0.00000000 0.78086883
vn 0.27472112 -0.00000000 0.96152395
vn -0.00000000 -0.00000000 -1.00000000
vn 0.18814418 0.28221625 0.94072086
vn -0.14002801 0.70014006 -0.70014006
vn -0.00000000 0.29827499 -0.95447999
vn 0.55470020 -0.00000000 0.83205032
vn 0.24253562 -0.00000000 0.97014248
vn 0.80000001 -0.00000000 -0.60000002
vn 0.27472112 -0.00000000 -0.96152395
vn -0.00000000 0.27472112 0.96152395
vn 0.39056674 0.65094453 0.65094453
vn -0.00000000 -0.00000000 -1.00000000
vn 0.61885273 -0.30942637 0.72199488
vn -0.16222142 -0.16222142 0.97332853
vn 0.66666669 -0.33333334 -0.66666669
vn -0.00000000 -0.16439898 -0.98639393
vn -0.00000000 -0.00000000 1.00000000
vn -0.00000000 0.24253562 -0.97014248
vn -0.00000000 -0.70710677 0.70710677
vn 0.61721343 -0.77151674 0.15430336
vn -0.08908708 -0.44543540 0.89087081
vn 0.06375767 -0.44630370 -0.89260739
vn 0.27216554 -0.68041384 -0.68041384
vn -0.00000000 0.24253562 0.97014248
vn -0.29002094 0.67671555 -0.67671555
vn -0.49236596 0.61545748 -0.61545748
vn -0.14744195 0.44232586 -0.88465172
vn -0.24253562 -0.97014248 -0.00000000
vn -0.68376344 0.45584232 0.56980288
vn -0.08908708 0.44543540 0.89087081
vn 0.08804509 0.70436072 0.70436072
vn -0.31234753 0.93704259 -0.15617377
vn -0.00000000 1.00000000 -0.00000000
vn 0.08192319 0.98307830 0.16384639
vn -0.45584232 -0.68376344 -0.56980288
vn -0.00000000 -0.94868332 -0.31622776
vn -0.31234753 -0.15617377 -0.93704259
vn -0.38461539 -0.92307693 -0.00000000
vn -0.24253562 -0.97014248 -0.00000000
vn -0.27472112 -0.96152395 -0.00000000
vn -0.00000000 -0.94868332 0.31622776
vn -0.00000000 -0.24253562 0.97014248
vn -0.27472112 -0.00000000 -0.96152395
vn -0.00000000 0.96476382 0.26311740
vn 0.49236596 0.61545748 0.61545748
vn 0.31234753 0.15617377 0.93704259
vn 0.13018891 0.91132236 -0.39056674
vn -0.00000000 0.44721359 -0.89442718
vn -0.27472112 -0.00000000 0.96152395
vn -0.24253562 -0.00000000 -0.97014248
vn -0.00000000 -0.00000000 1.00000000
vn -0.00000000 0.70710677 -0.70710677
vn -0.00000000 -0.12403473 -0.99227786
vn -0.24253562 -0.00000000 0.97014248
vn -0.24253562 -0.00000000 -0.97014248
vn -0.00000000 -0.00000000 1.00000000
vn -0.62469506 -0.00000000 -0.78086883
vn -0.00000000 -0.70710677 -0.70710677
vn -0.09759001 -0.19518001 -0.97590005
vn -0.27472112 -0.00000000 0.96152395
vn -0.27472112 -0.00000000 -0.96152395
vn -0.00000000 -0.00000000 1.00000000
vn -0.53452247 -0.26726124 -0.80178374
vn -0.00000000 -0.00000000 -1.00000000
vn -0.00000000 -0.00000000 1.00000000
vn -0.00000000 -0.00000000 -1.00000000
vn -0.31234753 -0.15617377 0.93704259
vn -0.00000000 -0.00000000 -1.00000000
vn -0.00000000 0.27472112 0.96152395
vn -0.00000000 -0.00000000 -1.00000000
vn -0.52615219 -0.60131681 0.60131681
vn -0.23570226 -0.23570226 0.94280905
vn -0.27472112 -0.00000000 -0.96152395
vn 0.59628481 0.29814240 0.74535596
vn 0.31234753 0.15617377 0.93704259
vn -0.00000000 0.70710677 0.70710677
vn 0.31234753 0.15617377 -0.93704259
vn -0.23570226 -0.23570226 0.94280905
vn -0.15617377 -0.31234753 -0.93704259
vn -0.00000000 -0.00000000 1.00000000
vn 0.52615219 0.60131681 -0.60131681
vn 0.23570226 0.23570226 -0.94280905
vn -0.00000000 -0.98058069 0.19611613
vn -1.00000000 -0.00000000 -0.00000000
vn 0.27472112 -0.00000000 0.96152395
vn 0.24253562 -0.00000000 -0.97014248
vn -0.87287158 -0.43643579 -0.21821789
vn 0.28734788 -0.00000000 0.95782626
vn 0.28583097 -0.28583097 -0.91465914
vn 0.59628481 -0.29814240 0.74535596
vn 0.44022545 -0.17609018 0.88045090
vn -0.00000000 -0.70710677 -0.70710677
vn 0.20507579 -0.20507579 -0.95702028
vn -0.88465172 0.44232586 0.14744195
vn 0.29002094 -0.67671555 0.67671555
vn 0.26906911 -0.20180184 0.94174188
vn -0.00000000 -0.00000000 -1.00000000
vn -0.19494808 0.43863317 0.87726635
vn -0.44232586 0.88465172 0.14744195
vn -0.13018891 0.91132236 -0.39056674
vn -0.23942606 0.15961738 -0.95770425
vn 0.62469506 -0.00000000 0.78086883
vn 0.31622776 -0.00000000 0.94868332
vn 0.80000001 -0.00000000 -0.60000002
vn 0.27472112 -0.00000000 -0.96152395
vn -0.20507579 0.20507579 0.95702028
vn -0.00000000 0.70710677 0.70710677
vn -0.27472112 -0.00000000 -0.96152395
vn 0.55470020 -0.00000000 0.83205032
vn 0.24253562 -0.00000000 0.97014248
vn 0.71713716 0.35856858 -0.59761429
vn 0.27472112 -0.00000000 -0.96152395
vn -0.00000000 -0.00000000 1.00000000
vn -0.00000000 -0.00000000 -1.00000000
vn 0.53452247 0.26726124 0.80178374
vn 0.27472112 -0.00000000 0.96152395
vn -0.00000000 -0.00000000 -1.00000000
vn -0.00000000 -0.27472112 0.96152395
vn -0.00000000 -0.27472112 -0.96152395
vn -0.00000000 -0.00000000 1.00000000
vn -0.00000000 -0.00000000 -1.00000000
vn -0.00000000 -0.70710677 0.70710677
vn -0.66666669 -0.33333334 0.66666669
vn -0.18823674 -0.43921906 0.87843812
vn -0.70436072 -0.35218036 -0.61631566
vn -0.00000000 -0.70710677 -0.70710677
vn -0.25916052 -0.43193421 -0.86386842
vn -0.00000000 -0.00000000 1.00000000
vn -0.00000000 0.24253562 -0.97014248
vn -0.53452247 -0.80178374 -0.26726124
vn -0.00000000 -0.98994946 0.14142136
vn 0.23570226 0.23570226 0.94280905
vn 0.19802950 0.69310325 -0.69310325
vn 0.25916052 0.43193421 -0.86386842
vn 0.26832816 0.89442718 0.35777089
vn 0.49236596 0.61545748 0.61545748
vn 0.40824831 0.40824831 0.81649661
vn 0.44022545 0.88045090 0.17609018
vn 0.25400025 0.88900089 -0.38100037
vn 0.25445667 0.93300784 0.25445667
vn -0.88045090 -0.44022545 -0.17609018
vn -0.40824831 -0.81649661 -0.40824831
vn -0.40824831 -0.40824831 -0.81649661
vn -0.89442718 -0.44721359 -0.00000000
vn -0.44721359 -0.89442718 -0.00000000
vn -0.84799832 -0.42399916 0.31799936
vn -0.38851434 -0.87415725 0.29138577
vn -0.40824831 -0.40824831 0.81649661
vn -0.39056674 -0.65094453 -0.65094453
vn -0.16539535 -0.44105428 -0.88210857
vn -0.19802950 -0.69310325 0.69310325
vn -0.00000000 -0.44721359 0.89442718
vn -0.62469506 -0.00000000 -0.78086883
vn -0.39056674 -0.65094453 -0.65094453
vn -0.23570226 -0.23570226 -0.94280905
vn -0.00000000 0.24253562 0.97014248
vn -0.00000000 0.91914505 0.39391929
vn 0.49468473 0.82447457 -0.27482486
vn 0.25916052 0.43193421 -0.86386842
vn -0.00000000 -0.70710677 0.70710677
vn -0.80000001 -0.00000000 0.60000002
vn -0.18814418 -0.28221625 0.94072086
vn -0.55470020 -0.00000000 -0.83205032
vn -0.24253562 -0.00000000 -0.97014248
vn 0.27472112 -0.00000000 0.96152395
vn 0.52615219 0.60131681 -0.60131681
vn 0.30769232 0.23076923 -0.92307693
vn -0.80000001 -0.00000000 0.60000002
vn -0.24253562 -0.00000000 0.97014248
vn -0.55470020 -0.00000000 -0.83205032
vn -0.24253562 -0.00000000 -0.97014248
vn 0.27472112 -0.00000000 0.96152395
vn 0.80000001 -0.00000000 -0.60000002
vn 0.31622776 -0.00000000 -0.94868332
vn -0.71713716 0.35856858 0.59761429
vn -0.20507579 0.20507579 0.95702028
vn -0.53452247 0.26726124 -0.80178374
vn -0.15961738 0.23942606 -0.95770425
vn -0.00000000 -0.31622776 0.94868332
vn 0.71713716 -0.35856858 -0.59761429
vn -0.00000000 -0.16439898 -0.98639393
vn -0.17896500 0.23862000 0.95447999
vn -0.27216554 0.68041384 0.68041384
vn -0.39056674 0.65094453 -0.65094453
vn -0.00000000 0.27472112 -0.96152395
vn -0.22941573 -0.68824720 0.68824720
vn -0.66666669 -0.33333334 0.66666669
vn -0.40824831 -0.40824831 0.81649661
vn -0.17407766 -0.69631064 -0.69631064
vn -0.14744195 -0.44232586 -0.88465172
vn -0.00000000 0.28734788 0.95782626
vn 0.26906911 0.20180184 -0.94174188
vn -0.98639393 -0.16439898 -0.00000000
vn -0.30151135 -0.90453404 0.30151135
vn -0.00000000 0.24253562 0.97014248
vn -0.00000000 0.70710677 0.70710677
vn 0.57735026 0.57735026 -0.57735026
vn 0.66666669 0.33333334 -0.66666669
vn 0.40824831 0.40824831 -0.81649661
vn -0.87287158 -0.43643579 -0.21821789
vn 0.20180184 0.26906911 0.94174188
vn 0.33333334 0.66666669 -0.66666669
vn 0.81923193 -0.00000000 -0.57346237
vn 0.40824831 0.40824831 -0.81649661
vn 0.57735026 0.57735026 0.57735026
vn 0.70224690 -0.11704115 0.70224690
vn 0.40824831 0.40824831 0.81649661
vn 0.95346260 0.09534626 -0.28603879
vn 0.70014006 0.70014006 -0.14002801
vn 1.00000000 -0.00000000 -0.00000000
vn 0.88465172 0.14744195 0.44232586
vn 0.90453404 -0.30151135 -0.30151135
vn 0.97014248 -0.24253562 -0.00000000
vn 0.90453404 -0.30151135 0.30151135
vn 0.68376344 -0.45584232 -0.56980288
vn 0.40824831 -0.40824831 -0.81649661
vn 0.57436651 -0.78975397 -0.21538745
vn 0.44721359 -0.89442718 -0.00000000
vn 0.66666669 -0.66666669 0.33333334
vn 0.52981293 -0.52981293 0.66226619
vn 0.40824831 -0.40824831 0.81649661
vn 0.27216554 -0.68041384 -0.68041384
vn 0.17896500 -0.23862000 -0.95447999
vn -0.87287158 0.43643579 0.21821789
vn -0.96308684 0.12038586 -0.24077171
vn 0.19802950 -0.69310325 0.69310325
vn 0.23862000 -0.17896500 0.95447999
vn -0.00000000 -0.00000000 -1.00000000
vn -0.68376344 0.45584232 0.56980288
vn -0.40824831 0.40824831 0.81649661
vn -0.80000001 0.60000002 -0.00000000
vn -0.40824831 0.40824831 -0.81649661
vn -0.42163703 0.52704626 -0.73786479
vn -0.00000000 -0.00000000 1.00000000
vn -0.00000000 -0.00000000 -1.00000000
vn -0.17896500 0.23862000 0.95447999
vn -0.27216554 0.68041384 0.68041384
vn -0.29002094 0.67671555 -0.67671555
vn -0.23862000 0.17896500 -0.95447999
vn -0.00000000 -0.00000000 1.00000000
vn -0.00000000 -0.00000000 -1.00000000
vn -0.00000000 -0.31622776 0.94868332
vn -0.00000000 -0.28734788 -0.95782626
vn -0.00000000 -0.00000000 1.00000000
vn -0.00000000 -0.00000000 -1.00000000
vn -0.00000000 -0.70710677 0.70710677
vn 0.25916052 -0.43193421 0.86386842
vn -0.00000000 -0.70710677 -0.70710677
vn -0.00000000 -0.44721359 -0.89442718
vn -0.00000000 0.27472112 0.96152395
vn -0.00000000 0.24253562 -0.97014248
vn -0.00000000 -0.98994946 0.14142136
vn 0.59628481 0.29814240 0.74535596
vn 0.25916052 0.43193421 0.86386842
vn -0.00000000 0.70710677 0.70710677
vn -0.00000000 0.91914505 -0.39391929
vn -0.06237829 0.99805260 -0.00000000
vn 0.80845207 0.56591648 -0.16169041
vn 0.06237829 0.99805260 -0.00000000
vn 0.61885273 0.72199488 0.30942637
vn -0.00000000 0.89442718 0.44721359
vn -0.88465172 -0.44232586 0.14744195
vn -0.76200074 -0.63500065 -0.12700012
vn -0.40824831 -0.40824831 -0.81649661
vn -0.40824831 -0.40824831 0.81649661
vn -0.60131681 -0.60131681 -0.52615219
vn -0.00000000 -0.94868332 -0.31622776
vn -0.25916052 -0.43193421 -0.86386842
vn -0.40160966 -0.88354129 -0.24096580
vn -0.31799936 -0.84799832 0.42399916
vn -0.64699662 -0.53916389 0.53916389
vn -0.23942606 -0.95770425 0.15961738
vn -0.20180184 -0.26906911 0.94174188
vn -0.45584232 -0.56980288 -0.68376344
vn -0.00000000 -0.70710677 -0.70710677
vn -0.31234753 -0.15617377 -0.93704259
vn 0.89442718 0.44721359 -0.00000000
vn 0.40824831 0.40824831 0.81649661
vn 0.57735026 0.80829036 0.11547005
vn 0.40824831 0.40824831 -0.81649661
vn -0.00000000 -0.24253562 0.97014248
vn -0.00000000 -0.00000000 -1.00000000
vn 0.16539535 0.44105428 0.88210857
vn 0.39056674 0.65094453 0.65094453
vn 0.22941573 0.68824720 -0.68824720
vn 0.62469506 0.46852130 -0.62469506
vn 0.16539535 0.44105428 -0.88210857
vn -0.00000000 -0.70710677 0.70710677
vn -0.00000000 -0.24253562 0.97014248
vn -0.00000000 -0.00000000 -1.00000000
vn 0.62469506 -0.00000000 0.78086883
vn 0.23570226 0.23570226 0.94280905
vn 0.39056674 0.65094453 0.65094453
vn -0.00000000 0.70710677 -0.70710677
vn 0.74420840 -0.24806947 -0.62017369
vn 0.16439898 -0.00000000 -0.98639393
vn -0.00000000 -0.00000000 1.00000000
vn -0.00000000 -0.00000000 -1.00000000
vn 0.53452247 -0.26726124 0.80178374
vn 0.15961738 -0.23942606 0.95770425
vn 0.27216554 -0.68041384 -0.68041384
vn 0.17609018 -0.44022545 -0.88045090
vn -0.00000000 -0.00000000 1.00000000
vn -0.00000000 0.24253562 -0.97014248
vn 0.39056674 -0.65094453 0.65094453
vn -0.00000000 -0.44721359 0.89442718
vn -0.70436072 -0.35218036 -0.61631566
vn -0.00000000 -0.70710677 -0.70710677
vn -0.08908708 -0.44543540 -0.89087081
vn -0.71713716 0.35856858 0.59761429
vn -0.27216554 0.13608277 0.95257932
vn -0.00000000 0.70710677 -0.70710677
vn -0.00000000 0.44721359 -0.89442718
vn -0.10482848 -0.94345635 0.31448546
vn -0.48154342 -0.84270096 -0.24077171
vn -0.00000000 -0.94868332 -0.31622776
vn -0.00000000 0.44721359 0.89442718
vn -0.22941573 0.68824720 0.68824720
vn 0.22941573 0.68824720 -0.68824720
vn 0.66666669 0.33333334 -0.66666669
vn 0.40824831 0.40824831 -0.81649661
vn 0.12674485 0.44360697 0.88721395
vn 0.29002094 0.67671555 0.67671555
vn 0.31799936 0.84799832 -0.42399916
vn 0.85496461 0.49872935 -0.14249410
vn 0.44721359 0.89442718 -0.00000000
vn 0.95782626 0.28734788 -0.00000000
vn 0.44022545 0.88045090 0.17609018
vn 0.84799832 0.42399916 0.31799936
vn 0.49236596 0.86164045 0.12309149
vn 0.85714287 -0.42857143 -0.28571430
vn 0.89442718 -0.44721359 -0.00000000
vn 0.87287158 -0.43643579 0.21821789
vn 0.68376344 -0.45584232 -0.56980288
vn 0.40824831 -0.40824831 -0.81649661
vn 0.57436651 -0.78975397 -0.21538745
vn 0.44721359 -0.89442718 -0.00000000
vn 0.66666669 -0.66666669 0.33333334
vn 0.52981293 -0.52981293 0.66226619
vn 0.40824831 -0.40824831 0.81649661
vn 0.19802950 -0.69310325 -0.69310325
vn -0.00000000 -0.27472112 -0.96152395
vn -0.88465172 0.44232586 -0.14744195
vn 0.29002094 -0.67671555 0.67671555
vn 0.23862000 -0.17896500 0.95447999
vn -0.00000000 -0.00000000 -1.00000000
vn -0.68376344 0.45584232 0.56980288
vn -0.28571430 0.42857143 0.85714287
vn -0.78086883 0.62469506 -0.00000000
vn -0.52981293 0.52981293 -0.66226619
vn -0.14744195 0.44232586 -0.88465172
vn -0.00000000 -0.00000000 1.00000000
vn -0.00000000 -0.00000000 -1.00000000
vn -0.00000000 0.31622776 0.94868332
vn -0.22941573 0.68824720 0.68824720
vn -0.39056674 0.65094453 -0.65094453
vn -0.00000000 0.07124705 -0.99745870
vn -0.00000000 -0.00000000 1.00000000
vn -0.00000000 -0.00000000 -1.00000000
vn 0.59628481 -0.29814240 0.74535596
vn 0.20507579 -0.20507579 0.95702028
vn -0.00000000 -0.70710677 -0.70710677
vn -0.00000000 -0.44721359 -0.89442718
vn -0.00000000 0.24253562 0.97014248
vn -0.00000000 0.24253562 -0.97014248
vn 0.31234753 -0.93704259 0.15617377
vn -0.00000000 -0.91914505 -0.39391929
vn -0.00000000 0.44721359 0.89442718
vn -0.00000000 0.70710677 0.70710677
vn -0.08804509 0.70436072 -0.70436072
vn -0.61885273 0.72199488 -0.30942637
vn 0.08908708 0.44543540 -0.89087081
vn -0.80845207 0.56591648 0.16169041
vn -0.25916052 0.43193421 0.86386842
vn -0.19802950 0.69310325 0.69310325
vn -0.00000000 0.98058069 -0.19611613
vn -0.25400025 0.88900089 0.38100037
vn -0.99503720 -0.00000000 0.09950372
vn -0.57735026 -0.80829036 -0.11547005
vn -0.40824831 -0.40824831 -0.81649661
vn -0.40824831 -0.40824831 0.81649661
vn -0.98058069 -0.00000000 -0.19611613
vn -0.64699662 -0.53916389 -0.53916389
vn -0.44232586 -0.14744195 -0.88465172
vn -0.89442718 -0.44721359 -0.00000000
vn -0.54882127 -0.76834983 0.32929277
vn -0.98994946 -0.14142136 -0.00000000
vn -0.92998111 -0.11624764 0.34874290
vn -0.44022545 -0.88045090 0.17609018
vn -0.15617377 -0.31234753 0.93704259
vn -0.42163703 -0.52704626 -0.73786479
vn -0.43193421 -0.25916052 -0.86386842
vn -0.80812204 -0.50507629 0.30304575
vn -0.92057461 -0.27617240 0.27617240
vn -0.27472112 -0.00000000 0.96152395
vn -0.33333334 -0.66666669 -0.66666669
vn -0.00000000 -0.44721359 -0.89442718
vn -0.00000000 -0.00000000 1.00000000
vn -0.00000000 -0.70710677 -0.70710677
vn -0.00000000 -0.24253562 -0.97014248
vn 0.60131681 0.60131681 0.52615219
vn 0.21821789 0.43643579 0.87287158
vn -0.00000000 0.94868332 0.31622776
vn 0.26764387 0.96351790 -0.00000000
vn 0.23942606 0.95770425 -0.15961738
vn 0.64699662 0.53916389 -0.53916389
vn -0.19047619 0.23809524 -0.95238096
vn -0.00000000 -0.24253562 0.97014248
vn -0.00000000 -0.00000000 -1.00000000
vn 0.45584232 0.56980288 0.68376344
vn 0.07053456 0.14106913 0.98748386
vn -0.00000000 0.70710677 0.70710677
vn -0.00000000 0.31622776 -0.94868332
vn -0.00000000 -0.70710677 0.70710677
vn -0.00000000 -0.24253562 0.97014248
vn -0.00000000 -0.00000000 -1.00000000
vn -0.00000000 -0.00000000 1.00000000
vn -0.00000000 0.70710677 -0.70710677
vn -0.28221625 0.18814418 -0.94072086
vn -0.00000000 -0.00000000 1.00000000
vn -0.00000000 -0.00000000 -1.00000000
vn -0.00000000 -0.24253562 0.97014248
vn 0.66666669 -0.33333334 -0.66666669
vn 0.16222142 -0.16222142 -0.97332853
vn -0.00000000 -0.00000000 1.00000000
vn -0.00000000 0.24253562 -0.97014248
vn -0.19802950 -0.69310325 0.69310325
vn -0.25916052 -0.43193421 0.86386842
vn 0.68376344 -0.45584232 -0.56980288
vn 0.06375767 -0.44630370 -0.89260739
vn 0.27216554 -0.68041384 -0.68041384
vn -0.00000000 0.24253562 0.97014248
vn -0.00000000 0.70710677 -0.70710677
vn -0.00000000 0.44721359 -0.89442718
vn -0.30151135 -0.90453404 0.30151135
vn -0.00000000 -1.00000000 -0.00000000
vn -0.08192319 -0.98307830 -0.16384639
vn -0.00000000 0.44721359 0.89442718
vn -0.00000000 0.70710677 0.70710677
vn 0.10482848 0.94345635 -0.31448546
vn 0.07124705 0.99745870 -0.00000000
vn 0.80845207 0.56591648 -0.16169041
vn 0.24253562 0.97014248 -0.00000000
vn 0.89442718 0.44721359 -0.00000000
vn 0.14142136 0.98994946 -0.00000000
vn 0.61885273 0.72199488 0.30942637
vn 0.13018891 0.91132236 0.39056674
vn 0.84799832 -0.42399916 -0.31799936
vn 0.89442718 -0.44721359 -0.00000000
vn 0.87287158 -0.43643579 0.21821789
vn -0.00000000 -0.94868332 -0.31622776
vn -0.00000000 -0.24253562 -0.97014248
vn 0.27472112 -0.96152395 -0.00000000
vn 0.24253562 -0.97014248 -0.00000000
vn 0.43685204 -0.78633368 0.43685204
vn 0.52981293 -0.52981293 0.66226619
vn -0.08908708 -0.44543540 0.89087081
vn -0.00000000 -0.00000000 -1.00000000
vn 0.14744195 0.44232586 0.88465172
vn 0.39056674 0.91132236 0.13018891
vn -0.00000000 0.44721359 -0.89442718
vn 0.14002801 -0.70014006 0.70014006
vn -0.00000000 -0.29827499 0.95447999
vn -0.00000000 -0.00000000 -1.00000000
vn -0.00000000 0.27472112 0.96152395
vn 0.39056674 0.65094453 0.65094453
vn -0.00000000 0.70710677 -0.70710677
vn -0.00000000 -0.00000000 -1.00000000
vn -0.00000000 -0.00000000 1.00000000
vn -0.00000000 -0.00000000 -1.00000000
vn -0.31234753 -0.15617377 0.93704259
vn -0.29002094 -0.67671555 -0.67671555
vn -0.14744195 -0.44232586 -0.88465172
vn -0.00000000 0.24253562 0.97014248
vn -0.00000000 0.24253562 -0.97014248
vn -0.25400025 -0.88900089 0.38100037
vn -0.28221625 -0.94072086 -0.18814418
vn -0.00000000 0.44721359 0.89442718
vn -0.00000000 0.70710677 0.70710677
vn 0.10482848 0.94345635 -0.31448546
vn 0.17277369 0.95025527 -0.25916052
vn 0.64699662 0.53916389 -0.53916389
vn 0.40824831 0.40824831 -0.81649661
vn 0.14744195 0.44232586 0.88465172
vn 0.29002094 0.67671555 0.67671555
vn 0.30151135 0.90453404 -0.30151135
vn -0.94280905 -0.23570226 -0.23570226
vn -0.10482848 -0.94345635 -0.31448546
vn -0.28221625 -0.18814418 -0.94072086
vn -0.68348610 -0.68348610 -0.25630730
vn -0.14142136 -0.98994946 -0.00000000
vn -0.19611613 -0.98058069 -0.00000000
vn -0.80845207 -0.56591648 0.16169041
vn -0.07124705 -0.99745870 -0.00000000
vn -0.84799832 -0.42399916 0.31799936
vn -0.23570226 -0.94280905 0.23570226
vn -0.23570226 -0.23570226 0.94280905
vn -0.46499056 -0.34874290 -0.81373346
vn -0.44721359 -0.00000000 -0.89442718
vn -0.00000000 -0.00000000 1.00000000
vn -0.53452247 -0.26726124 -0.80178374
vn -0.44721359 -0.00000000 -0.89442718
vn 0.96225047 0.19245009 0.19245009
vn 0.44232586 0.14744195 0.88465172
vn 0.61885273 0.72199488 0.30942637
vn 0.44022545 0.88045090 -0.17609018
vn 0.92998111 0.11624764 -0.34874290
vn 0.15617377 0.31234753 -0.93704259
vn -0.27472112 -0.00000000 0.96152395
vn -0.23076923 -0.30769232 -0.92307693
vn 0.89943802 0.37476584 0.22485951
vn 0.43193421 0.25916052 0.86386842
vn 0.97014248 -0.00000000 -0.24253562
vn 0.26906911 -0.20180184 -0.94174188
vn -0.27472112 -0.00000000 0.96152395
vn -0.39056674 -0.65094453 -0.65094453
vn 0.20507579 -0.20507579 -0.95702028
vn -0.23076923 0.30769232 0.92307693
vn 0.33333334 0.66666669 0.66666669
vn 0.57735026 0.57735026 -0.57735026
vn -0.45584232 0.56980288 -0.68376344
vn -0.24253562 -0.00000000 -0.97014248
vn 0.36563620 -0.65814519 -0.65814519
vn -0.00000000 -0.31622776 0.94868332
vn -0.00000000 -0.00000000 -1.00000000
vn -0.71713716 0.35856858 0.59761429
vn -0.43863317 0.19494808 0.87726635
vn -0.39056674 0.65094453 -0.65094453
vn -0.26906911 0.20180184 -0.94174188
vn -0.00000000 -0.70710677 0.70710677
vn 0.23942606 -0.15961738 0.95770425
vn -0.00000000 -0.00000000 -1.00000000
vn -0.13608277 0.27216554 0.95257932
vn -0.27216554 0.68041384 0.68041384
vn -0.62469506 -0.00000000 -0.78086883
vn -0.31622776 -0.00000000 -0.94868332
vn 0.24253562 -0.00000000 0.97014248
vn -0.00000000 -0.00000000 -1.00000000
vn -0.28221625 -0.18814418 0.94072086
vn -0.66666669 -0.33333334 -0.66666669
vn -0.43643579 -0.21821789 -0.87287158
vn 0.24253562 -0.00000000 0.97014248
vn -0.00000000 0.24253562 -0.97014248
vn -0.36650833 -0.85518610 0.36650833
vn -0.64699662 -0.53916389 0.53916389
vn -0.48154342 -0.84270096 0.24077171
vn -0.40824831 -0.40824831 0.81649661
vn -0.45584232 -0.56980288 -0.68376344
vn -0.46852130 -0.62469506 -0.62469506
vn -0.40824831 -0.40824831 -0.81649661
vn 0.18814418 0.28221625 0.94072086
vn 0.19802950 0.69310325 -0.69310325
vn 0.25916052 0.43193421 -0.86386842
vn -0.27216554 -0.95257932 0.13608277
vn 0.18823674 0.43921906 0.87843812
vn 0.46852130 0.62469506 0.62469506
vn 0.30151135 0.90453404 -0.30151135
vn -0.00000000 1.00000000 -0.00000000
vn -0.00000000 1.00000000 -0.00000000
vn -0.00000000 1.00000000 -0.00000000
vn 0.31234753 0.93704259 0.15617377
vn -0.00000000 -0.91914505 -0.39391929
vn -0.00000000 -0.24253562 -0.97014248
vn -0.27472112 -0.96152395 -0.00000000
vn -0.24253562 -0.97014248 -0.00000000
vn -0.24253562 -0.97014248 -0.00000000
vn -0.64699662 -0.53916389 0.53916389
vn -0.00000000 -0.98994946 0.14142136
vn 0.07053456 -0.14106913 0.98748386
vn -0.00000000 -0.00000000 -1.00000000
vn 0.45584232 0.68376344 0.56980288
vn 0.16222142 0.16222142 0.97332853
vn -0.00000000 0.98639393 0.16439898
vn -0.00000000 0.91914505 -0.39391929
vn -0.00000000 0.44721359 -0.89442718
vn -0.00000000 -0.00000000 1.00000000
vn -0.00000000 -0.00000000 -1.00000000
vn -0.23570226 -0.23570226 0.94280905
vn -0.00000000 0.70710677 -0.70710677
vn -0.19518001 -0.09759001 -0.97590005
vn -0.00000000 -0.00000000 1.00000000
vn -0.00000000 -0.00000000 -1.00000000
vn -0.38851434 -0.87415725 0.29138577
vn -0.88045090 -0.44022545 0.17609018
vn -0.61885273 -0.72199488 -0.30942637
vn -0.16439898 -0.98639393 -0.00000000
vn -0.44022545 -0.88045090 -0.17609018
vn -0.00000000 0.24253562 0.97014248
vn 0.31234753 0.15617377 -0.93704259
vn 0.14744195 0.44232586 0.88465172
vn 0.29002094 0.67671555 0.67671555
vn 0.25400025 0.88900089 -0.38100037
vn 0.31622776 0.94868332 -0.00000000
vn 0.18428853 0.98287219 -0.00000000
vn 0.44444445 0.88888890 0.11111111
vn 0.43643579 0.87287158 0.21821789
vn -0.00000000 -0.94868332 -0.31622776
vn -0.00000000 -0.44721359 -0.89442718
vn -0.00000000 -1.00000000 -0.00000000
vn -0.00000000 -1.00000000 -0.00000000
vn -0.00000000 -1.00000000 -0.00000000
vn -0.00000000 -0.94868332 0.31622776
vn -0.00000000 -0.24253562 0.97014248
vn -0.62469506 -0.00000000 -0.78086883
vn -0.00000000 -0.70710677 -0.70710677
vn -0.28221625 -0.18814418 -0.94072086
vn 0.94280905 0.23570226 0.23570226
vn 0.28221625 0.18814418 0.94072086
vn 0.10482848 0.94345635 0.31448546
vn 0.24253562 0.97014248 -0.00000000
vn 0.89442718 0.44721359 -0.00000000
vn 0.23570226 0.94280905 -0.23570226
vn 0.84799832 0.42399916 -0.31799936
vn 0.23570226 0.23570226 -0.94280905
vn -0.00000000 -0.27472112 0.96152395
vn -0.55470020 -0.00000000 -0.83205032
vn -0.24253562 -0.00000000 -0.97014248
vn 0.46499056 0.34874290 0.81373346
vn 0.24253562 -0.00000000 0.97014248
vn -0.00000000 -0.00000000 -1.00000000
vn -0.00000000 -0.70710677 0.70710677
vn -0.80000001 -0.00000000 0.60000002
vn -0.18814418 -0.28221625 0.94072086
vn -0.65079135 -0.00000000 -0.75925660
vn -0.15961738 0.23942606 -0.95770425
vn 0.55470020 -0.00000000 0.83205032
vn 0.25482360 -0.30578831 0.91736495
vn -0.00000000 -0.24253562 -0.97014248
vn -0.71713716 0.35856858 0.59761429
vn -0.23942606 0.15961738 0.95770425
vn 0.71713716 -0.35856858 -0.59761429
vn -0.33333334 0.66666669 -0.66666669
vn 0.26425821 0.15855493 -0.95132959
vn -0.75257671 -0.00000000 0.65850461
vn -0.00000000 -0.70710677 0.70710677
vn -0.43193421 -0.25916052 0.86386842
vn -0.29002094 -0.67671555 -0.67671555
vn -0.23570226 -0.23570226 -0.94280905
vn -0.00000000 0.31622776 0.94868332
vn -0.22941573 0.68824720 0.68824720
vn 0.27216554 -0.68041384 -0.68041384
vn 0.13608277 -0.27216554 -0.95257932
vn -0.66666669 0.33333334 0.66666669
vn -0.44232586 0.14744195 0.88465172
vn -0.59628481 0.29814240 -0.74535596
vn -0.43643579 0.21821789 -0.87287158
vn 0.62469506 -0.00000000 0.78086883
vn 0.44721359 -0.00000000 0.89442718
vn 0.24253562 -0.00000000 -0.97014248
vn -0.81649661 0.08164966 0.57154763
vn -0.44232586 0.14744195 0.88465172
vn -0.63636363 0.54545456 0.54545456
vn -0.49236596 0.61545748 -0.61545748
vn -0.14106913 -0.07053456 -0.98748386
vn 0.55470020 -0.00000000 0.83205032
vn 0.28734788 -0.00000000 0.95782626
vn 0.24253562 -0.00000000 -0.97014248
vn -0.87287158 -0.43643579 0.21821789
vn -0.57735026 -0.57735026 0.57735026
vn -0.94280905 -0.23570226 0.23570226
vn -0.40824831 -0.40824831 0.81649661
vn -0.70436072 -0.35218036 -0.61631566
vn -0.49236596 -0.61545748 -0.61545748
vn -0.40824831 -0.40824831 -0.81649661
vn 0.55470020 -0.00000000 0.83205032
vn 0.44721359 -0.00000000 0.89442718
vn 0.28221625 0.18814418 -0.94072086
vn -0.53452247 -0.80178374 -0.26726124
vn -0.30151135 -0.90453404 0.30151135
vn 0.66666669 0.33333334 0.66666669
vn 0.43193421 0.25916052 0.86386842
vn 0.36650833 0.85518610 -0.36650833
vn 0.48154342 0.84270096 -0.24077171
vn 0.64699662 0.53916389 -0.53916389
vn 0.40824831 0.40824831 -0.81649661
vn 0.45584232 0.56980288 0.68376344
vn 0.40824831 0.40824831 0.81649661
vn 0.46852130 0.62469506 0.62469506
vn 0.21821789 0.87287158 -0.43643579
vn 0.24253562 0.97014248 -0.00000000
vn 0.25445667 0.93300784 0.25445667
vn -0.88045090 -0.44022545 -0.17609018
vn -0.46499056 -0.81373346 -0.34874290
vn -0.18823674 -0.43921906 -0.87843812
vn -0.89442718 -0.44721359 -0.00000000
vn -0.44721359 -0.89442718 -0.00000000
vn -0.84215194 -0.42107597 0.33686078
vn -0.44022545 -0.88045090 0.17609018
vn -0.15617377 -0.31234753 0.93704259
vn -0.00000000 -0.70710677 -0.70710677
vn 0.20507579 -0.20507579 -0.95702028
vn 0.21199958 -0.21199958 0.95399809
vn 0.62469506 -0.46852130 0.62469506
vn -0.00000000 -0.00000000 -1.00000000
vn -0.78446454 0.19611613 0.58834839
vn -0.42857143 0.28571430 0.85714287
vn 0.14002801 0.98019606 0.14002801
vn -0.33699358 0.28082797 -0.89864951
vn 0.39056674 -0.65094453 0.65094453
vn 0.20507579 -0.20507579 0.95702028
vn -0.00000000 -0.00000000 -1.00000000
vn -0.71713716 -0.35856858 0.59761429
vn -0.44232586 -0.14744195 0.88465172
vn -0.59628481 -0.29814240 -0.74535596
vn -0.43643579 -0.21821789 -0.87287158
vn 0.24253562 -0.00000000 0.97014248
vn 0.26906911 0.20180184 -0.94174188
vn -0.27216554 -0.95257932 0.13608277
vn 0.18814418 0.28221625 0.94072086
vn 0.38851434 0.87415725 -0.29138577
vn 0.88045090 0.44022545 -0.17609018
vn 0.24253562 0.97014248 -0.00000000
vn 0.89442718 0.44721359 -0.00000000
vn 0.24253562 0.97014248 -0.00000000
vn 0.89442718 0.44721359 -0.00000000
vn 0.16439898 0.98639393 -0.00000000
vn 0.61885273 0.72199488 0.30942637
vn 0.44022545 0.88045090 0.17609018
vn -0.00000000 -0.94868332 -0.31622776
vn -0.00000000 -0.44721359 -0.89442718
vn -0.00000000 -1.00000000 -0.00000000
vn -0.00000000 -1.00000000 -0.00000000
vn -0.00000000 -1.00000000 -0.00000000
vn -0.00000000 -0.94868332 0.31622776
vn -0.00000000 -0.24253562 0.97014248
vn -0.00000000 -0.70710677 -0.70710677
vn 0.20507579 -0.20507579 -0.95702028
vn -0.20507579 0.20507579 0.95702028
vn -0.00000000 0.98058069 0.19611613
vn -0.19611613 0.98058069 -0.00000000
vn -0.00000000 0.96476382 -0.26311740
vn -0.27216554 0.13608277 -0.95257932
vn -0.00000000 -0.27472112 0.96152395
vn -0.00000000 -0.00000000 -1.00000000
vn -0.00000000 -0.00000000 1.00000000
vn -0.00000000 -0.00000000 -1.00000000
vn -0.00000000 -0.70710677 0.70710677
vn 0.23942606 -0.15961738 0.95770425
vn -0.00000000 0.24253562 -0.97014248
vn -0.00000000 -0.24253562 0.97014248
vn -0.00000000 -0.24253562 -0.97014248
vn 0.18814418 0.28221625 0.94072086
vn -0.00000000 0.70710677 -0.70710677
vn -0.00000000 0.28734788 -0.95782626
vn -0.10482848 -0.94345635 0.31448546
vn -0.70710677 -0.70710677 -0.00000000
vn -0.00000000 -1.00000000 -0.00000000
vn -0.13018891 -0.91132236 -0.39056674
vn -0.00000000 0.44721359 0.89442718
vn 0.39056674 0.65094453 0.65094453
vn 0.80000001 -0.00000000 -0.60000002
vn 0.44721359 -0.00000000 -0.89442718
vn -1.00000000 -0.00000000 -0.00000000
vn 0.59628481 -0.29814240 0.74535596
vn 0.44543540 -0.08908708 0.89087081
vn 0.29002094 0.67671555 0.67671555
vn 0.80000001 -0.00000000 -0.60000002
vn 0.44721359 -0.00000000 -0.89442718
vn -0.93704259 -0.31234753 0.15617377
vn -0.97014248 0.24253562 -0.00000000
vn -0.93704259 -0.31234753 -0.15617377
vn 0.39056674 -0.65094453 0.65094453
vn 0.14106913 0.07053456 0.98748386
vn 0.81923193 -0.00000000 -0.57346237
vn 0.44232586 0.14744195 -0.88465172
vn -0.49236596 -0.86164045 -0.12309149
vn 0.57735026 0.57735026 0.57735026
vn 0.61721343 -0.15430336 0.77151674
vn 0.44232586 0.14744195 0.88465172
vn 0.87287158 0.43643579 -0.21821789
vn 0.57735026 0.57735026 -0.57735026
vn 0.94280905 0.23570226 -0.23570226
vn 0.40824831 0.40824831 -0.81649661
vn 0.66666669 0.33333334 0.66666669
vn 0.43193421 0.25916052 0.86386842
vn 0.31799936 0.84799832 -0.42399916
vn 0.84515423 0.50709254 -0.16903085
vn 0.44721359 0.89442718 -0.00000000
vn 0.89442718 0.44721359 -0.00000000
vn 0.44022545 0.88045090 0.17609018
vn 0.63960212 0.63960212 0.42640144
vn -0.88045090 -0.44022545 -0.17609018
vn -0.10482848 -0.94345635 -0.31448546
vn -0.31234753 -0.15617377 -0.93704259
vn -0.89442718 -0.44721359 -0.00000000
vn -0.24253562 -0.97014248 -0.00000000
vn -0.84799832 -0.42399916 0.31799936
vn -0.23570226 -0.94280905 0.23570226
vn -0.23570226 -0.23570226 0.94280905
vn -0.31622776 -0.00000000 -0.94868332
vn -0.00000000 -0.00000000 1.00000000
vn 0.71713716 -0.35856858 -0.59761429
vn 0.06967330 -0.20901990 -0.97542620
vn 0.98639393 -0.00000000 -0.16439898
vn 0.26425821 -0.15855493 0.95132959
vn 0.50709254 0.84515423 0.16903085
vn 0.20901990 0.06967330 -0.97542620
vn -0.00000000 -0.00000000 1.00000000
vn -0.14002801 -0.70014006 -0.70014006
vn 0.13608277 -0.27216554 -0.95257932
vn -0.94868332 -0.00000000 0.31622776
vn 0.42857143 -0.85714287 -0.28571430
vn 0.62469506 -0.00000000 0.78086883
vn 0.27472112 -0.00000000 0.96152395
vn 0.23570226 0.23570226 -0.94280905
vn -0.87287158 -0.43643579 -0.21821789
vn 0.55470020 -0.00000000 0.83205032
vn 0.24253562 -0.00000000 0.97014248
vn 0.57735026 0.57735026 -0.57735026
vn 0.71713716 0.35856858 -0.59761429
vn 0.40824831 0.40824831 -0.81649661
vn 0.53452247 0.26726124 0.80178374
vn 0.43643579 0.21821789 0.87287158
vn 0.26832816 0.89442718 -0.35777089
vn -0.00000000 1.00000000 -0.00000000
vn 0.28718325 0.93334562 0.21538745
vn -0.00000000 -0.98058069 -0.19611613
vn 0.23570226 -0.23570226 -0.94280905
vn 0.08304548 -0.99654573 -0.00000000
vn -0.00000000 -1.00000000 -0.00000000
vn 0.09950372 -0.99503720 -0.00000000
vn -0.00000000 -0.96476382 0.26311740
vn 0.27216554 -0.13608277 0.95257932
vn 0.71713716 -0.35856858 -0.59761429
vn 0.26906911 -0.20180184 -0.94174188
vn -0.64699662 0.53916389 0.53916389
vn -0.25916052 0.43193421 0.86386842
vn -0.52999896 0.84799832 -0.00000000
vn -0.45584232 0.68376344 -0.56980288
vn -0.12674485 0.44360697 -0.88721395
vn -0.00000000 -0.00000000 1.00000000
vn 0.27216554 -0.68041384 -0.68041384
vn 0.13608277 -0.27216554 -0.95257932
vn -0.00000000 0.27472112 0.96152395
vn -0.22941573 0.68824720 0.68824720
vn -0.39056674 0.65094453 -0.65094453
vn -0.20507579 0.20507579 -0.95702028
vn 0.62469506 -0.00000000 0.78086883
vn 0.27472112 -0.00000000 0.96152395
vn 0.28221625 0.18814418 -0.94072086
vn -0.00000000 -0.24253562 0.97014248
vn -0.18814418 -0.28221625 -0.94072086
vn 0.53452247 0.26726124 0.80178374
vn 0.27472112 -0.00000000 0.96152395
vn 0.22941573 0.68824720 -0.68824720
vn -0.00000000 0.44721359 -0.89442718
vn -0.00000000 -0.94868332 0.31622776
vn -0.00000000 -1.00000000 -0.00000000
vn -0.31234753 -0.93704259 -0.15617377
vn -0.00000000 0.24253562 0.97014248
vn 0.10482848 0.94345635 -0.31448546
vn 0.95770425 0.15961738 -0.23942606
vn 0.23570226 0.94280905 -0.23570226
vn 0.92450035 0.09245003 -0.36980012
vn 0.14744195 0.44232586 -0.88465172
vn 0.70436072 0.35218036 0.61631566
vn 0.25916052 0.43193421 0.86386842
vn -0.00000000 0.96476382 0.26311740
vn 0.13018891 0.91132236 0.39056674
vn 0.95782626 -0.00000000 -0.28734788
vn 0.99654573 0.08304548 -0.00000000
vn 0.44721359 0.89442718 -0.00000000
vn 1.00000000 -0.00000000 -0.00000000
vn 1.00000000 -0.00000000 -0.00000000
vn 0.95770425 0.23942606 0.15961738
vn 0.91287094 0.36514837 -0.18257418
vn 1.00000000 -0.00000000 -0.00000000
vn 1.00000000 -0.00000000 -0.00000000
vn 0.84799832 0.31799936 0.42399916
vn 0.80812204 0.50507629 -0.30304575
vn 0.97014248 0.24253562 -0.00000000
vn 0.91168463 0.22792116 0.34188172
vn -0.00000000 -0.94868332 -0.31622776
vn -0.00000000 -0.44721359 -0.89442718
vn -0.00000000 -1.00000000 -0.00000000
vn -0.00000000 -0.94868332 0.31622776
vn -0.00000000 -0.24253562 0.97014248
vn -0.62469506 -0.00000000 -0.78086883
vn -0.00000000 -0.70710677 -0.70710677
vn -0.09759001 -0.19518001 -0.97590005
vn 0.88465172 0.44232586 -0.14744195
vn 0.07053456 0.14106913 0.98748386
vn -0.00000000 1.00000000 -0.00000000
vn -0.07053456 0.14106913 -0.98748386
vn -0.00000000 -0.00000000 1.00000000
vn -0.65079135 -0.00000000 -0.75925660
vn 0.09759001 0.19518001 -0.97590005
vn -0.00000000 -0.31622776 0.94868332
vn -0.00000000 -0.31622776 -0.94868332
vn -0.00000000 -0.00000000 1.00000000
vn 0.80000001 -0.00000000 -0.60000002
vn -0.00000000 0.70710677 -0.70710677
vn 0.25062734 0.35087830 -0.90225846
vn -0.00000000 -1.00000000 -0.00000000
vn -0.00000000 -0.00000000 1.00000000
vn 0.66666669 0.33333334 -0.66666669
vn 0.20936957 0.26171196 -0.94216305
vn -0.00000000 0.29827499 0.95447999
vn -0.00000000 0.70710677 -0.70710677
vn 0.68376344 0.45584232 -0.56980288
vn -0.08908708 0.44543540 -0.89087081
vn 0.59628481 0.29814240 0.74535596
vn 0.08908708 0.44543540 0.89087081
vn -0.00000000 0.70710677 0.70710677
vn -0.35112345 0.93632919 -0.00000000
vn -0.96225047 -0.19245009 -0.19245009
vn -0.46499056 -0.81373346 -0.34874290
vn -0.23570226 -0.23570226 -0.94280905
vn -0.97014248 -0.24253562 -0.00000000
vn -0.44721359 -0.89442718 -0.00000000
vn -0.97014248 -0.24253562 -0.00000000
vn -0.44721359 -0.89442718 -0.00000000
vn -0.92450035 -0.09245003 0.36980012
vn -0.62017369 -0.74420840 0.24806947
vn -0.40824831 -0.40824831 0.81649661
vn -0.93632919 -0.00000000 -0.35112345
vn -0.44721359 -0.00000000 -0.89442718
vn -1.00000000 -0.00000000 -0.00000000
vn -1.00000000 -0.00000000 -0.00000000
vn -0.99654573 -0.08304548 -0.00000000
vn -0.62853938 -0.54997194 0.54997194
vn -0.95782626 -0.00000000 0.28734788
vn -0.43193421 -0.25916052 0.86386842
vn -0.93632919 -0.00000000 -0.35112345
vn -0.44721359 -0.00000000 -0.89442718
vn -1.00000000 -0.00000000 -0.00000000
vn -1.00000000 -0.00000000 -0.00000000
vn -1.00000000 -0.00000000 -0.00000000
vn -0.95782626 -0.00000000 0.28734788
vn -0.44721359 -0.00000000 0.89442718
vn -0.88345224 0.33129457 -0.33129457
vn -0.43643579 0.21821789 -0.87287158
vn -1.00000000 -0.00000000 -0.00000000
vn -1.00000000 -0.00000000 -0.00000000
vn -1.00000000 -0.00000000 -0.00000000
vn -0.93704259 0.31234753 0.15617377
vn -0.43643579 0.21821789 0.87287158
vn -0.45083481 0.63116872 -0.63116872
vn -0.40824831 0.40824831 -0.81649661
vn -0.68376344 0.56980288 -0.45584232
vn -0.97014248 0.24253562 -0.00000000
vn -0.86386842 0.43193421 0.25916052
vn -0.40824831 0.40824831 0.81649661
vn -0.39056674 0.65094453 0.65094453
vn -0.25445667 0.93300784 -0.25445667
vn -0.24253562 0.97014248 -0.00000000
vn -0.21821789 0.87287158 0.43643579
vn 0.64699662 -0.53916389 -0.53916389
vn -0.00000000 -0.44721359 -0.89442718
vn -0.13018891 -0.91132236 -0.39056674
vn -0.24253562 -0.97014248 -0.00000000
vn -0.31189144 -0.87329602 0.37426972
vn 0.45584232 -0.68376344 0.56980288
vn -0.08908708 -0.44543540 0.89087081
vn -0.00000000 -0.70710677 -0.70710677
vn -0.00000000 -0.33633640 -0.94174188
vn 0.14744195 0.44232586 0.88465172
vn 0.39056674 0.91132236 0.13018891
vn -0.00000000 0.28734788 -0.95782626
vn 0.14002801 -0.70014006 0.70014006
vn -0.00000000 -0.29827499 0.95447999
vn 0.80000001 -0.00000000 -0.60000002
vn 0.27472112 -0.00000000 -0.96152395
vn -0.00000000 0.27472112 0.96152395
vn 0.39056674 0.65094453 0.65094453
vn -0.62469506 -0.00000000 -0.78086883
vn -0.27472112 -0.00000000 -0.96152395
vn -0.00000000 -0.00000000 1.00000000
vn 0.71713716 0.35856858 -0.59761429
vn 0.27472112 -0.00000000 -0.96152395
vn -0.31234753 -0.15617377 0.93704259
vn -0.53452247 -0.26726124 -0.80178374
vn -0.23570226 -0.23570226 -0.94280905
vn -0.00000000 -0.00000000 1.00000000
vn -0.00000000 0.24253562 -0.97014248
vn -0.30151135 -0.90453404 0.30151135
vn -0.00000000 -0.92847669 -0.37139067
vn 0.23570226 0.23570226 0.94280905
vn -0.00000000 0.94868332 -0.31622776
vn 0.18257418 0.91287094 -0.36514837
vn 0.25916052 0.43193421 -0.86386842
vn 0.14744195 0.44232586 0.88465172
vn 0.31799936 0.84799832 0.42399916
vn 0.31234753 0.93704259 0.15617377
vn 0.36514837 0.91287094 -0.18257418
vn 0.23570226 -0.94280905 -0.23570226
vn 0.23570226 -0.23570226 -0.94280905
vn 0.24253562 -0.97014248 -0.00000000
vn 0.10482848 -0.94345635 0.31448546
vn 0.27216554 -0.13608277 0.95257932
vn 0.80000001 -0.00000000 -0.60000002
vn 0.31622776 -0.00000000 -0.94868332
vn -0.88465172 0.44232586 0.14744195
vn -0.00000000 -0.00000000 1.00000000
vn 0.71713716 0.35856858 -0.59761429
vn 0.27472112 -0.00000000 -0.96152395
vn -0.15617377 0.31234753 0.93704259
vn -0.50709254 0.84515423 -0.16903085
vn -0.23570226 0.23570226 -0.94280905
vn -0.00000000 -0.00000000 1.00000000
vn -0.00000000 -0.00000000 -1.00000000
vn 0.87287158 -0.43643579 0.21821789
vn -0.06967330 -0.20901990 0.97542620
vn 0.06967330 -0.20901990 -0.97542620
vn -0.00000000 -0.00000000 1.00000000
vn -0.00000000 -0.00000000 -1.00000000
vn -0.31622776 -0.94868332 -0.00000000
vn -0.00000000 -0.00000000 1.00000000
vn -0.70710677 -0.00000000 -0.70710677
vn -0.27472112 -0.00000000 -0.96152395
vn -0.81923193 -0.00000000 0.57346237
vn -0.27472112 -0.00000000 0.96152395
vn -0.81649661 0.40824831 -0.40824831
vn -0.13608277 0.27216554 -0.95257932
vn -0.98287219 0.18428853 -0.00000000
vn -0.87287158 0.43643579 0.21821789
vn -0.20507579 0.20507579 0.95702028
vn -0.44022545 0.88045090 -0.17609018
vn -0.44721359 0.89442718 -0.00000000
vn -0.36650833 0.85518610 0.36650833
vn -0.88045090 -0.44022545 -0.17609018
vn -0.10482848 -0.94345635 -0.31448546
vn -0.31234753 -0.15617377 -0.93704259
vn -0.89442718 -0.44721359 -0.00000000
vn -0.24253562 -0.97014248 -0.00000000
vn -0.89442718 -0.44721359 -0.00000000
vn -0.24253562 -0.97014248 -0.00000000
vn -0.85714287 -0.42857143 0.28571430
vn -0.23570226 -0.94280905 0.23570226
vn -0.18823674 -0.43921906 0.87843812
vn -0.00000000 -0.27472112 -0.96152395
vn -0.62469506 -0.46852130 0.62469506
vn -0.00000000 -0.70710677 0.70710677
vn -0.18823674 -0.43921906 0.87843812
vn -0.62469506 -0.00000000 -0.78086883
vn -0.00000000 -0.70710677 -0.70710677
vn -0.28221625 -0.18814418 -0.94072086
vn 0.96225047 0.19245009 0.19245009
vn 0.23570226 0.23570226 0.94280905
vn 0.46499056 0.81373346 0.34874290
vn 0.44721359 0.89442718 -0.00000000
vn 0.97014248 0.24253562 -0.00000000
vn 0.23570226 0.94280905 -0.23570226
vn 0.93632919 -0.00000000 -0.35112345
vn 0.18814418 0.28221625 -0.94072086
vn -0.79602975 -0.09950372 0.59702229
vn -0.00000000 -0.70710677 0.70710677
vn -0.18814418 -0.28221625 0.94072086
vn -0.55470020 -0.00000000 -0.83205032
vn -0.24253562 -0.00000000 -0.97014248
vn 0.88345224 -0.33129457 0.33129457
vn 0.44022545 -0.17609018 0.88045090
vn 1.00000000 -0.00000000 -0.00000000
vn 0.95782626 -0.00000000 -0.28734788
vn 0.44721359 -0.00000000 -0.89442718
vn -0.80000001 -0.00000000 0.60000002
vn -0.24253562 -0.00000000 0.97014248
vn -0.61885273 0.30942637 -0.72199488
vn -0.15961738 0.23942606 -0.95770425
vn 0.45083481 -0.63116872 0.63116872
vn 0.68376344 -0.56980288 0.45584232
vn 0.40824831 -0.40824831 0.81649661
vn 0.94072086 -0.28221625 -0.18814418
vn 0.28221625 -0.18814418 -0.94072086
vn -0.66666669 0.33333334 0.66666669
vn -0.23942606 0.15961738 0.95770425
vn -0.63636363 0.54545456 -0.54545456
vn -0.52981293 0.52981293 -0.66226619
vn -0.14744195 0.44232586 -0.88465172
vn 0.25445667 -0.93300784 0.25445667
vn 0.13018891 -0.91132236 -0.39056674
vn -0.71713716 0.35856858 0.59761429
vn -0.28571430 0.42857143 0.85714287
vn -0.45083481 0.63116872 0.63116872
vn -0.31234753 0.93704259 -0.15617377
vn -0.12403473 0.99227786 -0.00000000
vn -0.14142136 0.98994946 -0.00000000
vn -0.07124705 0.99745870 -0.00000000
vn -0.38851434 0.87415725 0.29138577
vn -0.86657822 -0.43328911 -0.24759379
vn -0.10482848 -0.94345635 -0.31448546
vn -0.25916052 -0.43193421 -0.86386842
vn -0.89442718 -0.44721359 -0.00000000
vn -0.24253562 -0.97014248 -0.00000000
vn -0.85714287 -0.42857143 0.28571430
vn -0.23570226 -0.94280905 0.23570226
vn -0.18823674 -0.43921906 0.87843812
vn -0.45584232 -0.56980288 -0.68376344
vn -0.00000000 -0.70710677 -0.70710677
vn -0.31234753 -0.15617377 -0.93704259
vn -0.68376344 -0.45584232 0.56980288
vn -0.00000000 -0.70710677 0.70710677
vn -0.23570226 -0.23570226 0.94280905
vn -0.00000000 -0.00000000 -1.00000000
vn -0.00000000 0.94868332 0.31622776
vn 0.49236596 0.61545748 0.61545748
vn 0.31234753 0.15617377 0.93704259
vn 0.58321184 0.75817537 -0.29160592
vn 0.26906911 0.20180184 -0.94174188
vn -0.00000000 -0.00000000 1.00000000
vn -0.00000000 -0.00000000 -1.00000000
vn -0.26906911 -0.20180184 0.94174188
vn -0.00000000 -0.00000000 -1.00000000
vn -0.00000000 -0.00000000 1.00000000
vn -0.00000000 -0.00000000 -1.00000000
vn -0.57735026 -0.57735026 0.57735026
vn -0.71713716 -0.35856858 0.59761429
vn -0.40824831 -0.40824831 0.81649661
vn -0.23570226 -0.23570226 -0.94280905
vn 0.20180184 0.26906911 0.94174188
vn 0.31234753 0.15617377 -0.93704259
vn -0.30151135 -0.90453404 0.30151135
vn 0.59628481 0.29814240 0.74535596
vn 0.21821789 0.43643579 0.87287158
vn 0.39056674 0.65094453 0.65094453
vn 0.30151135 0.90453404 -0.30151135
vn 0.08304548 0.99654573 -0.00000000
vn -0.00000000 1.00000000 -0.00000000
vn 0.44444445 0.88888890 0.11111111
vn 0.11111111 0.88888890 0.44444445
vn 0.84799832 -0.42399916 -0.31799936
vn 0.89442718 -0.44721359 -0.00000000
vn 0.88045090 -0.44022545 0.17609018
vn -0.00000000 -0.94868332 -0.31622776
vn -0.00000000 -0.29827499 -0.95447999
vn -0.00000000 -1.00000000 -0.00000000
vn -0.00000000 -0.94868332 0.31622776
vn -0.00000000 -0.29827499 0.95447999
vn -0.00000000 -0.00000000 -1.00000000
vn -0.98639393 -0.00000000 0.16439898
vn -0.00000000 -0.00000000 1.00000000
vn -0.00000000 -0.00000000 -1.00000000
vn -0.99227786 -0.00000000 -0.12403473
vn -0.00000000 -0.00000000 1.00000000
vn -0.00000000 -0.00000000 -1.00000000
vn 0.23210354 0.29012942 0.92841417
vn 0.98639393 -0.00000000 -0.16439898
vn -0.44721359 0.89442718 -0.00000000
vn 0.11846977 0.29617444 -0.94775820
vn -0.00000000 -0.00000000 1.00000000
vn -0.00000000 -0.00000000 -1.00000000
vn 0.87287158 -0.43643579 0.21821789
vn -0.15961738 -0.23942606 0.95770425
vn -0.00000000 -0.24253562 -0.97014248
vn -0.00000000 -0.00000000 1.00000000
vn -0.00000000 -0.00000000 -1.00000000
vn -0.31622776 -0.94868332 -0.00000000
vn -0.00000000 -0.00000000 1.00000000
vn -0.81649661 0.40824831 -0.40824831
vn -0.20507579 0.20507579 -0.95702028
vn -0.89442718 0.44721359 -0.00000000
vn -0.88045090 0.44022545 0.17609018
vn -0.27216554 0.13608277 0.95257932
vn -0.28221625 0.94072086 -0.18814418
vn -0.24253562 0.97014248 -0.00000000
vn -0.25400025 0.88900089 0.38100037
vn -0.00000000 -0.94868332 -0.31622776
vn -0.00000000 -0.24253562 -0.97014248
vn -0.00000000 -1.00000000 -0.00000000
vn -0.00000000 -1.00000000 -0.00000000
vn -0.00000000 -0.94868332 0.31622776
vn -0.00000000 -0.44721359 0.89442718
vn -0.00000000 -0.24253562 -0.97014248
vn 0.88045090 0.44022545 0.17609018
vn 0.07053456 0.14106913 0.98748386
vn -0.12038586 0.96308684 0.24077171
vn 0.12038586 0.96308684 -0.24077171
vn 0.84799832 0.42399916 -0.31799936
vn -0.08908708 0.44543540 -0.89087081
vn -0.00000000 -0.70710677 0.70710677
vn -0.00000000 -0.44721359 0.89442718
vn -0.00000000 -0.70710677 -0.70710677
vn -0.00000000 -0.24253562 -0.97014248
vn -0.00000000 0.33633640 0.94174188
vn -0.00000000 0.70710677 -0.70710677
vn -0.00000000 0.44721359 -0.89442718
vn -0.00000000 -0.70710677 0.70710677
vn -0.00000000 -0.24253562 0.97014248
vn -0.00000000 -0.00000000 -1.00000000
vn 0.66666669 -0.33333334 0.66666669
vn -0.00000000 -0.00000000 1.00000000
vn -0.00000000 0.70710677 0.70710677
vn -0.00000000 0.70710677 -0.70710677
vn 0.71713716 -0.35856858 -0.59761429
vn 0.19518001 0.09759001 -0.97590005
vn -0.00000000 -0.00000000 1.00000000
vn -0.00000000 0.24253562 -0.97014248
vn 0.50767308 -0.60920769 0.60920769
vn 0.52981293 -0.52981293 0.66226619
vn 0.12674485 -0.44360697 0.88721395
vn 0.22941573 -0.68824720 -0.68824720
vn -0.00000000 -0.44721359 -0.89442718
vn -0.00000000 0.24253562 0.97014248
vn -0.00000000 0.70710677 -0.70710677
vn -0.00000000 0.44721359 -0.89442718
vn 0.31234753 -0.93704259 0.15617377
vn -0.00000000 -1.00000000 -0.00000000
vn -0.00000000 -0.94868332 -0.31622776
vn -0.00000000 0.44721359 0.89442718
vn -0.00000000 0.70710677 0.70710677
vn -0.00000000 0.94868332 -0.31622776
vn -0.26832816 0.89442718 -0.35777089
vn -0.61885273 0.72199488 -0.30942637
vn -0.14744195 0.44232586 -0.88465172
vn -0.80845207 0.56591648 0.16169041
vn -0.25916052 0.43193421 0.86386842
vn -0.19802950 0.69310325 0.69310325
vn -0.28221625 0.94072086 -0.18814418
vn -0.25400025 0.88900089 0.38100037
vn -0.00000000 -0.94868332 -0.31622776
vn -0.00000000 -0.44721359 -0.89442718
vn -0.00000000 -1.00000000 -0.00000000
vn -0.00000000 -0.94868332 0.31622776
vn -0.00000000 -0.44721359 0.89442718
vn -0.00000000 -0.70710677 -0.70710677
vn -0.00000000 -0.24253562 -0.97014248
vn 0.89442718 0.44721359 -0.00000000
vn 0.08908708 0.44543540 0.89087081
vn -0.00000000 1.00000000 -0.00000000
vn 0.08908708 0.44543540 -0.89087081
vn -0.00000000 -0.70710677 0.70710677
vn -0.00000000 -0.24253562 0.97014248
vn -0.00000000 -0.00000000 -1.00000000
vn -0.00000000 -0.07124705 0.99745870
vn -0.00000000 0.70710677 0.70710677
vn -0.00000000 0.70710677 -0.70710677
vn 0.74420840 -0.24806947 -0.62017369
vn -0.00000000 -0.00000000 -1.00000000
vn -0.00000000 -0.00000000 1.00000000
vn -0.00000000 -0.00000000 -1.00000000
vn -0.00000000 -0.70710677 0.70710677
vn -0.66666669 -0.33333334 0.66666669
vn -0.18823674 -0.43921906 0.87843812
vn -0.14002801 -0.70014006 -0.70014006
vn -0.00000000 -0.44721359 -0.89442718
vn -0.00000000 0.29827499 0.95447999
vn -0.00000000 0.27472112 -0.96152395
vn -0.78446454 -0.58834839 -0.19611613
vn -0.00000000 -0.98994946 0.14142136
vn 0.59628481 0.29814240 0.74535596
vn 0.07053456 0.14106913 0.98748386
vn -0.00000000 0.70710677 0.70710677
vn -0.00000000 0.70710677 -0.70710677
vn 0.71713716 0.35856858 -0.59761429
vn 0.14744195 0.44232586 -0.88465172
vn -0.00000000 0.28734788 0.95782626
vn -0.00000000 0.92847669 -0.37139067
vn -0.00000000 1.00000000 -0.00000000
vn -0.00000000 0.94868332 0.31622776
vn -0.96225047 -0.19245009 -0.19245009
vn -0.53452247 -0.80178374 -0.26726124
vn -0.43921906 -0.18823674 -0.87843812
vn -0.97014248 -0.24253562 -0.00000000
vn -0.44721359 -0.89442718 -0.00000000
vn -0.92998111 -0.11624764 0.34874290
vn -0.62017369 -0.74420840 0.24806947
vn -0.43193421 -0.25916052 0.86386842
vn -0.93632919 -0.00000000 -0.35112345
vn -0.44721359 -0.00000000 -0.89442718
vn -1.00000000 -0.00000000 -0.00000000
vn -0.93704259 0.31234753 0.15617377
vn -0.43643579 0.21821789 0.87287158
vn -0.93632919 -0.00000000 -0.35112345
vn -0.44721359 -0.00000000 -0.89442718
vn -0.91234308 0.15205719 0.38014296
vn -0.44543540 0.08908708 0.89087081
vn -0.39056674 0.65094453 0.65094453
vn -0.88345224 -0.33129457 -0.33129457
vn -0.31622776 -0.00000000 -0.94868332
vn -0.94868332 -0.31622776 -0.00000000
vn -0.49236596 -0.61545748 0.61545748
vn -0.92057461 -0.27617240 0.27617240
vn -0.20180184 -0.26906911 0.94174188
vn -0.00000000 -0.00000000 -1.00000000
vn -0.00000000 -0.00000000 1.00000000
vn -0.27472112 -0.00000000 -0.96152395
vn -0.27472112 -0.00000000 0.96152395
vn -0.24253562 -0.00000000 -0.97014248
vn -0.24253562 -0.00000000 0.97014248
vn -0.24253562 -0.00000000 -0.97014248
vn -0.98639393 -0.00000000 0.16439898
vn -0.24253562 -0.00000000 0.97014248
vn -0.27472112 -0.00000000 -0.96152395
vn -0.99227786 -0.00000000 -0.12403473
vn -0.27472112 -0.00000000 0.96152395
vn -0.00000000 -0.00000000 -1.00000000
vn 0.12038586 0.24077171 0.96308684
vn 0.89442718 -0.44721359 -0.00000000
vn 0.19245009 0.96225047 0.19245009
vn -0.00000000 0.28734788 -0.95782626
vn -0.00000000 -0.00000000 1.00000000
vn -0.00000000 0.24253562 -0.97014248
vn -0.00000000 -1.00000000 -0.00000000
vn -0.00000000 0.24253562 0.97014248
vn -0.00000000 0.94868332 -0.31622776
vn -0.00000000 1.00000000 -0.00000000
vn -0.00000000 0.94868332 0.31622776
vn 0.23570226 -0.94280905 -0.23570226
vn 0.20507579 -0.20507579 -0.95702028
vn 0.24253562 -0.97014248 -0.00000000
vn 0.24253562 -0.97014248 -0.00000000
vn 0.10482848 -0.94345635 0.31448546
vn 0.25916052 -0.43193421 0.86386842
vn -0.00000000 -0.31622776 -0.94868332
vn -0.84799832 0.42399916 0.31799936
vn -0.88045090 0.44022545 -0.17609018
vn -0.00000000 -0.70710677 0.70710677
vn -0.00000000 -0.44721359 0.89442718
vn -0.00000000 -0.70710677 -0.70710677
vn 0.15961738 -0.23942606 -0.95770425
vn -0.15617377 0.31234753 0.93704259
vn -0.44022545 0.88045090 0.17609018
vn -0.44721359 0.89442718 -0.00000000
vn -0.13018891 0.91132236 -0.39056674
vn -0.21821789 0.43643579 -0.87287158
vn -0.00000000 -0.70710677 0.70710677
vn 0.27216554 -0.13608277 0.95257932
vn 0.24253562 -0.00000000 -0.97014248
vn -0.71713716 -0.35856858 0.59761429
vn -0.44721359 -0.00000000 0.89442718
vn -0.00000000 0.70710677 -0.70710677
vn -0.19518001 -0.09759001 -0.97590005
vn -0.00000000 -0.00000000 1.00000000
vn 0.28221625 0.18814418 -0.94072086
vn -0.28221625 -0.18814418 0.94072086
vn -0.33333334 -0.66666669 -0.66666669
vn -0.18823674 -0.43921906 -0.87843812
vn 0.23570226 0.23570226 0.94280905
vn 0.52615219 0.60131681 -0.60131681
vn 0.25916052 0.43193421 -0.86386842
vn -0.13018891 -0.91132236 0.39056674
vn -0.24253562 -0.97014248 -0.00000000
vn -0.28221625 -0.94072086 -0.18814418
vn -0.00000000 0.44721359 0.89442718
vn 0.39056674 0.65094453 0.65094453
vn 0.30151135 0.90453404 -0.30151135
vn 0.18257418 0.91287094 -0.36514837
vn 0.25916052 0.43193421 -0.86386842
vn 0.14744195 0.44232586 0.88465172
vn 0.29002094 0.67671555 0.67671555
vn 0.25400025 0.88900089 -0.38100037
vn 0.28221625 0.94072086 0.18814418
vn -0.00000000 -0.98058069 -0.19611613
vn 0.14744195 -0.44232586 -0.88465172
vn 0.19611613 -0.98058069 -0.00000000
vn -0.00000000 -0.96476382 0.26311740
vn 0.21821789 -0.43643579 0.87287158
vn -0.00000000 -0.70710677 -0.70710677
vn -0.00000000 -0.24253562 -0.97014248
vn -0.89442718 0.44721359 -0.00000000
vn -0.00000000 -0.70710677 0.70710677
vn 0.27216554 -0.13608277 0.95257932
vn -0.00000000 -0.00000000 -1.00000000
vn -0.00000000 -0.07124705 0.99745870
vn -0.00000000 0.94868332 0.31622776
vn -0.59628481 0.74535596 -0.29814240
vn -0.62469506 -0.00000000 -0.78086883
vn -0.26906911 0.20180184 -0.94174188
vn -0.00000000 -0.00000000 1.00000000
vn -0.00000000 -0.00000000 -1.00000000
vn -0.00000000 -0.70710677 0.70710677
vn 0.21821789 -0.43643579 0.87287158
vn 0.30578831 -0.25482360 -0.91736495
vn -0.00000000 -0.00000000 1.00000000
vn -0.00000000 0.24253562 -0.97014248
vn -0.00000000 -0.97014248 0.24253562
vn -0.71713716 0.35856858 0.59761429
vn -0.23862000 0.17896500 0.95447999
vn -0.00000000 0.70710677 -0.70710677
vn -0.00000000 0.44721359 -0.89442718
vn -0.12674485 0.44360697 0.88721395
vn -0.27216554 0.68041384 0.68041384
vn -0.00000000 0.94868332 -0.31622776
vn -0.00000000 1.00000000 -0.00000000
vn -0.00000000 0.92847669 0.37139067
vn -0.86657822 -0.43328911 -0.24759379
vn -0.34815532 -0.87038827 -0.34815532
vn -0.40824831 -0.40824831 -0.81649661
vn -0.89442718 -0.44721359 -0.00000000
vn -0.24253562 -0.97014248 -0.00000000
vn -0.85714287 -0.42857143 0.28571430
vn -0.23570226 -0.94280905 0.23570226
vn -0.18823674 -0.43921906 0.87843812
vn -0.51214755 -0.38411063 -0.76822126
vn -0.39056674 -0.65094453 -0.65094453
vn -0.23570226 -0.23570226 -0.94280905
vn -0.79602975 -0.09950372 0.59702229
vn -0.00000000 -0.70710677 0.70710677
vn -0.18814418 -0.28221625 0.94072086
vn -0.55470020 -0.00000000 -0.83205032
vn -0.24253562 -0.00000000 -0.97014248
vn 0.89442718 -0.44721359 -0.00000000
vn 0.44543540 0.08908708 0.89087081
vn 0.60000002 0.80000001 -0.00000000
vn 0.14106913 0.07053456 -0.98748386
vn -0.66666669 0.33333334 0.66666669
vn -0.20507579 0.20507579 0.95702028
vn -0.53452247 0.26726124 -0.80178374
vn -0.15961738 0.23942606 -0.95770425
vn 0.14002801 -0.98019606 0.14002801
vn -0.71713716 -0.35856858 0.59761429
vn -0.43643579 0.21821789 0.87287158
vn -0.50767308 0.60920769 0.60920769
vn -0.39056674 0.65094453 -0.65094453
vn -0.00000000 0.27472112 -0.96152395
vn -0.00000000 -0.00000000 1.00000000
vn -0.20180184 -0.26906911 -0.94174188
vn 0.98639393 -0.00000000 -0.16439898
vn 0.23570226 0.23570226 0.94280905
vn 0.50709254 0.84515423 0.16903085
vn 0.15617377 0.31234753 -0.93704259
vn -0.26906911 -0.20180184 0.94174188
vn -0.62469506 -0.00000000 -0.78086883
vn -0.27216554 -0.68041384 -0.68041384
vn -0.23570226 -0.23570226 -0.94280905
vn 1.00000000 -0.00000000 -0.00000000
vn 0.44721359 -0.00000000 0.89442718
vn 0.44721359 -0.00000000 -0.89442718
vn -0.51832104 -0.60470790 0.60470790
vn -0.81923193 -0.00000000 0.57346237
vn -0.40824831 -0.40824831 0.81649661
vn -0.55470020 -0.00000000 -0.83205032
vn -0.44721359 -0.00000000 -0.89442718
vn 1.00000000 -0.00000000 -0.00000000
vn 0.44721359 -0.00000000 0.89442718
vn 0.44721359 -0.00000000 -0.89442718
vn -0.95346260 -0.09534626 0.28603879
vn -0.49236596 -0.61545748 0.61545748
vn -0.95782626 -0.00000000 0.28734788
vn -0.15617377 -0.31234753 0.93704259
vn -0.55470020 -0.00000000 -0.83205032
vn -0.28734788 -0.00000000 -0.95782626
vn 1.00000000 -0.00000000 -0.00000000
vn 0.44721359 -0.00000000 0.89442718
vn 0.44721359 -0.00000000 -0.89442718
vn -0.93632919 -0.00000000 0.35112345
vn -0.93704259 0.31234753 0.15617377
vn -0.20507579 0.20507579 0.95702028
vn -0.53452247 0.26726124 -0.80178374
vn -0.15961738 0.23942606 -0.95770425
vn 1.00000000 -0.00000000 -0.00000000
vn 0.28082797 -0.33699358 0.89864951
vn 0.30769232 -0.23076923 -0.92307693
vn -0.60920769 0.50767308 0.60920769
vn -0.40824831 0.40824831 0.81649661
vn -0.39056674 0.65094453 0.65094453
vn -0.39056674 0.65094453 -0.65094453
vn -0.00000000 0.27472112 -0.96152395
vn -0.87287158 -0.43643579 0.21821789
vn 0.42857143 -0.85714287 -0.28571430
vn -0.13608277 0.27216554 0.95257932
vn -0.27216554 0.68041384 0.68041384
vn 0.31234753 0.15617377 -0.93704259
vn 0.26906911 0.20180184 0.94174188
vn 0.25400025 0.88900089 -0.38100037
vn 0.24253562 0.97014248 -0.00000000
vn 0.28221625 0.94072086 0.18814418
vn 0.84799832 -0.42399916 -0.31799936
vn 0.89442718 -0.44721359 -0.00000000
vn 0.89442718 -0.44721359 -0.00000000
vn 0.88045090 -0.44022545 0.17609018
vn 0.44022545 -0.88045090 -0.17609018
vn 0.15617377 -0.31234753 -0.93704259
vn 0.44721359 -0.89442718 -0.00000000
vn 0.44721359 -0.89442718 -0.00000000
vn 0.44721359 -0.89442718 -0.00000000
vn 0.13018891 -0.91132236 0.39056674
vn 0.28221625 -0.18814418 0.94072086
vn 0.80000001 -0.00000000 -0.60000002
vn 0.44721359 -0.00000000 -0.89442718
vn -0.92998111 0.11624764 0.34874290
vn -0.89442718 0.44721359 -0.00000000
vn -0.87287158 0.43643579 -0.21821789
vn 0.59628481 -0.29814240 0.74535596
vn 0.44022545 -0.17609018 0.88045090
vn 0.80000001 -0.00000000 -0.60000002
vn 0.44721359 -0.00000000 -0.89442718
vn -0.77151674 0.15430336 0.61721343
vn -0.24253562 -0.00000000 0.97014248
vn -0.46625242 0.83925432 0.27975145
vn -0.54494923 0.77849895 -0.31139958
vn -0.72428596 -0.27160725 -0.63375020
vn -0.44543540 -0.08908708 -0.89087081
vn 0.19802950 -0.69310325 0.69310325
vn 0.14106913 0.07053456 0.98748386
vn 0.66666669 0.33333334 -0.66666669
vn 0.43921906 0.18823674 -0.87843812
vn -0.87287158 -0.43643579 0.21821789
vn -0.36650833 -0.85518610 0.36650833
vn -0.94174188 -0.33633640 -0.00000000
vn -0.63960212 -0.63960212 -0.42640144
vn -0.44232586 -0.88465172 -0.14744195
vn 0.39056674 0.65094453 0.65094453
vn 0.61721343 0.15430336 0.77151674
vn 0.26906911 0.20180184 0.94174188
vn 0.52615219 0.60131681 -0.60131681
vn 0.71713716 0.35856858 -0.59761429
vn 0.40824831 0.40824831 -0.81649661
vn 0.23570226 0.23570226 0.94280905
vn 0.34815532 0.87038827 -0.34815532
vn 0.07124705 0.99745870 -0.00000000
vn 0.80845207 0.56591648 -0.16169041
vn 0.16439898 0.98639393 -0.00000000
vn 0.61885273 0.72199488 0.30942637
vn 0.44022545 0.88045090 0.17609018
vn 0.64699662 -0.53916389 -0.53916389
vn 0.40824831 -0.40824831 -0.81649661
vn 0.57735026 -0.80829036 0.11547005
vn 0.54545456 -0.63636363 0.54545456
vn 0.40824831 -0.40824831 0.81649661
vn -0.00000000 -0.94868332 -0.31622776
vn -0.00000000 -0.24253562 -0.97014248
vn 0.26832816 -0.89442718 -0.35777089
vn 0.57735026 -0.57735026 0.57735026
vn 0.52981293 -0.52981293 0.66226619
vn 0.14744195 -0.44232586 0.88465172
vn -0.00000000 -0.00000000 -1.00000000
vn -0.23570226 0.23570226 0.94280905
vn -0.00000000 0.98058069 0.19611613
vn -0.10482848 0.94345635 -0.31448546
vn -0.00000000 0.44721359 -0.89442718
vn 0.39056674 -0.65094453 0.65094453
vn -0.00000000 -0.27472112 0.96152395
vn -0.00000000 -0.00000000 -1.00000000
vn 0.66666669 -0.33333334 0.66666669
vn 0.23570226 -0.23570226 0.94280905
vn -0.00000000 0.70710677 -0.70710677
vn 0.66666669 -0.33333334 -0.66666669
vn 0.19518001 0.09759001 -0.97590005
vn -0.00000000 -0.00000000 1.00000000
vn -0.00000000 0.24253562 -0.97014248
vn 0.63636363 -0.54545456 0.54545456
vn 0.61721343 -0.77151674 0.15430336
vn 0.14744195 -0.44232586 0.88465172
vn 0.28571430 -0.42857143 -0.85714287
vn 0.45083481 -0.63116872 -0.63116872
vn -0.00000000 -0.00000000 1.00000000
vn -0.00000000 0.70710677 -0.70710677
vn -0.00000000 0.44721359 -0.89442718
vn 0.36514837 -0.91287094 -0.18257418
vn -0.71713716 0.35856858 0.59761429
vn -0.27216554 0.13608277 0.95257932
vn -0.00000000 0.94868332 -0.31622776
vn -0.00000000 1.00000000 -0.00000000
vn -0.00000000 1.00000000 -0.00000000
vn -0.30151135 0.90453404 0.30151135
vn -0.45584232 -0.68376344 -0.56980288
vn -0.00000000 -0.96476382 -0.26311740
vn -0.31234753 -0.15617377 -0.93704259
vn -0.09950372 -0.99503720 -0.00000000
vn -0.00000000 -1.00000000 -0.00000000
vn -0.00000000 -0.94868332 0.31622776
vn -0.00000000 -0.44721359 0.89442718
vn -0.00000000 -0.00000000 -1.00000000
vn 0.89087081 0.44543540 0.08908708
vn 0.21821789 0.43643579 0.87287158
vn -0.00000000 0.98058069 0.19611613
vn 0.23570226 0.23570226 -0.94280905
vn -0.00000000 -0.70710677 0.70710677
vn -0.00000000 -0.24253562 0.97014248
vn -0.00000000 -0.00000000 -1.00000000
vn 0.65079135 -0.00000000 0.75925660
vn -0.00000000 -0.00000000 1.00000000
vn -0.00000000 0.70710677 0.70710677
vn -0.00000000 -0.00000000 -1.00000000
vn -0.00000000 -0.00000000 1.00000000
vn -0.00000000 0.24253562 -0.97014248
vn 0.50767308 -0.60920769 0.60920769
vn 0.94868332 -0.31622776 -0.00000000
vn 0.20180184 -0.26906911 0.94174188
vn 0.27472112 -0.00000000 -0.96152395
vn -0.71713716 0.35856858 0.59761429
vn -0.27216554 0.13608277 0.95257932
vn -0.00000000 0.70710677 -0.70710677
vn -0.00000000 -0.07124705 -0.99745870
vn 0.89442718 0.44721359 -0.00000000
vn -0.00000000 -0.00000000 1.00000000
vn -0.00000000 -0.00000000 -1.00000000
vn -0.00000000 -0.00000000 1.00000000
vn -0.22941573 0.68824720 0.68824720
vn -0.59628481 -0.29814240 -0.74535596
vn -0.00000000 -0.70710677 -0.70710677
vn -0.31234753 -0.15617377 -0.93704259
vn -0.20180184 0.26906911 0.94174188
vn -0.23076923 0.30769232 -0.92307693
vn -0.00000000 -0.70710677 0.70710677
vn -0.66666669 -0.33333334 0.66666669
vn -0.18823674 -0.43921906 0.87843812
vn -0.00000000 -0.27472112 -0.96152395
vn -0.00000000 0.70710677 0.70710677
vn 0.61721343 -0.15430336 0.77151674
vn 0.28221625 0.18814418 0.94072086
vn -0.00000000 0.70710677 -0.70710677
vn 0.79602975 -0.09950372 -0.59702229
vn 0.18814418 0.28221625 -0.94072086
vn -0.68376344 -0.45584232 0.56980288
vn -0.00000000 -0.70710677 0.70710677
vn -0.23570226 -0.23570226 0.94280905
vn -0.59628481 0.29814240 -0.74535596
vn -0.00000000 -0.70710677 -0.70710677
vn -0.19518001 0.09759001 -0.97590005
vn 0.55470020 -0.00000000 0.83205032
vn 0.24253562 -0.00000000 0.97014248
vn 0.80000001 -0.00000000 -0.60000002
vn 0.44721359 -0.00000000 -0.89442718
vn -0.00000000 -0.00000000 1.00000000
vn -0.39056674 0.65094453 -0.65094453
vn -0.00000000 0.27472112 -0.96152395
vn 0.53452247 -0.26726124 0.80178374
vn 0.15961738 -0.23942606 0.95770425
vn 0.71713716 -0.35856858 -0.59761429
vn 0.43643579 -0.21821789 -0.87287158
vn -0.00000000 -0.00000000 1.00000000
vn -0.00000000 0.27472112 -0.96152395
vn 0.39056674 -0.65094453 0.65094453
vn -0.00000000 -0.44721359 0.89442718
vn 0.27216554 -0.68041384 -0.68041384
vn 0.12674485 -0.44360697 -0.88721395
vn -0.66666669 0.33333334 0.66666669
vn -0.27216554 0.13608277 0.95257932
vn -0.00000000 0.70710677 -0.70710677
vn -0.17609018 0.44022545 -0.88045090
vn -0.00000000 -0.98994946 -0.14142136
vn -0.71554178 0.44721359 0.53665632
vn -0.28571430 0.42857143 0.85714287
vn -0.45083481 0.63116872 0.63116872
vn -0.08247861 0.90726471 -0.41239306
vn 0.88045090 0.44022545 -0.17609018
vn -0.00000000 1.00000000 -0.00000000
vn 0.89442718 0.44721359 -0.00000000
vn 0.05547002 0.99846035 -0.00000000
vn 0.80178374 0.53452247 0.26726124
vn -0.25400025 0.88900089 0.38100037
vn 0.92998111 -0.11624764 -0.34874290
vn 0.89442718 -0.44721359 -0.00000000
vn 0.89442718 -0.44721359 -0.00000000
vn 0.89442718 -0.44721359 -0.00000000
vn 0.94280905 -0.23570226 0.23570226
vn 0.73960024 -0.18490006 -0.64715022
vn 0.27617240 -0.27617240 -0.92057461
vn 0.38851434 -0.87415725 -0.29138577
vn -0.07124705 -0.99745870 -0.00000000
vn 0.20628425 -0.92827910 0.30942637
vn 0.51449573 -0.51449573 0.68599433
vn 0.11111111 -0.44444445 0.88888890
vn 0.80000001 -0.00000000 -0.60000002
vn 0.24253562 -0.00000000 -0.97014248
vn -0.00000000 -0.00000000 1.00000000
vn -0.39056674 0.91132236 -0.13018891
vn -0.61721343 0.15430336 -0.77151674
vn -0.24253562 -0.00000000 -0.97014248
vn 0.57735026 -0.57735026 0.57735026
vn 0.62469506 -0.00000000 0.78086883
vn 0.44360697 -0.12674485 0.88721395
vn 0.66666669 0.33333334 -0.66666669
vn 0.23570226 0.23570226 -0.94280905
vn -0.00000000 -0.98994946 -0.14142136
vn 0.15617377 0.31234753 0.93704259
vn 0.19802950 0.69310325 -0.69310325
vn 0.68376344 0.45584232 -0.56980288
vn 0.40824831 0.40824831 -0.81649661
vn 0.59628481 0.29814240 0.74535596
vn 0.40824831 0.40824831 0.81649661
vn 0.46852130 0.62469506 0.62469506
vn 0.21821789 0.87287158 -0.43643579
vn 0.25445667 0.93300784 0.25445667
vn 0.88465172 -0.44232586 -0.14744195
vn -0.00000000 -0.98058069 -0.19611613
vn 0.20507579 -0.20507579 -0.95702028
vn 0.08304548 -0.99654573 -0.00000000
vn 0.29827499 -0.95447999 -0.00000000
vn -0.00000000 -0.91914505 0.39391929
vn -0.00000000 -0.44721359 0.89442718
vn -0.00000000 -0.00000000 -1.00000000
vn -0.64699662 0.53916389 0.53916389
vn -0.40824831 0.40824831 0.81649661
vn -0.31622776 0.94868332 -0.00000000
vn -0.21821789 0.43643579 -0.87287158
vn -0.00000000 -0.70710677 0.70710677
vn -0.00000000 -0.24253562 0.97014248
vn -0.00000000 -0.00000000 -1.00000000
vn -0.16222142 0.16222142 0.97332853
vn -0.27216554 0.68041384 0.68041384
vn -0.00000000 0.70710677 -0.70710677
vn -0.19518001 -0.09759001 -0.97590005
vn -0.00000000 -0.00000000 1.00000000
vn -0.00000000 0.24253562 -0.97014248
vn -0.52615219 -0.60131681 0.60131681
vn -0.25916052 -0.43193421 0.86386842
vn -0.46852130 -0.62469506 -0.62469506
vn -0.18823674 -0.43921906 -0.87843812
vn -0.00000000 -0.00000000 1.00000000
vn -0.00000000 0.70710677 -0.70710677
vn -0.00000000 0.44721359 -0.89442718
vn -0.36514837 -0.91287094 0.18257418
vn 0.23570226 0.23570226 0.94280905
vn -0.00000000 0.94868332 -0.31622776
vn -0.00000000 1.00000000 -0.00000000
vn -0.00000000 1.00000000 -0.00000000
vn 0.31234753 0.93704259 0.15617377
vn -0.00000000 -0.98058069 -0.19611613
vn 0.20507579 -0.20507579 -0.95702028
vn 0.08304548 -0.99654573 -0.00000000
vn -0.00000000 -1.00000000 -0.00000000
vn -0.00000000 -0.94868332 0.31622776
vn -0.00000000 -0.44721359 0.89442718
vn -0.00000000 -0.00000000 -1.00000000
vn -0.18814418 0.28221625 0.94072086
vn -0.00000000 0.98058069 -0.19611613
vn -0.23942606 0.15961738 -0.95770425
vn -0.00000000 -0.70710677 0.70710677
vn 0.23942606 -0.15961738 0.95770425
vn -0.00000000 -0.00000000 -1.00000000
vn -0.71713716 -0.35856858 0.59761429
vn -0.44721359 -0.00000000 0.89442718
vn -0.24253562 -0.00000000 -0.97014248
vn 0.24253562 -0.00000000 0.97014248
vn 0.31234753 0.15617377 -0.93704259
vn -0.23570226 -0.23570226 0.94280905
vn -0.15617377 -0.31234753 -0.93704259
vn 0.18814418 0.28221625 0.94072086
vn 0.22941573 0.68824720 -0.68824720
vn -0.00000000 0.07124705 -0.99745870
vn -0.36514837 -0.91287094 0.18257418
vn -1.00000000 -0.00000000 -0.00000000
vn -0.00000000 0.07124705 0.99745870
vn 0.39056674 0.65094453 0.65094453
vn -0.00000000 -0.70710677 -0.70710677
vn -0.00000000 -0.24253562 -0.97014248
vn -0.89442718 0.44721359 -0.00000000
vn -0.00000000 -0.70710677 0.70710677
vn -0.00000000 -0.44721359 0.89442718
vn -0.00000000 -0.27472112 -0.96152395
vn -0.20507579 0.20507579 0.95702028
vn -0.23570226 0.94280905 0.23570226
vn -0.44721359 0.89442718 -0.00000000
vn -0.13018891 0.91132236 -0.39056674
vn -0.17609018 0.44022545 -0.88045090
vn -0.00000000 -0.70710677 0.70710677
vn 0.27216554 -0.13608277 0.95257932
vn -0.00000000 -0.70710677 -0.70710677
vn 0.19518001 -0.09759001 -0.97590005
vn -0.00000000 -0.00000000 1.00000000
vn -0.00000000 0.70710677 -0.70710677
vn 0.80000001 -0.00000000 -0.60000002
vn -0.09759001 0.19518001 -0.97590005
vn -0.00000000 -0.00000000 1.00000000
vn 0.22941573 0.68824720 -0.68824720
vn -0.00000000 0.27472112 -0.96152395
vn -0.00000000 -0.24253562 0.97014248
vn 0.66666669 -0.33333334 -0.66666669
vn 0.09759001 -0.19518001 -0.97590005
vn -0.00000000 -0.00000000 1.00000000
vn -0.00000000 -0.00000000 -1.00000000
vn -0.00000000 -0.70710677 0.70710677
vn -0.00000000 -0.44721359 0.89442718
vn 0.68376344 -0.45584232 -0.56980288
vn 0.06375767 -0.44630370 -0.89260739
vn 0.27216554 -0.68041384 -0.68041384
vn -0.00000000 0.24253562 0.97014248
vn -0.66666669 0.33333334 -0.66666669
vn 0.07053456 0.14106913 -0.98748386
vn -0.00000000 -0.91914505 0.39391929
vn -0.08192319 -0.98307830 -0.16384639
vn -0.00000000 0.44721359 0.89442718
vn -0.00000000 0.70710677 0.70710677
vn -0.50767308 0.60920769 -0.60920769
vn -0.88345224 0.33129457 -0.33129457
vn -0.43401855 0.24112141 -0.86803710
vn -0.97014248 0.24253562 -0.00000000
vn -0.89442718 0.35777089 0.26832816
vn -0.43193421 0.25916052 0.86386842
vn -0.22941573 0.68824720 0.68824720
vn -0.88345224 0.33129457 -0.33129457
vn -0.43193421 0.25916052 -0.86386842
vn -1.00000000 -0.00000000 -0.00000000
vn -0.93704259 0.31234753 0.15617377
vn -0.43643579 0.21821789 0.87287158
vn -0.64699662 0.53916389 -0.53916389
vn -0.44543540 -0.08908708 -0.89087081
vn -0.89442718 0.44721359 -0.00000000
vn -0.44543540 0.08908708 0.89087081
vn -0.39056674 0.65094453 0.65094453
vn -0.98639393 -0.00000000 -0.16439898
vn -0.64699662 -0.53916389 -0.53916389
vn -0.44232586 -0.14744195 -0.88465172
vn -0.98058069 -0.19611613 -0.00000000
vn -0.49236596 -0.61545748 0.61545748
vn -0.95782626 -0.00000000 0.28734788
vn -0.15617377 -0.31234753 0.93704259
vn -0.93632919 -0.00000000 -0.35112345
vn -0.44721359 -0.00000000 -0.89442718
vn -1.00000000 -0.00000000 -0.00000000
vn -0.95782626 -0.00000000 0.28734788
vn -0.24253562 -0.00000000 0.97014248
vn -0.93632919 -0.00000000 -0.35112345
vn -0.44721359 -0.00000000 -0.89442718
vn -1.00000000 -0.00000000 -0.00000000
vn -0.95782626 -0.00000000 0.28734788
vn -0.24253562 -0.00000000 0.97014248
vn -0.93632919 -0.00000000 -0.35112345
vn -0.28734788 -0.00000000 -0.95782626
vn -1.00000000 -0.00000000 -0.00000000
vn -0.93704259 0.31234753 0.15617377
vn -0.20507579 0.20507579 0.95702028
vn -0.88345224 0.33129457 -0.33129457
vn -0.13608277 0.27216554 -0.95257932
vn -0.91234308 0.15205719 0.38014296
vn -0.44543540 0.08908708 0.89087081
vn -0.39056674 0.65094453 0.65094453
vn -0.57735026 0.57735026 -0.57735026
vn -0.44543540 -0.08908708 -0.89087081
vn -0.88888890 -0.11111111 -0.44444445
vn -0.49236596 -0.61545748 0.61545748
vn -0.92057461 -0.27617240 0.27617240
vn -0.20180184 -0.26906911 0.94174188
vn -0.33333334 -0.66666669 -0.66666669
vn -0.00000000 -0.27472112 -0.96152395
vn -0.31622776 -0.00000000 0.94868332
vn -0.00000000 -0.00000000 -1.00000000
vn -0.00000000 -0.00000000 1.00000000
vn -0.00000000 1.00000000 -0.00000000
vn -0.00000000 -0.00000000 -1.00000000
vn 0.62469506 -0.00000000 0.78086883
vn -0.00000000 -0.00000000 1.00000000
vn -0.00000000 0.24253562 -0.97014248
vn -0.00000000 -1.00000000 -0.00000000
vn 0.66666669 0.33333334 0.66666669
vn 0.27617240 0.27617240 0.92057461
vn 0.10482848 0.94345635 -0.31448546
vn 0.07124705 0.99745870 -0.00000000
vn 0.80845207 0.56591648 -0.16169041
vn 0.20628425 0.92827910 0.30942637
vn 0.63960212 0.63960212 0.42640144
vn 0.64699662 -0.53916389 -0.53916389
vn 0.40824831 -0.40824831 -0.81649661
vn 0.38851434 -0.87415725 -0.29138577
vn 0.24253562 -0.97014248 -0.00000000
vn 0.10482848 -0.94345635 0.31448546
vn 0.21821789 -0.43643579 0.87287158
vn 0.27216554 -0.68041384 -0.68041384
vn 0.13608277 -0.27216554 -0.95257932
vn -0.88465172 0.44232586 -0.14744195
vn -0.00000000 -0.70710677 0.70710677
vn 0.23942606 -0.15961738 0.95770425
vn 0.24253562 -0.00000000 -0.97014248
vn -0.69631064 -0.17407766 0.69631064
vn -0.44630370 0.06375767 0.89260739
vn -0.81649661 0.57154763 -0.08164966
vn -0.73960024 -0.18490006 -0.64715022
vn -0.44543540 -0.08908708 -0.89087081
vn 0.24253562 -0.00000000 0.97014248
vn 0.28221625 0.18814418 -0.94072086
vn -0.53452247 -0.80178374 -0.26726124
vn -0.30151135 -0.90453404 0.30151135
vn 0.15617377 0.31234753 0.93704259
vn 0.22941573 0.68824720 -0.68824720
vn -0.00000000 0.44721359 -0.89442718
vn 0.59628481 0.29814240 0.74535596
vn 0.21821789 0.43643579 0.87287158
vn 0.39056674 0.65094453 0.65094453
vn -0.00000000 0.94868332 -0.31622776
vn -0.00000000 1.00000000 -0.00000000
vn -0.00000000 0.92847669 0.37139067
vn 0.64699662 -0.53916389 -0.53916389
vn 0.40824831 -0.40824831 -0.81649661
vn 0.38851434 -0.87415725 -0.29138577
vn 0.24253562 -0.97014248 -0.00000000
vn 0.10482848 -0.94345635 0.31448546
vn 0.28221625 -0.18814418 0.94072086
vn 0.49236596 -0.61545748 -0.61545748
vn 0.13608277 -0.27216554 -0.95257932
vn -0.98639393 -0.00000000 0.16439898
vn 0.62469506 -0.00000000 0.78086883
vn 0.44721359 -0.00000000 0.89442718
vn 0.23570226 0.23570226 -0.94280905
vn -1.00000000 -0.00000000 -0.00000000
vn 0.55470020 -0.00000000 0.83205032
vn 0.44721359 -0.00000000 0.89442718
vn 0.39056674 0.65094453 -0.65094453
vn 0.71713716 0.35856858 -0.59761429
vn 0.43643579 0.21821789 -0.87287158
vn -0.87287158 -0.43643579 -0.21821789
vn 0.53452247 0.26726124 0.80178374
vn 0.44721359 -0.00000000 0.89442718
vn 0.23570226 -0.23570226 -0.94280905
vn 0.27617240 -0.27617240 0.92057461
vn 0.27216554 -0.68041384 -0.68041384
vn 0.20507579 -0.20507579 -0.95702028
vn 0.11704115 -0.70224690 0.70224690
vn 0.31234753 -0.15617377 0.93704259
vn -0.00000000 -0.00000000 -1.00000000
vn -0.84799832 0.42399916 0.31799936
vn -0.89442718 0.44721359 -0.00000000
vn -0.87287158 0.43643579 -0.21821789
vn 0.59628481 -0.29814240 0.74535596
vn 0.20180184 -0.26906911 0.94174188
vn 0.71713716 0.35856858 -0.59761429
vn 0.29827499 -0.00000000 -0.95447999
vn -0.13608277 0.27216554 0.95257932
vn -0.44022545 0.88045090 0.17609018
vn -0.44721359 0.89442718 -0.00000000
vn -0.66666669 0.66666669 -0.33333334
vn -0.61721343 0.15430336 -0.77151674
vn -0.44232586 0.14744195 -0.88465172
vn 0.27216554 -0.68041384 0.68041384
vn 0.20507579 -0.20507579 0.95702028
vn -0.00000000 -0.00000000 -1.00000000
vn -0.28221625 -0.18814418 0.94072086
vn -0.66666669 -0.33333334 -0.66666669
vn -0.43193421 -0.25916052 -0.86386842
vn 0.24253562 -0.00000000 0.97014248
vn -0.00000000 0.29827499 -0.95447999
vn -0.22941573 -0.68824720 0.68824720
vn -0.00000000 -0.44721359 0.89442718
vn -0.45584232 -0.56980288 -0.68376344
vn -0.39056674 -0.65094453 -0.65094453
vn -0.18823674 -0.43921906 -0.87843812
vn 0.18814418 0.28221625 0.94072086
vn -0.00000000 0.70710677 -0.70710677
vn 0.76822126 -0.00000000 -0.64018440
vn 0.09901475 -0.09901475 -0.99014753
vn -0.00000000 -0.98994946 -0.14142136
vn -0.00000000 0.31622776 0.94868332
vn 0.39056674 0.65094453 0.65094453
vn -0.23570226 -0.23570226 -0.94280905
vn -0.70710677 -0.00000000 -0.70710677
vn 0.11704115 -0.70224690 -0.70224690
vn -0.80000001 -0.00000000 0.60000002
vn -0.27472112 -0.00000000 0.96152395
vn -0.65079135 -0.00000000 -0.75925660
vn -0.24253562 -0.00000000 -0.97014248
vn -0.66666669 0.33333334 0.66666669
vn -0.20507579 0.20507579 0.95702028
vn -0.88465172 0.14744195 -0.44232586
vn -0.24253562 -0.00000000 -0.97014248
vn -0.95770425 -0.23942606 -0.15961738
vn -0.74420840 -0.24806947 0.62017369
vn -0.43643579 0.21821789 0.87287158
vn -0.50767308 0.60920769 0.60920769
vn -0.46499056 -0.34874290 -0.81373346
vn -0.24253562 -0.00000000 -0.97014248
vn -0.00000000 -0.00000000 1.00000000
vn -0.55470020 -0.00000000 -0.83205032
vn -0.24253562 -0.00000000 -0.97014248
vn 0.98639393 -0.00000000 -0.16439898
vn -0.00000000 0.24253562 0.97014248
vn 0.50709254 0.84515423 0.16903085
vn -0.23210354 0.29012942 -0.92841417
vn -0.00000000 -0.00000000 1.00000000
vn -0.53452247 0.26726124 -0.80178374
vn 0.16222142 0.16222142 -0.97332853
vn 1.00000000 -0.00000000 -0.00000000
vn -0.00000000 -0.00000000 1.00000000
vn -0.00000000 -0.00000000 -1.00000000
vn -0.00000000 -0.00000000 1.00000000
vn -0.14002801 0.70014006 -0.70014006
vn -0.00000000 0.29827499 -0.95447999
vn 0.87287158 -0.43643579 0.21821789
vn -0.09759001 -0.19518001 0.97590005
vn 0.09759001 -0.19518001 -0.97590005
vn -0.00000000 -0.00000000 1.00000000
vn -0.00000000 -0.00000000 -1.00000000
vn -0.24253562 -0.97014248 -0.00000000
vn -0.68376344 -0.45584232 0.56980288
vn -0.29827499 -0.00000000 0.95447999
vn -0.59628481 -0.29814240 -0.74535596
vn -0.29827499 -0.00000000 -0.95447999
vn -0.00000000 -0.29827499 0.95447999
vn -0.00000000 -0.00000000 -1.00000000
vn -0.00000000 -0.70710677 0.70710677
vn -0.80000001 -0.00000000 0.60000002
vn 0.09759001 -0.19518001 0.97590005
vn -0.00000000 -0.00000000 -1.00000000
vn -0.19518001 0.09759001 0.97590005
vn -0.00000000 0.98058069 -0.19611613
vn -0.19518001 -0.09759001 -0.97590005
vn -0.71713716 0.35856858 0.59761429
vn -0.09759001 0.19518001 0.97590005
vn -0.00000000 0.24253562 -0.97014248
vn -0.36514837 -0.91287094 0.18257418
vn -0.00000000 0.44721359 0.89442718
vn 0.14002801 0.70014006 0.70014006
vn -0.00000000 0.94868332 -0.31622776
vn -0.00000000 1.00000000 -0.00000000
vn -0.00000000 0.94868332 0.31622776
vn 0.85714287 -0.42857143 -0.28571430
vn 0.89442718 -0.44721359 -0.00000000
vn 0.87287158 -0.43643579 0.21821789
vn 0.79602975 -0.09950372 -0.59702229
vn 0.25982791 -0.32478490 -0.90939772
vn 0.26832816 -0.89442718 -0.35777089
vn -0.00000000 -1.00000000 -0.00000000
vn -0.07432941 -0.89195299 0.44597650
vn 0.59628481 -0.29814240 0.74535596
vn -0.00000000 -0.24253562 0.97014248
vn 0.80000001 -0.00000000 -0.60000002
vn 0.24253562 -0.00000000 -0.97014248
vn -0.89442718 -0.44721359 -0.00000000
vn 0.55470020 -0.00000000 0.83205032
vn -0.00000000 -0.00000000 1.00000000
vn 0.71713716 0.35856858 -0.59761429
vn 0.27472112 -0.00000000 -0.96152395
vn 0.53452247 0.26726124 0.80178374
vn -0.00000000 -0.00000000 1.00000000
vn -0.00000000 0.24253562 -0.97014248
vn -0.00000000 0.28734788 0.95782626
vn -0.00000000 0.94868332 -0.31622776
vn -0.00000000 1.00000000 -0.00000000
vn -0.00000000 0.94868332 0.31622776
vn 0.94573247 -0.07881104 -0.31524417
vn 0.97014248 -0.24253562 -0.00000000
vn 0.94280905 -0.23570226 0.23570226
vn 0.97014248 -0.00000000 -0.24253562
vn 0.99503720 -0.09950372 -0.00000000
vn 1.00000000 -0.00000000 -0.00000000
vn 0.93632919 -0.00000000 0.35112345
vn 0.91287094 0.36514837 -0.18257418
vn 1.00000000 -0.00000000 -0.00000000
vn 1.00000000 -0.00000000 -0.00000000
vn 0.93632919 -0.00000000 0.35112345
vn 0.91287094 0.18257418 -0.36514837
vn 1.00000000 -0.00000000 -0.00000000
vn 0.93632919 -0.00000000 0.35112345
vn 0.94868332 -0.00000000 -0.31622776
vn 1.00000000 -0.00000000 -0.00000000
vn 0.92847669 -0.00000000 0.37139067
vn 0.92057461 -0.27617240 -0.27617240
vn 0.92847669 -0.37139067 -0.00000000
vn 0.97014248 -0.24253562 -0.00000000
vn 0.94868332 -0.31622776 -0.00000000
vn 0.95770425 -0.23942606 0.15961738
vn 0.44022545 -0.88045090 -0.17609018
vn 0.13608277 -0.27216554 -0.95257932
vn 0.44721359 -0.89442718 -0.00000000
vn 0.44721359 -0.89442718 -0.00000000
vn 0.44721359 -0.89442718 -0.00000000
vn 0.46499056 -0.81373346 0.34874290
vn 0.23570226 -0.23570226 0.94280905
vn 0.24253562 -0.00000000 -0.97014248
vn -0.92998111 0.11624764 0.34874290
vn -0.89442718 0.44721359 -0.00000000
vn -0.94280905 0.23570226 -0.23570226
vn 0.62469506 -0.00000000 0.78086883
vn 0.44721359 -0.00000000 0.89442718
vn 0.27472112 -0.00000000 -0.96152395
vn -0.70224690 -0.11704115 0.70224690
vn -0.43921906 0.18823674 0.87843812
vn -0.76200074 0.63500065 -0.12700012
vn -0.44444445 0.11111111 -0.88888890
vn -0.49236596 0.12309149 -0.86164045
vn 0.55470020 -0.00000000 0.83205032
vn 0.44721359 -0.00000000 0.89442718
vn -0.00000000 -0.00000000 -1.00000000
vn -0.00000000 -0.00000000 1.00000000
vn -0.00000000 -0.00000000 -1.00000000
vn 0.53452247 0.26726124 0.80178374
vn 0.31622776 -0.00000000 0.94868332
vn -0.59628481 -0.29814240 -0.74535596
vn -0.29827499 -0.00000000 -0.95447999
vn 1.00000000 -0.00000000 -0.00000000
vn 0.26906911 0.20180184 0.94174188
vn 0.21199958 0.21199958 -0.95399809
vn -0.00000000 -0.00000000 1.00000000
vn -0.00000000 -0.00000000 -1.00000000
vn 0.11704115 0.70224690 0.70224690
vn 0.98307830 -0.08192319 0.16384639
vn 0.28221625 0.18814418 0.94072086
vn 0.97014248 0.24253562 -0.00000000
vn 0.27216554 0.68041384 -0.68041384
vn 0.93704259 -0.31234753 -0.15617377
vn -0.09901475 -0.09901475 -0.99014753
vn -0.00000000 -0.00000000 1.00000000
vn -0.27472112 -0.00000000 -0.96152395
vn 0.88345224 -0.33129457 0.33129457
vn 0.13608277 -0.27216554 0.95257932
vn 0.91287094 -0.18257418 -0.36514837
vn 0.43193421 -0.25916052 -0.86386842
vn -0.00000000 -0.70710677 -0.70710677
vn -0.00000000 -0.00000000 1.00000000
vn -0.24253562 -0.00000000 -0.97014248
vn 0.57735026 -0.57735026 0.57735026
vn 0.88465172 -0.44232586 0.14744195
vn 0.44232586 -0.14744195 0.88465172
vn 0.44721359 -0.00000000 -0.89442718
vn -0.71713716 0.35856858 0.59761429
vn -0.23862000 0.17896500 0.95447999
vn -0.27472112 -0.00000000 -0.96152395
vn 1.00000000 -0.00000000 -0.00000000
vn 0.42399916 -0.31799936 0.84799832
vn 0.30769232 -0.23076923 -0.92307693
vn -0.13608277 0.27216554 0.95257932
vn -0.27216554 0.68041384 0.68041384
vn -0.00000000 0.31622776 -0.94868332
vn -0.94868332 -0.00000000 0.31622776
vn 0.39056674 -0.91132236 -0.13018891
vn -0.27472112 -0.00000000 0.96152395
vn -0.00000000 0.70710677 -0.70710677
vn 0.71713716 0.35856858 -0.59761429
vn 0.23570226 0.23570226 -0.94280905
vn -1.00000000 -0.00000000 -0.00000000
vn -0.00000000 -0.00000000 1.00000000
vn 0.27472112 -0.00000000 -0.96152395
vn -0.87287158 -0.43643579 -0.21821789
vn 0.27472112 -0.00000000 0.96152395
vn 0.24253562 -0.00000000 -0.97014248
vn 0.24253562 -0.00000000 0.97014248
vn 0.27472112 -0.00000000 -0.96152395
vn 0.31622776 -0.00000000 0.94868332
vn -0.00000000 -0.00000000 -1.00000000
vn 0.62469506 -0.00000000 0.78086883
vn 0.31622776 -0.00000000 0.94868332
vn -0.00000000 -0.00000000 -1.00000000
vn -0.89442718 -0.44721359 -0.00000000
vn 0.53452247 0.26726124 0.80178374
vn 0.27472112 -0.00000000 0.96152395
vn 0.31234753 0.15617377 -0.93704259
vn 0.23570226 0.23570226 0.94280905
vn 0.25400025 0.88900089 -0.38100037
vn 0.24253562 0.97014248 -0.00000000
vn 0.28221625 0.94072086 0.18814418
vn -0.88045090 -0.44022545 -0.17609018
vn -0.40824831 -0.81649661 -0.40824831
vn -0.44360697 -0.12674485 -0.88721395
vn -0.89442718 -0.44721359 -0.00000000
vn -0.44721359 -0.89442718 -0.00000000
vn -0.85714287 -0.42857143 0.28571430
vn -0.62017369 -0.74420840 0.24806947
vn -0.40824831 -0.40824831 0.81649661
vn -0.24253562 -0.00000000 -0.97014248
vn -0.79602975 -0.09950372 0.59702229
vn -0.22941573 -0.68824720 0.68824720
vn -0.15617377 -0.31234753 0.93704259
vn -0.24253562 -0.00000000 -0.97014248
vn -0.80000001 -0.00000000 0.60000002
vn -0.24253562 -0.00000000 0.97014248
vn -0.27472112 -0.00000000 -0.96152395
vn 0.89442718 -0.44721359 -0.00000000
vn 0.16439898 -0.00000000 0.98639393
vn 0.50709254 0.84515423 0.16903085
vn 0.16222142 0.16222142 -0.97332853
vn -0.71713716 0.35856858 0.59761429
vn -0.23942606 0.15961738 0.95770425
vn -0.00000000 0.31622776 -0.94868332
vn 0.36514837 -0.91287094 -0.18257418
vn -0.00000000 0.44721359 0.89442718
vn -0.22941573 0.68824720 0.68824720
vn -0.20628425 0.92827910 -0.30942637
vn -0.24253562 0.97014248 -0.00000000
vn -0.10482848 0.94345635 0.31448546
vn 0.92998111 -0.11624764 -0.34874290
vn 0.89442718 -0.44721359 -0.00000000
vn 0.89442718 -0.44721359 -0.00000000
vn 0.89442718 -0.44721359 -0.00000000
vn 0.94280905 -0.23570226 0.23570226
vn 0.73960024 -0.18490006 -0.64715022
vn 0.27617240 -0.27617240 -0.92057461
vn 0.33104235 -0.91036648 -0.24828176
vn 0.24253562 -0.97014248 -0.00000000
vn 0.54882127 -0.76834983 0.32929277
vn 0.46499056 -0.34874290 0.81373346
vn 0.23570226 -0.23570226 0.94280905
vn 0.71713716 -0.35856858 -0.59761429
vn -0.00000000 -0.16439898 -0.98639393
vn -0.88465172 0.44232586 0.14744195
vn 0.53452247 -0.26726124 0.80178374
vn -0.16222142 -0.16222142 0.97332853
vn -0.14002801 -0.70014006 -0.70014006
vn -0.00000000 -0.29827499 -0.95447999
vn -0.00000000 0.27472112 0.96152395
vn -0.44721359 0.89442718 -0.00000000
vn -0.00000000 0.27472112 -0.96152395
vn 0.14002801 -0.70014006 0.70014006
vn -0.00000000 -0.29827499 0.95447999
vn -0.00000000 -0.00000000 -1.00000000
vn -0.00000000 0.24253562 0.97014248
vn -0.00000000 -0.00000000 -1.00000000
vn -0.00000000 -0.00000000 1.00000000
vn -0.20180184 -0.26906911 -0.94174188
vn -0.00000000 0.24253562 0.97014248
vn -0.00000000 0.70710677 0.70710677
vn -0.70710677 -0.00000000 -0.70710677
vn -0.20507579 0.20507579 -0.95702028
vn -0.00000000 -0.00000000 1.00000000
vn -0.62469506 -0.00000000 -0.78086883
vn -0.39056674 -0.65094453 -0.65094453
vn -0.23570226 -0.23570226 -0.94280905
vn -0.00000000 -0.00000000 1.00000000
vn 0.80000001 -0.00000000 -0.60000002
vn -0.33333334 0.66666669 -0.66666669
vn 0.28082797 0.33699358 -0.89864951
vn -0.27472112 -0.00000000 0.96152395
vn -0.55470020 -0.00000000 -0.83205032
vn -0.24253562 -0.00000000 -0.97014248
vn 0.62469506 -0.00000000 0.78086883
vn 0.44721359 -0.00000000 0.89442718
vn 0.71713716 -0.35856858 -0.59761429
vn 0.20507579 -0.20507579 -0.95702028
vn -0.28734788 -0.00000000 0.95782626
vn -0.53452247 0.26726124 -0.80178374
vn -0.13608277 0.27216554 -0.95257932
vn 0.53452247 -0.26726124 0.80178374
vn 0.18814418 -0.28221625 0.94072086
vn 0.14002801 -0.70014006 -0.70014006
vn 0.19494808 -0.43863317 -0.87726635
vn -0.79602975 -0.09950372 0.59702229
vn -0.44721359 -0.00000000 0.89442718
vn -0.39056674 0.65094453 -0.65094453
vn -0.21821789 0.43643579 -0.87287158
vn 0.44022545 -0.88045090 0.17609018
vn -0.00000000 -0.94868332 -0.31622776
vn -0.71713716 0.35856858 0.59761429
vn -0.43643579 0.21821789 0.87287158
vn -0.00000000 0.70710677 -0.70710677
vn -0.00000000 0.44721359 -0.89442718
vn -0.11111111 0.44444445 0.88888890
vn -0.27216554 0.68041384 0.68041384
vn 0.10482848 0.94345635 -0.31448546
vn 0.95770425 0.15961738 -0.23942606
vn 0.24253562 0.97014248 -0.00000000
vn 0.97014248 0.24253562 -0.00000000
vn 0.18257418 0.91287094 0.36514837
vn 0.88465172 0.14744195 0.44232586
vn 0.93632919 -0.00000000 -0.35112345
vn 0.95447999 -0.29827499 -0.00000000
vn 0.93632919 -0.00000000 0.35112345
vn 0.60920769 -0.50767308 -0.60920769
vn 0.40824831 -0.40824831 -0.81649661
vn 0.76200074 -0.63500065 0.12700012
vn 0.42163703 -0.52704626 0.73786479
vn 0.40824831 -0.40824831 0.81649661
vn 0.49236596 -0.61545748 -0.61545748
vn 0.13608277 -0.27216554 -0.95257932
vn 0.49236596 -0.61545748 0.61545748
vn 0.20507579 -0.20507579 0.95702028
vn 0.23570226 0.23570226 -0.94280905
vn 0.15617377 0.31234753 0.93704259
vn 0.36650833 0.85518610 -0.36650833
vn 0.88045090 0.44022545 -0.17609018
vn 0.44721359 0.89442718 -0.00000000
vn 0.89442718 0.44721359 -0.00000000
vn 0.44022545 0.88045090 0.17609018
vn 0.81649661 0.40824831 0.40824831
vn -0.88045090 -0.44022545 -0.17609018
vn -0.34815532 -0.87038827 -0.34815532
vn -0.40824831 -0.40824831 -0.81649661
vn -0.85714287 -0.42857143 0.28571430
vn -0.23570226 -0.94280905 0.23570226
vn -0.18823674 -0.43921906 0.87843812
vn -0.52981293 -0.52981293 -0.66226619
vn -0.00000000 -0.94868332 -0.31622776
vn -0.28221625 -0.18814418 -0.94072086
vn -0.40160966 -0.88354129 -0.24096580
vn -0.68376344 -0.45584232 0.56980288
vn -0.00000000 -0.70710677 0.70710677
vn -0.23570226 -0.23570226 0.94280905
vn -0.55470020 -0.00000000 -0.83205032
vn -0.24253562 -0.00000000 -0.97014248
vn 0.97014248 -0.00000000 -0.24253562
vn 0.44232586 0.14744195 0.88465172
vn 0.57735026 0.80829036 0.11547005
vn 0.40824831 0.40824831 -0.81649661
vn -0.00000000 -0.00000000 1.00000000
vn -0.55470020 -0.00000000 -0.83205032
vn -0.24253562 -0.00000000 -0.97014248
vn 0.86386842 0.43193421 0.25916052
vn 0.44721359 -0.00000000 0.89442718
vn 0.49236596 0.61545748 -0.61545748
vn 0.94280905 -0.23570226 -0.23570226
vn 0.16222142 0.16222142 -0.97332853
vn -0.00000000 -0.00000000 1.00000000
vn -0.53452247 0.26726124 -0.80178374
vn -0.13608277 0.27216554 -0.95257932
vn -0.00000000 -0.31622776 0.94868332
vn 0.33333334 -0.66666669 -0.66666669
vn -0.00000000 -0.44721359 -0.89442718
vn -0.00000000 0.27472112 0.96152395
vn -0.39056674 0.65094453 -0.65094453
vn -0.23570226 0.23570226 -0.94280905
vn -0.00000000 -1.00000000 -0.00000000
vn -0.18814418 0.28221625 0.94072086
vn -0.00000000 0.70710677 0.70710677
vn -0.92998111 0.11624764 -0.34874290
vn -0.44721359 -0.00000000 -0.89442718
vn -0.97014248 0.24253562 -0.00000000
vn -0.94072086 0.18814418 0.28221625
vn -0.44721359 -0.00000000 0.89442718
vn -0.85714287 0.28571430 -0.42857143
vn -0.43643579 0.21821789 -0.87287158
vn -0.97014248 0.24253562 -0.00000000
vn -0.94072086 0.28221625 0.18814418
vn -0.44232586 0.14744195 0.88465172
vn -0.36760733 0.88225752 -0.29408586
vn -0.27472112 0.96152395 -0.00000000
vn -0.31799936 0.84799832 0.42399916
vn -0.31799936 -0.84799832 -0.42399916
vn -0.12674485 -0.44360697 -0.88721395
vn -0.29827499 -0.95447999 -0.00000000
vn -0.18257418 -0.91287094 0.36514837
vn -0.21821789 -0.43643579 0.87287158
vn -0.59628481 -0.29814240 -0.74535596
vn -0.46852130 -0.62469506 -0.62469506
vn -0.44105428 -0.16539535 -0.88210857
vn -0.14002801 -0.70014006 0.70014006
vn -0.71713716 -0.35856858 0.59761429
vn -0.20180184 -0.26906911 0.94174188
vn -0.24253562 -0.00000000 -0.97014248
vn 0.23570226 0.23570226 0.94280905
vn 0.61721343 0.77151674 -0.15430336
vn 0.23570226 0.23570226 -0.94280905
vn -0.00000000 -0.00000000 1.00000000
vn -0.15617377 -0.31234753 -0.93704259
vn 0.18814418 0.28221625 0.94072086
vn 0.27472112 -0.00000000 -0.96152395
vn -0.00000000 -0.00000000 1.00000000
vn -0.59628481 -0.29814240 -0.74535596
vn -0.39056674 -0.65094453 -0.65094453
vn -0.26906911 -0.20180184 -0.94174188
vn -0.00000000 0.27472112 0.96152395
vn 0.39056674 0.65094453 0.65094453
vn -0.00000000 0.28734788 -0.95782626
vn -0.00000000 -0.27472112 0.96152395
vn -0.00000000 -0.00000000 -1.00000000
vn -0.00000000 0.27472112 0.96152395
vn -0.00000000 0.70710677 -0.70710677
vn -0.00000000 0.24253562 -0.97014248
vn -0.00000000 -0.70710677 0.70710677
vn -0.80000001 -0.00000000 0.60000002
vn -0.18814418 -0.28221625 0.94072086
vn -0.00000000 -0.00000000 -1.00000000
vn 0.59628481 -0.29814240 0.74535596
vn 0.19518001 -0.09759001 0.97590005
vn -0.00000000 0.70710677 0.70710677
vn 0.31622776 -0.00000000 -0.94868332
vn -0.80000001 -0.00000000 0.60000002
vn -0.24253562 -0.00000000 0.97014248
vn -0.00000000 -0.00000000 -1.00000000
vn 0.39056674 -0.65094453 0.65094453
vn -0.00000000 -0.44721359 0.89442718
vn 0.66666669 -0.33333334 -0.66666669
vn 0.43863317 -0.19494808 -0.87726635
vn -0.80000001 -0.00000000 0.60000002
vn -0.24253562 -0.00000000 0.97014248
vn -0.59628481 0.29814240 -0.74535596
vn -0.20507579 0.20507579 -0.95702028
vn 0.29002094 -0.67671555 0.67671555
vn 0.49236596 -0.86164045 0.12309149
vn 0.14744195 -0.44232586 0.88465172
vn 0.40824831 -0.40824831 -0.81649661
vn 0.50767308 -0.60920769 -0.60920769
vn -0.66666669 0.33333334 0.66666669
vn -0.23942606 0.15961738 0.95770425
vn -0.31234753 0.93704259 -0.15617377
vn -0.00000000 0.91914505 -0.39391929
vn -0.00000000 0.44721359 -0.89442718
vn 0.30151135 -0.90453404 -0.30151135
vn -0.68376344 0.45584232 0.56980288
vn -0.28571430 0.42857143 0.85714287
vn -0.45083481 0.63116872 0.63116872
vn -0.00000000 0.94868332 -0.31622776
vn -0.00000000 1.00000000 -0.00000000
vn -0.00000000 1.00000000 -0.00000000
vn -0.30151135 0.90453404 0.30151135
vn 0.99503720 -0.00000000 -0.09950372
vn 0.97014248 -0.00000000 -0.24253562
vn 0.98058069 -0.19611613 -0.00000000
vn 0.98058069 -0.00000000 0.19611613
vn 0.91168463 0.34188172 -0.22792116
vn 0.97014248 0.24253562 -0.00000000
vn 0.91168463 0.22792116 0.34188172
vn -0.45584232 -0.68376344 -0.56980288
vn 0.19245009 -0.96225047 -0.19245009
vn 0.06375767 -0.44630370 -0.89260739
vn 0.19611613 -0.98058069 -0.00000000
vn 0.10482848 -0.94345635 0.31448546
vn 0.25916052 -0.43193421 0.86386842
vn -0.00000000 -0.70710677 -0.70710677
vn 0.20507579 -0.20507579 -0.95702028
vn -0.00000000 -0.70710677 0.70710677
vn -0.00000000 -0.24253562 0.97014248
vn -0.00000000 -0.00000000 -1.00000000
vn 0.52981293 0.52981293 0.66226619
vn -0.00000000 0.16439898 0.98639393
vn -0.00000000 0.98639393 0.16439898
vn -0.00000000 1.00000000 -0.00000000
vn -0.00000000 0.98639393 -0.16439898
vn 0.64699662 0.53916389 -0.53916389
vn -0.07053456 0.14106913 -0.98748386
vn -0.00000000 -0.00000000 1.00000000
vn -0.00000000 -0.00000000 -1.00000000
vn 0.53452247 -0.26726124 0.80178374
vn 0.15617377 -0.31234753 0.93704259
vn -0.00000000 -0.31622776 -0.94868332
vn -0.27472112 -0.00000000 0.96152395
vn -0.31622776 -0.00000000 -0.94868332
vn 0.39056674 -0.65094453 0.65094453
vn 0.23570226 -0.23570226 0.94280905
vn -0.00000000 -0.70710677 -0.70710677
vn 0.18814418 -0.28221625 -0.94072086
vn -0.28734788 -0.00000000 0.95782626
vn -0.62469506 -0.00000000 -0.78086883
vn -0.44721359 -0.00000000 -0.89442718
vn 1.00000000 -0.00000000 -0.00000000
vn 0.44721359 -0.00000000 0.89442718
vn 0.44721359 -0.00000000 -0.89442718
vn -0.80000001 -0.00000000 0.60000002
vn -0.44721359 -0.00000000 0.89442718
vn -0.55470020 -0.00000000 -0.83205032
vn -0.44721359 -0.00000000 -0.89442718
vn 0.87287158 -0.43643579 0.21821789
vn 0.43643579 -0.21821789 0.87287158
vn 0.43643579 -0.21821789 -0.87287158
vn -0.80000001 -0.00000000 0.60000002
vn -0.44721359 -0.00000000 0.89442718
vn -0.61885273 0.30942637 -0.72199488
vn -0.43643579 0.21821789 -0.87287158
vn 0.27216554 -0.95257932 0.13608277
vn -0.71713716 0.35856858 0.59761429
vn -0.28221625 0.18814418 0.94072086
vn -0.52615219 0.60131681 -0.60131681
vn -0.71713716 0.59761429 -0.35856858
vn -0.40824831 0.40824831 -0.81649661
vn -0.80845207 0.56591648 0.16169041
vn -0.40824831 0.40824831 0.81649661
vn -0.17277369 0.95025527 0.25916052
vn -0.38851434 0.87415725 0.29138577
vn -0.36760733 0.88225752 -0.29408586
vn -0.54882127 0.76834983 0.32929277
vn -0.88465172 -0.44232586 0.14744195
vn -0.31622776 -0.94868332 -0.00000000
vn -0.25916052 -0.43193421 -0.86386842
vn -0.40824831 -0.40824831 0.81649661
vn -0.60131681 -0.60131681 -0.52615219
vn -0.00000000 -0.96476382 -0.26311740
vn -0.25916052 -0.43193421 -0.86386842
vn -0.11111111 -0.88888890 -0.44444445
vn -0.34815532 -0.87038827 0.34815532
vn -0.64699662 -0.53916389 0.53916389
vn -0.00000000 -0.98058069 0.19611613
vn -0.23570226 -0.23570226 0.94280905
vn -0.51214755 -0.38411063 -0.76822126
vn -0.00000000 -0.70710677 -0.70710677
vn -0.28221625 -0.18814418 -0.94072086
vn 0.87287158 0.43643579 0.21821789
vn 0.40824831 0.40824831 0.81649661
vn 0.34815532 0.87038827 0.34815532
vn 0.23570226 0.94280905 -0.23570226
vn 0.93632919 -0.00000000 -0.35112345
vn 0.18814418 0.28221625 -0.94072086
vn -0.00000000 -0.00000000 1.00000000
vn -0.55470020 -0.00000000 -0.83205032
vn -0.24253562 -0.00000000 -0.97014248
vn 0.51214755 0.38411063 0.76822126
vn 0.44105428 0.16539535 0.88210857
vn 0.46852130 0.62469506 0.62469506
vn 0.73960024 0.18490006 -0.64715022
vn 0.24253562 -0.00000000 -0.97014248
vn -0.00000000 -0.00000000 1.00000000
vn -0.53452247 -0.26726124 -0.80178374
vn -0.27472112 -0.00000000 -0.96152395
vn 0.53452247 0.26726124 0.80178374
vn 0.31622776 -0.00000000 0.94868332
vn 0.71713716 -0.35856858 -0.59761429
vn 0.23942606 -0.15961738 -0.95770425
vn -0.00000000 -0.00000000 1.00000000
vn 0.29827499 -0.00000000 -0.95447999
vn -0.00000000 -0.00000000 1.00000000
vn 0.22941573 -0.68824720 -0.68824720
vn -0.00000000 -0.00000000 -1.00000000
vn -0.00000000 -0.24253562 0.97014248
vn -0.00000000 -0.00000000 -1.00000000
vn -0.00000000 0.27472112 0.96152395
vn -0.00000000 0.70710677 -0.70710677
vn -0.17609018 0.44022545 -0.88045090
vn -0.00000000 -0.70710677 0.70710677
vn -0.00000000 -0.24253562 0.97014248
vn -0.00000000 -0.00000000 -1.00000000
vn -0.19518001 0.09759001 0.97590005
vn -0.00000000 0.70710677 0.70710677
vn -0.00000000 0.70710677 -0.70710677
vn 0.80000001 -0.00000000 -0.60000002
vn -0.09759001 0.19518001 -0.97590005
vn -0.00000000 -0.00000000 1.00000000
vn -0.00000000 -0.00000000 -1.00000000
vn -0.22941573 -0.68824720 0.68824720
vn -0.00000000 -0.44721359 0.89442718
vn 0.66666669 -0.33333334 -0.66666669
vn 0.09759001 -0.19518001 -0.97590005
vn -0.00000000 -0.00000000 1.00000000
vn 0.31234753 0.15617377 -0.93704259
vn -0.19802950 -0.69310325 0.69310325
vn -0.25916052 -0.43193421 0.86386842
vn 0.68376344 -0.45584232 -0.56980288
vn 0.06375767 -0.44630370 -0.89260739
vn 0.27216554 -0.68041384 -0.68041384
vn -0.00000000 0.24253562 0.97014248
vn 0.30151135 0.90453404 -0.30151135
vn -0.00000000 0.94868332 -0.31622776
vn -0.00000000 0.44721359 -0.89442718
vn -0.25400025 -0.88900089 0.38100037
vn -0.00000000 -0.98058069 -0.19611613
vn -0.00000000 0.44721359 0.89442718
vn -0.00000000 0.70710677 0.70710677
vn -0.00000000 0.94868332 -0.31622776
vn -0.00000000 1.00000000 -0.00000000
vn -0.00000000 1.00000000 -0.00000000
vn -0.00000000 0.94868332 0.31622776
vn 0.85714287 -0.42857143 -0.28571430
vn 0.89442718 -0.44721359 -0.00000000
vn 0.88045090 -0.44022545 0.17609018
vn 0.68376344 -0.45584232 -0.56980288
vn 0.28571430 -0.42857143 -0.85714287
vn 0.42857143 -0.85714287 -0.28571430
vn 0.24253562 -0.97014248 -0.00000000
vn 0.38461539 -0.92307693 -0.00000000
vn -0.00000000 -0.94868332 0.31622776
vn 0.27216554 -0.13608277 0.95257932
vn 0.11704115 -0.70224690 -0.70224690
vn -0.00000000 -0.27472112 -0.96152395
vn -0.68376344 0.45584232 0.56980288
vn -0.40824831 0.40824831 0.81649661
vn -0.57735026 0.80829036 -0.11547005
vn -0.45584232 0.68376344 -0.56980288
vn -0.40824831 0.40824831 -0.81649661
vn -0.00000000 -0.31622776 0.94868332
vn -0.00000000 -0.27472112 -0.96152395
vn -0.00000000 0.31622776 0.94868332
vn -0.19802950 0.69310325 0.69310325
vn -0.33333334 0.66666669 -0.66666669
vn -0.00000000 0.31622776 -0.94868332
vn -0.00000000 -0.70710677 0.70710677
vn -0.80000001 -0.00000000 0.60000002
vn -0.18814418 -0.28221625 0.94072086
vn -0.62469506 -0.00000000 -0.78086883
vn -0.00000000 -0.70710677 -0.70710677
vn -0.28221625 -0.18814418 -0.94072086
vn 0.62469506 -0.00000000 0.78086883
vn 0.27472112 -0.00000000 0.96152395
vn 0.80000001 -0.00000000 -0.60000002
vn 0.44721359 -0.00000000 -0.89442718
vn -0.80000001 -0.00000000 0.60000002
vn -0.24253562 -0.00000000 0.97014248
vn -0.55470020 -0.00000000 -0.83205032
vn -0.24253562 -0.00000000 -0.97014248
vn 0.55470020 -0.00000000 0.83205032
vn 0.44721359 -0.00000000 0.89442718
vn 0.80000001 -0.00000000 -0.60000002
vn 0.44721359 -0.00000000 -0.89442718
vn -0.80000001 -0.00000000 0.60000002
vn -0.24253562 -0.00000000 0.97014248
vn -0.55470020 -0.00000000 -0.83205032
vn -0.24253562 -0.00000000 -0.97014248
vn 0.61885273 -0.30942637 0.72199488
vn 0.43643579 -0.21821789 0.87287158
vn 0.66666669 -0.33333334 -0.66666669
vn 0.28221625 -0.18814418 -0.94072086
vn -0.71713716 0.35856858 0.59761429
vn -0.23942606 0.15961738 0.95770425
vn -0.61885273 0.30942637 -0.72199488
vn -0.15961738 0.23942606 -0.95770425
vn 0.52615219 -0.60131681 0.60131681
vn 0.61721343 -0.77151674 0.15430336
vn 0.40824831 -0.40824831 0.81649661
vn 0.28571430 -0.42857143 -0.85714287
vn 0.45083481 -0.63116872 -0.63116872
vn -0.00000000 0.44721359 0.89442718
vn -0.22941573 0.68824720 0.68824720
vn -0.63636363 0.54545456 -0.54545456
vn -0.60920769 0.50767308 -0.60920769
vn -0.14744195 0.44232586 -0.88465172
vn 0.16439898 -0.98639393 -0.00000000
vn -0.81649661 0.08164966 0.57154763
vn -0.27617240 0.27617240 0.92057461
vn -0.19802950 0.69310325 0.69310325
vn -0.63636363 0.54545456 -0.54545456
vn -0.88345224 0.33129457 -0.33129457
vn -0.23570226 0.23570226 -0.94280905
vn -0.98994946 0.14142136 -0.00000000
vn -0.92998111 0.11624764 0.34874290
vn -0.24253562 -0.00000000 0.97014248
vn -0.93632919 -0.00000000 -0.35112345
vn -0.24253562 -0.00000000 -0.97014248
vn -1.00000000 -0.00000000 -0.00000000
vn -0.95782626 -0.00000000 0.28734788
vn -0.24253562 -0.00000000 0.97014248
vn -0.85714287 0.28571430 -0.42857143
vn -0.19245009 0.19245009 -0.96225047
vn -0.97014248 0.24253562 -0.00000000
vn -0.94072086 0.28221625 0.18814418
vn -0.17896500 0.23862000 0.95447999
vn -0.53452247 0.80178374 -0.26726124
vn -0.44721359 0.89442718 -0.00000000
vn -0.53452247 0.80178374 0.26726124
vn -0.00000000 -0.91914505 -0.39391929
vn -0.00000000 -0.44721359 -0.89442718
vn -0.64699662 -0.53916389 0.53916389
vn -0.00000000 -0.98639393 0.16439898
vn 0.08908708 -0.44543540 0.89087081
vn -0.00000000 -0.94868332 -0.31622776
vn -0.00000000 -0.44721359 -0.89442718
vn -0.00000000 -0.94868332 -0.31622776
vn -0.00000000 -0.70710677 0.70710677
vn -0.00000000 -0.24253562 0.97014248
vn -0.00000000 -0.70710677 -0.70710677
vn 0.20507579 -0.20507579 -0.95702028
vn 0.60131681 0.60131681 0.52615219
vn 0.21821789 0.43643579 0.87287158
vn -0.00000000 0.96476382 0.26311740
vn -0.00000000 1.00000000 -0.00000000
vn -0.00000000 0.96476382 -0.26311740
vn -0.27216554 0.13608277 -0.95257932
vn -0.00000000 -0.00000000 1.00000000
vn -0.00000000 -0.00000000 -1.00000000
vn 0.54944223 0.13736056 0.82416338
vn -0.00000000 -0.00000000 1.00000000
vn -0.00000000 0.70710677 0.70710677
vn -0.00000000 -0.00000000 -1.00000000
vn -0.00000000 -0.00000000 1.00000000
vn -0.00000000 0.27472112 -0.96152395
vn 0.14002801 -0.70014006 0.70014006
vn -0.00000000 -0.29827499 0.95447999
vn -0.00000000 -0.24253562 -0.97014248
vn -0.00000000 -0.00000000 1.00000000
vn -0.00000000 0.70710677 -0.70710677
vn 0.71713716 -0.35856858 -0.59761429
vn 0.16439898 -0.00000000 -0.98639393
vn -0.27472112 -0.00000000 0.96152395
vn -0.29002094 -0.67671555 -0.67671555
vn -0.23570226 -0.23570226 -0.94280905
vn -0.00000000 -0.27472112 0.96152395
vn 0.27216554 -0.68041384 -0.68041384
vn 0.13608277 -0.27216554 -0.95257932
vn -0.28734788 -0.00000000 0.95782626
vn -0.66666669 0.33333334 -0.66666669
vn -0.43643579 0.21821789 -0.87287158
vn -0.00000000 -0.70710677 0.70710677
vn 0.23942606 -0.15961738 0.95770425
vn 0.24253562 -0.00000000 -0.97014248
vn -0.71713716 -0.35856858 0.59761429
vn -0.44721359 -0.00000000 0.89442718
vn -0.68599433 0.51449573 -0.51449573
vn -0.59628481 0.29814240 -0.74535596
vn -0.44232586 0.14744195 -0.88465172
vn 0.24253562 -0.00000000 0.97014248
vn 0.23570226 0.23570226 -0.94280905
vn -0.28221625 -0.18814418 0.94072086
vn -0.66666669 -0.33333334 -0.66666669
vn -0.43193421 -0.25916052 -0.86386842
vn 0.24253562 -0.00000000 0.97014248
vn 0.27216554 0.68041384 -0.68041384
vn 0.71713716 0.35856858 -0.59761429
vn 0.12674485 0.44360697 -0.88721395
vn -0.36650833 -0.85518610 0.36650833
vn -0.80845207 -0.56591648 0.16169041
vn -0.27472112 -0.96152395 -0.00000000
vn -0.63960212 -0.63960212 -0.42640144
vn -0.44022545 -0.88045090 -0.17609018
vn 0.18814418 0.28221625 0.94072086
vn 0.17407766 0.69631064 -0.69631064
vn 0.25916052 0.43193421 -0.86386842
vn 0.18823674 0.43921906 0.87843812
vn 0.46852130 0.62469506 0.62469506
vn 0.25400025 0.88900089 -0.38100037
vn 0.24253562 0.97014248 -0.00000000
vn 0.24253562 0.97014248 -0.00000000
vn 0.28221625 0.94072086 0.18814418
vn 0.23570226 -0.94280905 -0.23570226
vn 0.14744195 -0.44232586 -0.88465172
vn 0.24253562 -0.97014248 -0.00000000
vn 0.34815532 -0.87038827 0.34815532
vn 0.45584232 -0.68376344 0.56980288
vn 0.40824831 -0.40824831 0.81649661
vn -0.00000000 -0.70710677 -0.70710677
vn -0.00000000 -0.24253562 -0.97014248
vn -0.88465172 0.44232586 0.14744195
vn 0.33333334 -0.66666669 0.66666669
vn -0.00000000 -0.44721359 0.89442718
vn -0.00000000 -0.24253562 -0.97014248
vn -0.20507579 0.20507579 0.95702028
vn -0.00000000 0.98058069 0.19611613
vn -0.35112345 0.93632919 -0.00000000
vn -0.00000000 0.91914505 -0.39391929
vn -0.00000000 0.44721359 -0.89442718
vn -0.00000000 -0.70710677 0.70710677
vn -0.00000000 -0.24253562 0.97014248
vn -0.00000000 -0.70710677 -0.70710677
vn -0.00000000 -0.24253562 -0.97014248
vn -0.00000000 0.31622776 0.94868332
vn -0.00000000 0.70710677 -0.70710677
vn 0.80000001 -0.00000000 -0.60000002
vn 0.18814418 0.28221625 -0.94072086
vn -0.00000000 -0.00000000 1.00000000
vn -0.00000000 -0.00000000 -1.00000000
vn 0.62469506 -0.00000000 0.78086883
vn 0.28221625 0.18814418 0.94072086
vn -0.00000000 0.70710677 0.70710677
vn 0.71713716 -0.35856858 -0.59761429
vn 0.23942606 -0.15961738 -0.95770425
vn -0.00000000 -0.00000000 1.00000000
vn -0.00000000 -0.00000000 -1.00000000
vn 0.61885273 -0.30942637 0.72199488
vn 0.15961738 -0.23942606 0.95770425
vn 0.22941573 -0.68824720 -0.68824720
vn -0.00000000 -0.44721359 -0.89442718
vn -0.00000000 0.24253562 0.97014248
vn -0.00000000 0.24253562 -0.97014248
vn 0.45083481 -0.63116872 0.63116872
vn 0.52981293 -0.52981293 0.66226619
vn -0.08908708 -0.44543540 0.89087081
vn -0.00000000 -0.70710677 -0.70710677
vn -0.00000000 -0.44721359 -0.89442718
vn -0.00000000 0.44721359 0.89442718
vn -0.00000000 0.70710677 0.70710677
vn -0.00000000 0.70710677 -0.70710677
vn -0.00000000 0.44721359 -0.89442718
vn 0.08192319 -0.98307830 0.16384639
vn -0.00000000 -0.91914505 -0.39391929
vn -0.00000000 0.24253562 0.97014248
vn -0.00000000 0.70710677 0.70710677
vn -0.00000000 0.70710677 -0.70710677
vn -0.00000000 0.24253562 -0.97014248
vn -0.00000000 -0.00000000 1.00000000
vn -0.00000000 -0.00000000 -1.00000000
vn 0.89442718 -0.44721359 -0.00000000
vn -0.09901475 0.09901475 0.99014753
vn 0.50709254 0.84515423 0.16903085
vn -0.20507579 0.20507579 -0.95702028
vn -0.00000000 -0.00000000 1.00000000
vn -0.20180184 -0.26906911 -0.94174188
vn -0.00000000 -1.00000000 -0.00000000
vn -0.31234753 -0.15617377 0.93704259
vn -0.95770425 0.23942606 -0.15961738
vn -0.49236596 -0.61545748 -0.61545748
vn -0.23570226 -0.23570226 -0.94280905
vn -1.00000000 -0.00000000 -0.00000000
vn -0.97014248 0.24253562 -0.00000000
vn -0.99805260 -0.06237829 -0.00000000
vn -0.66226619 -0.52981293 0.52981293
vn -0.92998111 0.11624764 0.34874290
vn -0.43193421 -0.25916052 0.86386842
vn -0.88345224 0.33129457 -0.33129457
vn -0.13608277 0.27216554 -0.95257932
vn -1.00000000 -0.00000000 -0.00000000
vn -1.00000000 -0.00000000 -0.00000000
vn -1.00000000 -0.00000000 -0.00000000
vn -0.95782626 -0.00000000 0.28734788
vn -0.44721359 -0.00000000 0.89442718
vn -0.57735026 0.57735026 -0.57735026
vn -0.40824831 0.40824831 -0.81649661
vn -0.74278134 0.55708599 -0.37139067
vn -1.00000000 -0.00000000 -0.00000000
vn -1.00000000 -0.00000000 -0.00000000
vn -0.93704259 0.31234753 0.15617377
vn -0.43643579 0.21821789 0.87287158
vn -0.45083481 0.63116872 -0.63116872
vn -0.40824831 0.40824831 -0.81649661
vn -0.68376344 0.56980288 -0.45584232
vn -0.86386842 0.43193421 0.25916052
vn -0.40824831 0.40824831 0.81649661
vn -0.39056674 0.65094453 0.65094453
vn -0.25445667 0.93300784 -0.25445667
vn -0.21821789 0.87287158 0.43643579
vn 0.42857143 -0.85714287 0.28571430
vn 0.14744195 -0.44232586 -0.88465172
vn 0.45584232 -0.68376344 0.56980288
vn 0.40824831 -0.40824831 0.81649661
vn -0.00000000 -0.94868332 -0.31622776
vn -0.00000000 -0.28734788 -0.95782626
vn -0.00000000 -0.92847669 -0.37139067
vn 0.40160966 -0.88354129 0.24096580
vn -0.00000000 -0.94868332 0.31622776
vn 0.27216554 -0.13608277 0.95257932
vn 0.71713716 -0.35856858 -0.59761429
vn 0.23862000 -0.17896500 -0.95447999
vn -0.18814418 0.28221625 0.94072086
vn -0.23570226 0.94280905 0.23570226
vn -0.34815532 0.87038827 -0.34815532
vn -0.45584232 0.68376344 -0.56980288
vn -0.40824831 0.40824831 -0.81649661
vn -0.00000000 -0.00000000 1.00000000
vn 0.14002801 -0.70014006 -0.70014006
vn 0.13608277 -0.27216554 -0.95257932
vn -0.68376344 -0.45584232 0.56980288
vn -0.44721359 -0.00000000 0.89442718
vn -0.49236596 0.61545748 -0.61545748
vn -0.20507579 0.20507579 -0.95702028
vn -0.00000000 -0.00000000 1.00000000
vn 0.28221625 0.18814418 -0.94072086
vn -0.23570226 -0.23570226 0.94280905
vn -0.18814418 -0.28221625 -0.94072086
vn -0.00000000 -0.00000000 1.00000000
vn 0.22941573 0.68824720 -0.68824720
vn -0.00000000 0.31622776 -0.94868332
vn -0.36650833 -0.85518610 0.36650833
vn -0.95770425 -0.15961738 0.23942606
vn -0.71713716 -0.59761429 -0.35856858
vn -0.33633640 -0.94174188 -0.00000000
vn -0.34188172 -0.91168463 -0.22792116
vn 0.31622776 -0.00000000 0.94868332
vn 0.80000001 -0.00000000 -0.60000002
vn 0.44721359 -0.00000000 -0.89442718
vn -0.95782626 -0.00000000 0.28734788
vn -0.92847669 -0.00000000 -0.37139067
vn 0.62469506 -0.00000000 0.78086883
vn 0.44721359 -0.00000000 0.89442718
vn 0.80000001 -0.00000000 -0.60000002
vn 0.44721359 -0.00000000 -0.89442718
vn -0.95782626 -0.00000000 0.28734788
vn -0.99654573 0.08304548 -0.00000000
vn -0.98058069 -0.00000000 -0.19611613
vn 0.55470020 -0.00000000 0.83205032
vn 0.44721359 -0.00000000 0.89442718
vn 0.71713716 0.35856858 -0.59761429
vn 0.44721359 -0.00000000 -0.89442718
vn -0.91168463 -0.34188172 0.22792116
vn -0.97014248 -0.24253562 -0.00000000
vn -0.91168463 -0.22792116 -0.34188172
vn 0.55470020 -0.00000000 0.83205032
vn 0.44721359 -0.00000000 0.89442718
vn 0.28221625 0.18814418 -0.94072086
vn 0.66666669 0.33333334 0.66666669
vn 0.43193421 0.25916052 0.86386842
vn 0.36650833 0.85518610 -0.36650833
vn 0.27472112 0.96152395 -0.00000000
vn 0.80845207 0.56591648 -0.16169041
vn 0.44721359 0.89442718 -0.00000000
vn 0.89442718 0.44721359 -0.00000000
vn 0.44721359 0.89442718 -0.00000000
vn 0.89442718 0.44721359 -0.00000000
vn 0.44022545 0.88045090 0.17609018
vn 0.63960212 0.63960212 0.42640144
vn 0.84799832 -0.42399916 -0.31799936
vn 0.89442718 -0.44721359 -0.00000000
vn 0.88045090 -0.44022545 0.17609018
vn -0.00000000 -0.98058069 -0.19611613
vn 0.20507579 -0.20507579 -0.95702028
vn 0.33633640 -0.94174188 -0.00000000
vn 0.24253562 -0.97014248 -0.00000000
vn 0.27472112 -0.96152395 -0.00000000
vn -0.00000000 -0.91914505 0.39391929
vn -0.00000000 -0.44721359 0.89442718
vn -0.00000000 -0.28734788 -0.95782626
vn -0.64699662 0.53916389 0.53916389
vn -0.40824831 0.40824831 0.81649661
vn -0.38851434 0.87415725 0.29138577
vn -0.10482848 0.94345635 -0.31448546
vn -0.21821789 0.43643579 -0.87287158
vn -0.00000000 -0.70710677 0.70710677
vn 0.27216554 -0.13608277 0.95257932
vn -0.00000000 -0.70710677 -0.70710677
vn -0.00000000 -0.24253562 -0.97014248
vn -0.00000000 0.44721359 0.89442718
vn -0.19802950 0.69310325 0.69310325
vn -0.00000000 0.70710677 -0.70710677
vn -0.23942606 0.15961738 -0.95770425
vn -0.00000000 -0.00000000 1.00000000
vn -0.00000000 -0.00000000 -1.00000000
vn -0.15961738 0.23942606 0.95770425
vn -0.00000000 0.70710677 0.70710677
vn -0.18814418 -0.28221625 -0.94072086
vn -0.00000000 -0.00000000 1.00000000
vn -0.00000000 -0.00000000 -1.00000000
vn -0.28221625 -0.18814418 0.94072086
vn -0.39056674 -0.65094453 -0.65094453
vn -0.00000000 -0.44721359 -0.89442718
vn -0.00000000 0.24253562 0.97014248
vn 0.31234753 0.15617377 -0.93704259
vn -0.30151135 -0.90453404 0.30151135
vn -0.64699662 -0.53916389 0.53916389
vn -0.00000000 -0.98058069 0.19611613
vn -0.12674485 -0.44360697 0.88721395
vn -0.00000000 -0.70710677 -0.70710677
vn -0.00000000 -0.44721359 -0.89442718
vn -0.00000000 0.44721359 0.89442718
vn -0.00000000 0.70710677 0.70710677
vn 0.52615219 0.60131681 -0.60131681
vn 0.25916052 0.43193421 -0.86386842
vn -0.00000000 -0.98994946 0.14142136
vn -0.00000000 0.24253562 0.97014248
vn -0.00000000 0.70710677 0.70710677
vn 0.22941573 0.68824720 -0.68824720
vn -0.00000000 0.27472112 -0.96152395
vn 0.98639393 -0.00000000 -0.16439898
vn 0.12309149 -0.12309149 0.98473191
vn 0.50709254 0.84515423 0.16903085
vn -0.12309149 0.12309149 -0.98473191
vn -0.00000000 -0.00000000 1.00000000
vn -0.00000000 -0.27472112 -0.96152395
vn -0.87287158 -0.43643579 0.21821789
vn 0.19245009 -0.96225047 -0.19245009
vn -0.00000000 -0.27472112 0.96152395
vn -0.59628481 -0.29814240 -0.74535596
vn -0.00000000 -0.70710677 -0.70710677
vn -0.31234753 -0.15617377 -0.93704259
vn -0.00000000 -0.70710677 0.70710677
vn -0.66666669 -0.33333334 0.66666669
vn -0.18823674 -0.43921906 0.87843812
vn -0.00000000 -0.00000000 -1.00000000
vn 0.97014248 -0.00000000 -0.24253562
vn 0.44232586 0.14744195 0.88465172
vn 0.57735026 0.80829036 0.11547005
vn 0.40824831 0.40824831 -0.81649661
vn -0.79602975 -0.09950372 0.59702229
vn -0.00000000 -0.70710677 0.70710677
vn -0.18814418 -0.28221625 0.94072086
vn -0.00000000 -0.00000000 -1.00000000
vn 0.88465172 -0.14744195 0.44232586
vn 0.43193421 -0.25916052 0.86386842
vn 0.67269158 0.52320457 -0.52320457
vn 0.94072086 -0.28221625 -0.18814418
vn 0.44630370 -0.06375767 -0.89260739
vn -0.80000001 -0.00000000 0.60000002
vn -0.24253562 -0.00000000 0.97014248
vn -0.66666669 0.33333334 -0.66666669
vn -0.17896500 0.23862000 -0.95447999
vn 0.50709254 -0.84515423 0.16903085
vn 0.36650833 -0.85518610 -0.36650833
vn -0.66666669 0.33333334 0.66666669
vn -0.23942606 0.15961738 0.95770425
vn -0.63636363 0.54545456 -0.54545456
vn -0.52981293 0.52981293 -0.66226619
vn -0.40824831 0.40824831 -0.81649661
vn -0.68376344 0.45584232 0.56980288
vn -0.28571430 0.42857143 0.85714287
vn -0.45083481 0.63116872 0.63116872
vn -0.40160966 0.88354129 -0.24096580
vn -0.00000000 1.00000000 -0.00000000
vn -0.08304548 0.99654573 -0.00000000
vn -0.30151135 0.90453404 0.30151135
vn 0.88465172 -0.44232586 -0.14744195
vn 0.23570226 -0.94280905 -0.23570226
vn 0.15961738 -0.23942606 -0.95770425
vn 0.24253562 -0.97014248 -0.00000000
vn 0.44721359 -0.89442718 -0.00000000
vn 0.40824831 -0.81649661 0.40824831
vn 0.45584232 -0.68376344 0.56980288
vn 0.40824831 -0.40824831 0.81649661
vn 0.28734788 -0.00000000 -0.95782626
vn -0.95346260 0.09534626 0.28603879
vn -0.94072086 0.18814418 -0.28221625
vn 0.49236596 -0.61545748 0.61545748
vn 0.20507579 -0.20507579 0.95702028
vn 0.80000001 -0.00000000 -0.60000002
vn 0.44721359 -0.00000000 -0.89442718
vn -0.95782626 -0.00000000 0.28734788
vn -0.99654573 0.08304548 -0.00000000
vn -0.98058069 -0.00000000 -0.19611613
vn 0.24253562 -0.00000000 0.97014248
vn 0.71713716 0.35856858 -0.59761429
vn 0.44721359 -0.00000000 -0.89442718
vn -0.91168463 -0.34188172 0.22792116
vn -0.97014248 -0.24253562 -0.00000000
vn -0.91168463 -0.22792116 -0.34188172
vn 0.15617377 0.31234753 0.93704259
vn 0.23570226 0.23570226 -0.94280905
vn 0.57735026 0.57735026 0.57735026
vn 0.70224690 -0.11704115 0.70224690
vn 0.40824831 0.40824831 0.81649661
vn 0.36650833 0.85518610 -0.36650833
vn 0.95770425 0.15961738 -0.23942606
vn 0.44721359 0.89442718 -0.00000000
vn 0.97014248 0.24253562 -0.00000000
vn 0.44721359 0.89442718 -0.00000000
vn 0.97014248 0.24253562 -0.00000000
vn 0.50709254 0.84515423 0.16903085
vn 0.99745870 0.07124705 -0.00000000
vn 0.88465172 0.14744195 0.44232586
vn 0.95782626 -0.00000000 -0.28734788
vn 1.00000000 -0.00000000 -0.00000000
vn 1.00000000 -0.00000000 -0.00000000
vn 1.00000000 -0.00000000 -0.00000000
vn 0.93632919 -0.00000000 0.35112345
vn 0.95782626 -0.00000000 -0.28734788
vn 1.00000000 -0.00000000 -0.00000000
vn 1.00000000 -0.00000000 -0.00000000
vn 1.00000000 -0.00000000 -0.00000000
vn 0.93632919 -0.00000000 0.35112345
vn 0.91168463 0.34188172 -0.22792116
vn 0.97014248 0.24253562 -0.00000000
vn 0.97014248 0.24253562 -0.00000000
vn 0.97014248 0.24253562 -0.00000000
vn 0.91168463 0.22792116 0.34188172
vn 0.64699662 -0.53916389 -0.53916389
vn 0.40824831 -0.40824831 -0.81649661
vn 0.38851434 -0.87415725 -0.29138577
vn 0.24253562 -0.97014248 -0.00000000
vn 0.24253562 -0.97014248 -0.00000000
vn 0.10482848 -0.94345635 0.31448546
vn 0.28221625 -0.18814418 0.94072086
vn 0.19802950 -0.69310325 -0.69310325
vn -0.00000000 -0.44721359 -0.89442718
vn -0.84799832 0.42399916 0.31799936
vn -0.87287158 0.43643579 -0.21821789
vn 0.59628481 -0.29814240 0.74535596
vn 0.44022545 -0.17609018 0.88045090
vn -0.00000000 -0.70710677 -0.70710677
vn 0.15961738 -0.23942606 -0.95770425
vn -0.18814418 0.28221625 0.94072086
vn -0.23570226 0.94280905 0.23570226
vn -0.44721359 0.89442718 -0.00000000
vn -0.66666669 0.66666669 -0.33333334
vn -0.61721343 0.15430336 -0.77151674
vn -0.44232586 0.14744195 -0.88465172
vn 0.19802950 -0.69310325 0.69310325
vn 0.20507579 -0.20507579 0.95702028
vn 0.24253562 -0.00000000 -0.97014248
vn -0.80000001 -0.00000000 0.60000002
vn -0.44721359 -0.00000000 0.89442718
vn -0.53452247 -0.26726124 -0.80178374
vn -0.44721359 -0.00000000 -0.89442718
vn 0.24253562 -0.00000000 0.97014248
vn 0.23570226 0.23570226 -0.94280905
vn -0.71713716 -0.35856858 0.59761429
vn -0.44232586 -0.14744195 0.88465172
vn -0.18814418 -0.28221625 -0.94072086
vn 0.18814418 0.28221625 0.94072086
vn 0.27216554 0.68041384 -0.68041384
vn 0.69631064 0.17407766 -0.69631064
vn 0.16539535 0.44105428 -0.88210857
vn -0.19802950 -0.69310325 0.69310325
vn -0.00000000 -0.31622776 0.94868332
vn -0.33333334 -0.66666669 -0.66666669
vn -0.00000000 -0.28734788 -0.95782626
vn 0.18823674 0.43921906 0.87843812
vn 0.46852130 0.62469506 0.62469506
vn -0.00000000 0.70710677 -0.70710677
vn 0.68376344 0.45584232 -0.56980288
vn 0.23570226 0.23570226 -0.94280905
vn 1.00000000 -0.00000000 -0.00000000
vn 0.09656091 -0.24140227 0.96560907
vn 0.12194216 -0.18291323 -0.97553724
vn -0.00000000 0.27472112 0.96152395
vn 0.39056674 0.65094453 0.65094453
vn -0.00000000 -0.00000000 -1.00000000
vn -0.87287158 -0.43643579 0.21821789
vn 0.19245009 -0.96225047 -0.19245009
vn -0.00000000 -0.00000000 1.00000000
vn 0.26906911 -0.20180184 -0.94174188
vn -0.00000000 -0.24253562 0.97014248
vn -0.00000000 -0.70710677 -0.70710677
vn -0.00000000 -0.24253562 -0.97014248
vn -0.00000000 -0.70710677 0.70710677
vn -0.00000000 -0.44721359 0.89442718
vn -0.00000000 -0.00000000 -1.00000000
vn 0.52981293 0.52981293 0.66226619
vn 0.28221625 0.18814418 0.94072086
vn -0.00000000 0.96476382 0.26311740
vn 0.19611613 0.98058069 -0.00000000
vn -0.00000000 0.98058069 -0.19611613
vn 0.57735026 0.57735026 -0.57735026
vn 0.16539535 0.44105428 -0.88210857
vn -0.00000000 -0.70710677 0.70710677
vn -0.00000000 -0.24253562 0.97014248
vn -0.00000000 -0.00000000 -1.00000000
vn 0.65079135 -0.00000000 0.75925660
vn 0.24253562 -0.00000000 0.97014248
vn -0.00000000 0.70710677 -0.70710677
vn 0.69631064 -0.17407766 -0.69631064
vn -0.00000000 -0.00000000 -1.00000000
vn -0.00000000 -0.00000000 1.00000000
vn -0.00000000 -0.00000000 -1.00000000
vn 0.81649661 -0.40824831 0.40824831
vn 0.15961738 -0.23942606 0.95770425
vn 0.96152395 -0.27472112 -0.00000000
vn 0.84515423 -0.50709254 -0.16903085
vn 0.24759379 -0.43328911 -0.86657822
vn 0.22941573 -0.68824720 -0.68824720
vn -0.00000000 0.24253562 0.97014248
vn -0.61721343 0.15430336 -0.77151674
vn -0.20507579 0.20507579 -0.95702028
vn 0.19245009 -0.96225047 0.19245009
vn 0.24253562 -0.97014248 -0.00000000
vn 0.25400025 -0.88900089 -0.38100037
vn -0.00000000 0.44721359 0.89442718
vn -0.00000000 0.70710677 0.70710677
vn -0.31234753 0.93704259 -0.15617377
vn -0.31799936 0.84799832 -0.42399916
vn -0.44444445 0.88888890 -0.11111111
vn -0.14744195 0.44232586 -0.88465172
vn -0.25916052 0.43193421 0.86386842
vn -0.18257418 0.91287094 0.36514837
vn -0.00000000 0.94868332 0.31622776
vn -0.36514837 0.91287094 0.18257418
vn 0.95346260 -0.09534626 -0.28603879
vn 0.95782626 -0.28734788 -0.00000000
vn 0.89442718 -0.44721359 -0.00000000
vn 0.94072086 -0.18814418 0.28221625
vn 0.93632919 -0.00000000 -0.35112345
vn 0.87287158 -0.43643579 -0.21821789
vn 0.40824831 -0.40824831 -0.81649661
vn 0.76200074 -0.63500065 0.12700012
vn 0.81649661 -0.40824831 0.40824831
vn 0.44232586 -0.14744195 0.88465172
vn 0.98058069 -0.00000000 0.19611613
vn 0.77151674 -0.15430336 -0.61721343
vn 0.44543540 -0.08908708 -0.89087081
vn 0.57735026 -0.57735026 -0.57735026
vn 0.92847669 -0.00000000 0.37139067
vn 0.43193421 0.25916052 0.86386842
vn 0.93632919 -0.00000000 0.35112345
vn 0.95346260 0.09534626 -0.28603879
vn 0.54882127 0.76834983 -0.32929277
vn 0.98994946 0.14142136 -0.00000000
vn 0.50709254 0.84515423 0.16903085
vn 0.99745870 0.07124705 -0.00000000
vn 0.99227786 0.12403473 -0.00000000
vn 0.92057461 0.27617240 0.27617240
vn 0.91168463 0.34188172 -0.22792116
vn 0.97014248 0.24253562 -0.00000000
vn 0.97014248 0.24253562 -0.00000000
vn 0.78072006 0.48795003 0.39036003
vn 0.84799832 -0.42399916 -0.31799936
vn 0.89442718 -0.44721359 -0.00000000
vn 0.89442718 -0.44721359 -0.00000000
vn 0.94280905 -0.23570226 0.23570226
vn 0.23570226 -0.94280905 -0.23570226
vn 0.18814418 -0.28221625 -0.94072086
vn 0.44721359 -0.89442718 -0.00000000
vn 0.44721359 -0.89442718 -0.00000000
vn 0.61885273 -0.72199488 0.30942637
vn 0.51449573 -0.51449573 0.68599433
vn 0.40824831 -0.40824831 0.81649661
vn 0.80000001 -0.00000000 -0.60000002
vn 0.44721359 -0.00000000 -0.89442718
vn -0.95346260 0.09534626 0.28603879
vn -0.97014248 0.24253562 -0.00000000
vn -0.96308684 0.12038586 -0.24077171
vn 0.63636363 -0.54545456 0.54545456
vn 0.59628481 -0.29814240 0.74535596
vn 0.44232586 -0.14744195 0.88465172
vn 0.80000001 -0.00000000 -0.60000002
vn 0.44721359 -0.00000000 -0.89442718
vn -0.95782626 -0.00000000 0.28734788
vn -1.00000000 -0.00000000 -0.00000000
vn -0.93632919 -0.00000000 -0.35112345
vn 0.55470020 -0.00000000 0.83205032
vn 0.44721359 -0.00000000 0.89442718
vn 0.71713716 0.35856858 -0.59761429
vn 0.44721359 -0.00000000 -0.89442718
vn -0.91287094 -0.36514837 0.18257418
vn -0.96152395 0.27472112 -0.00000000
vn -0.91168463 -0.22792116 -0.34188172
vn 0.66666669 0.33333334 0.66666669
vn 0.43193421 0.25916052 0.86386842
vn 0.28221625 0.18814418 -0.94072086
vn -0.53452247 0.80178374 0.26726124
vn -0.19518001 -0.09759001 0.97590005
vn -0.12403473 -0.00000000 -0.99227786
vn 0.39056674 0.65094453 0.65094453
vn 0.48507124 0.48507124 0.72760689
vn 0.26906911 0.20180184 0.94174188
vn 0.22941573 0.68824720 -0.68824720
vn -0.00000000 0.27472112 -0.96152395
vn -0.36514837 -0.91287094 0.18257418
vn -0.87287158 -0.43643579 -0.21821789
vn -0.00000000 -0.00000000 1.00000000
vn 0.26906911 0.20180184 -0.94174188
vn 0.27472112 -0.00000000 0.96152395
vn 0.39056674 0.65094453 -0.65094453
vn 0.71713716 -0.35856858 -0.59761429
vn 0.44543540 0.08908708 -0.89087081
vn 0.27617240 -0.27617240 0.92057461
vn -0.00000000 -0.94868332 -0.31622776
vn -0.00000000 -0.24253562 -0.97014248
vn 0.26832816 -0.89442718 -0.35777089
vn -0.00000000 -0.70710677 0.70710677
vn -0.00000000 -0.44721359 0.89442718
vn -0.00000000 -0.00000000 -1.00000000
vn -0.15961738 0.23942606 0.95770425
vn -0.23570226 0.94280905 0.23570226
vn -0.24253562 0.97014248 -0.00000000
vn -0.10482848 0.94345635 -0.31448546
vn -0.31234753 0.15617377 -0.93704259
vn -0.00000000 -0.70710677 0.70710677
vn 0.23942606 -0.15961738 0.95770425
vn -0.00000000 -0.00000000 -1.00000000
vn -0.24253562 -0.00000000 0.97014248
vn -0.59628481 -0.29814240 -0.74535596
vn -0.33633640 -0.00000000 -0.94174188
vn 0.24253562 -0.00000000 0.97014248
vn -0.00000000 -0.00000000 -1.00000000
vn -0.28221625 -0.18814418 0.94072086
vn -0.23570226 -0.23570226 -0.94280905
vn 0.18814418 0.28221625 0.94072086
vn -0.00000000 0.24253562 -0.97014248
vn -0.30151135 -0.90453404 0.30151135
vn -0.00000000 -1.00000000 -0.00000000
vn -0.31234753 -0.93704259 -0.15617377
vn -0.00000000 0.44721359 0.89442718
vn 0.39056674 0.65094453 0.65094453
vn -0.00000000 0.94868332 -0.31622776
vn 0.18257418 0.91287094 -0.36514837
vn 0.25916052 0.43193421 -0.86386842
vn 0.14744195 0.44232586 0.88465172
vn 0.26832816 0.89442718 0.35777089
vn -0.00000000 0.94868332 0.31622776
vn 0.36514837 0.91287094 -0.18257418
vn 0.97014248 -0.00000000 -0.24253562
vn 0.94072086 0.28221625 -0.18814418
vn 0.88465172 0.14744195 0.44232586
vn 0.95346260 -0.09534626 -0.28603879
vn 0.97014248 -0.24253562 -0.00000000
vn 0.97014248 -0.24253562 -0.00000000
vn 0.94072086 -0.18814418 0.28221625
vn 0.95782626 -0.00000000 -0.28734788
vn 1.00000000 -0.00000000 -0.00000000
vn 1.00000000 -0.00000000 -0.00000000
vn 0.99654573 -0.08304548 -0.00000000
vn 0.98058069 -0.00000000 0.19611613
vn 0.93632919 -0.00000000 -0.35112345
vn 0.96152395 -0.27472112 -0.00000000
vn 0.97014248 -0.24253562 -0.00000000
vn 0.96152395 -0.27472112 -0.00000000
vn 0.93632919 -0.00000000 0.35112345
vn 0.73960024 -0.18490006 -0.64715022
vn 0.43193421 -0.25916052 -0.86386842
vn 0.50709254 -0.84515423 -0.16903085
vn 0.44721359 -0.89442718 -0.00000000
vn 0.61885273 -0.72199488 0.30942637
vn 0.49236596 -0.12309149 0.86164045
vn 0.44360697 -0.12674485 0.88721395
vn 0.71713716 0.35856858 -0.59761429
vn 0.44721359 -0.00000000 -0.89442718
vn -0.89442718 -0.44721359 -0.00000000
vn 0.24253562 -0.00000000 0.97014248
vn 0.23570226 0.23570226 -0.94280905
vn 0.15617377 0.31234753 0.93704259
vn 0.36650833 0.85518610 -0.36650833
vn 0.88465172 0.44232586 -0.14744195
vn 0.44721359 0.89442718 -0.00000000
vn 0.97014248 0.24253562 -0.00000000
vn 0.44022545 0.88045090 0.17609018
vn 0.88465172 0.14744195 0.44232586
vn 0.88888890 -0.11111111 -0.44444445
vn 0.92057461 -0.27617240 0.27617240
vn 0.23570226 -0.94280905 -0.23570226
vn 0.15961738 -0.23942606 -0.95770425
vn 0.24253562 -0.97014248 -0.00000000
vn 0.44721359 -0.89442718 -0.00000000
vn 0.44721359 -0.89442718 -0.00000000
vn 0.13018891 -0.91132236 0.39056674
vn 0.28221625 -0.18814418 0.94072086
vn 0.27472112 -0.00000000 -0.96152395
vn -0.92998111 0.11624764 0.34874290
vn -0.89442718 0.44721359 -0.00000000
vn -0.88045090 0.44022545 -0.17609018
vn 0.62469506 -0.00000000 0.78086883
vn 0.44721359 -0.00000000 0.89442718
vn -0.00000000 -0.00000000 -1.00000000
vn -0.73960024 0.18490006 0.64715022
vn -0.43193421 0.25916052 0.86386842
vn -0.50709254 0.84515423 0.16903085
vn -0.46499056 0.81373346 -0.34874290
vn -0.14106913 -0.07053456 -0.98748386
vn 0.55470020 -0.00000000 0.83205032
vn 0.28734788 -0.00000000 0.95782626
vn -0.00000000 -0.00000000 -1.00000000
vn -0.71713716 -0.35856858 0.59761429
vn -0.44232586 -0.14744195 0.88465172
vn -0.59628481 -0.29814240 -0.74535596
vn -0.49236596 -0.61545748 -0.61545748
vn -0.40824831 -0.40824831 -0.81649661
vn 0.53452247 0.26726124 0.80178374
vn 0.44721359 -0.00000000 0.89442718
vn 0.31234753 0.15617377 -0.93704259
vn -0.27216554 -0.95257932 0.13608277
vn 0.18814418 0.28221625 0.94072086
vn 0.30151135 0.90453404 -0.30151135
vn 0.08304548 0.99654573 -0.00000000
vn -0.00000000 1.00000000 -0.00000000
vn 0.44444445 0.88888890 0.11111111
vn 0.12403473 0.99227786 -0.00000000
vn 0.31234753 0.93704259 0.15617377
vn 0.95346260 -0.09534626 -0.28603879
vn 0.97014248 -0.24253562 -0.00000000
vn 0.94280905 -0.23570226 0.23570226
vn 0.95782626 -0.00000000 -0.28734788
vn 1.00000000 -0.00000000 -0.00000000
vn 0.93632919 -0.00000000 0.35112345
vn 0.91168463 0.34188172 -0.22792116
vn 0.97014248 0.24253562 -0.00000000
vn 0.91168463 0.22792116 0.34188172
vn 0.92998111 -0.11624764 -0.34874290
vn 0.89442718 -0.44721359 -0.00000000
vn 0.89442718 -0.44721359 -0.00000000
vn 0.89442718 -0.44721359 -0.00000000
vn 0.94280905 -0.23570226 0.23570226
vn 0.60920769 -0.50767308 -0.60920769
vn 0.40824831 -0.40824831 -0.81649661
vn 0.50709254 -0.84515423 -0.16903085
vn 0.44721359 -0.89442718 -0.00000000
vn 0.61885273 -0.72199488 0.30942637
vn 0.42163703 -0.52704626 0.73786479
vn 0.40824831 -0.40824831 0.81649661
vn 0.49236596 -0.61545748 -0.61545748
vn 0.13608277 -0.27216554 -0.95257932
vn -0.92998111 0.11624764 0.34874290
vn -0.96225047 -0.19245009 -0.19245009
vn 0.39056674 -0.65094453 0.65094453
vn 0.14106913 0.07053456 0.98748386
vn 0.23570226 0.23570226 -0.94280905
vn -0.59628481 -0.74535596 -0.29814240
vn 0.57735026 0.57735026 0.57735026
vn 0.61721343 -0.15430336 0.77151674
vn 0.44232586 0.14744195 0.88465172
vn 0.39056674 0.65094453 -0.65094453
vn 0.71713716 0.35856858 -0.59761429
vn 0.40824831 0.40824831 -0.81649661
vn 0.53452247 0.26726124 0.80178374
vn 0.43193421 0.25916052 0.86386842
vn 0.21821789 0.87287158 -0.43643579
vn 0.24253562 0.97014248 -0.00000000
vn 0.25445667 0.93300784 0.25445667
vn 0.94573247 -0.07881104 -0.31524417
vn 0.97014248 -0.24253562 -0.00000000
vn 0.94072086 -0.18814418 0.28221625
vn 0.97014248 -0.00000000 -0.24253562
vn 0.99503720 -0.09950372 -0.00000000
vn 1.00000000 -0.00000000 -0.00000000
vn 0.99503720 -0.09950372 -0.00000000
vn 0.95770425 0.23942606 0.15961738
vn 0.91287094 0.36514837 -0.18257418
vn 1.00000000 -0.00000000 -0.00000000
vn 1.00000000 -0.00000000 -0.00000000
vn 0.84799832 0.31799936 0.42399916
vn 0.80812204 0.50507629 -0.30304575
vn 0.97014248 0.24253562 -0.00000000
vn 0.91168463 0.22792116 0.34188172
f 1//1 2//2 3//3
f 1//1 4//4 5//5
f 2//2 1//1 5//5
f 5//5 4//4 6//6
f 7//7 1//1 3//3
f 8//8 7//7 3//3
f 4//4 1//1 9//9
f 9//9 1//1 7//7
f 10//10 6//6 4//4
f 9//9 10//10 4//4
f 7//7 8//8 11//11
f 9//9 7//7 11//11
f 12//12 9//9 11//11
f 10//10 9//9 12//12
f 13//13 14//14 15//15
f 13//13 16//16 17//17
f 14//14 13//13 17//17
f 16//16 18//18 19//19
f 17//17 16//16 19//19
f 19//19 18//18 20//20
f 21//21 13//13 15//15
f 22//22 21//21 15//15
f 16//16 13//13 23//23
f 23//23 13//13 21//21
f 18//18 16//16 24//24
f 24//24 16//16 23//23
f 25//25 20//20 18//18
f 25//25 18//18 26//26
f 26//26 18//18 24//24
f 25//25 26//26 27//27
f 28//28 21//21 22//22
f 29//29 28//28 22//22
f 2//2 28//28 3//3
f 2//2 23//23 28//28
f 23//23 21//21 28//28
f 5//5 23//23 2//2
f 24//24 23//23 5//5
f 6//6 24//24 5//5
f 6//6 30//30 24//24
f 30//30 26//26 24//24
f 31//31 27//27 26//26
f 30//30 31//31 26//26
f 32//32 33//33 34//34
f 29//29 33//33 32//32
f 29//29 32//32 28//28
f 28//28 32//32 35//35
f 3//3 35//35 8//8
f 28//28 35//35 3//3
f 30//30 10//10 36//36
f 6//6 10//10 30//30
f 37//37 31//31 30//30
f 36//36 37//37 30//30
f 32//32 34//34 38//38
f 38//38 39//39 40//40
f 38//38 40//40 32//32
f 32//32 40//40 35//35
f 8//8 41//41 11//11
f 8//8 35//35 41//41
f 35//35 40//40 41//41
f 11//11 42//42 12//12
f 41//41 42//42 11//11
f 12//12 42//42 43//43
f 10//10 12//12 43//43
f 10//10 43//43 44//44
f 10//10 44//44 36//36
f 37//37 36//36 44//44
f 40//40 39//39 45//45
f 41//41 40//40 45//45
f 46//46 41//41 45//45
f 42//42 41//41 46//46
f 47//47 42//42 46//46
f 43//43 42//42 47//47
f 48//48 49//49 50//50
f 48//48 51//51 52//52
f 49//49 48//48 52//52
f 51//51 53//53 54//54
f 52//52 51//51 54//54
f 54//54 53//53 55//55
f 56//56 57//57 58//58
f 50//50 57//57 56//56
f 50//50 56//56 48//48
f 48//48 56//56 59//59
f 51//51 48//48 60//60
f 60//60 48//48 59//59
f 53//53 51//51 61//61
f 61//61 51//51 60//60
f 62//62 55//55 53//53
f 62//62 53//53 63//63
f 63//63 53//53 61//61
f 62//62 63//63 64//64
f 65//65 56//56 58//58
f 66//66 65//65 58//58
f 14//14 65//65 15//15
f 14//14 59//59 65//65
f 59//59 56//56 65//65
f 17//17 59//59 14//14
f 60//60 59//59 17//17
f 19//19 60//60 17//17
f 61//61 60//60 19//19
f 20//20 61//61 19//19
f 20//20 67//67 61//61
f 67//67 63//63 61//61
f 68//68 64//64 63//63
f 67//67 68//68 63//63
f 65//65 66//66 69//69
f 69//69 15//15 65//65
f 69//69 70//70 15//15
f 70//70 22//22 15//15
f 71//71 72//72 73//73
f 73//73 74//74 71//71
f 20//20 25//25 67//67
f 67//67 25//25 27//27
f 67//67 27//27 68//68
f 68//68 27//27 75//75
f 76//76 77//77 78//78
f 76//76 70//70 77//77
f 76//76 29//29 70//70
f 29//29 22//22 70//70
f 79//79 72//72 71//71
f 80//80 72//72 79//79
f 81//81 71//71 74//74
f 81//81 82//82 71//71
f 82//82 79//79 71//71
f 81//81 83//83 82//82
f 27//27 31//31 75//75
f 75//75 31//31 84//84
f 33//33 76//76 78//78
f 33//33 78//78 34//34
f 34//34 78//78 85//85
f 29//29 76//76 33//33
f 86//86 80//80 79//79
f 87//87 80//80 86//86
f 82//82 88//88 79//79
f 88//88 86//86 79//79
f 89//89 82//82 83//83
f 88//88 82//82 89//89
f 31//31 37//37 84//84
f 84//84 37//37 90//90
f 91//91 38//38 34//34
f 91//91 34//34 92//92
f 92//92 34//34 85//85
f 38//38 91//91 39//39
f 86//86 93//93 87//87
f 88//88 93//93 86//86
f 94//94 93//93 88//88
f 44//44 43//43 95//95
f 88//88 89//89 94//94
f 44//44 95//95 96//96
f 44//44 96//96 37//37
f 37//37 96//96 90//90
f 91//91 92//92 97//97
f 98//98 97//97 99//99
f 45//45 97//97 98//98
f 45//45 91//91 97//97
f 45//45 39//39 91//91
f 45//45 100//100 46//46
f 98//98 100//100 45//45
f 46//46 101//101 47//47
f 100//100 101//101 46//46
f 47//47 101//101 102//102
f 43//43 47//47 102//102
f 43//43 102//102 103//103
f 43//43 103//103 95//95
f 96//96 95//95 103//103
f 104//104 98//98 99//99
f 105//105 104//104 99//99
f 100//100 98//98 106//106
f 106//106 98//98 104//104
f 101//101 100//100 107//107
f 107//107 100//100 106//106
f 108//108 102//102 101//101
f 107//107 108//108 101//101
f 104//104 105//105 109//109
f 106//106 104//104 109//109
f 110//110 106//106 109//109
f 107//107 106//106 110//110
f 111//111 107//107 110//110
f 108//108 107//107 111//111
f 112//112 113//113 114//114
f 112//112 115//115 116//116
f 113//113 112//112 116//116
f 115//115 117//117 118//118
f 116//116 115//115 118//118
f 118//118 117//117 119//119
f 120//120 121//121 122//122
f 114//114 121//121 120//120
f 112//112 114//114 120//120
f 112//112 120//120 50//50
f 112//112 50//50 49//49
f 52//52 112//112 49//49
f 115//115 112//112 52//52
f 54//54 115//115 52//52
f 117//117 115//115 54//54
f 55//55 123//123 124//124
f 54//54 55//55 124//124
f 54//54 124//124 119//119
f 54//54 119//119 117//117
f 124//124 123//123 125//125
f 57//57 120//120 122//122
f 57//57 122//122 58//58
f 58//58 122//122 126//126
f 50//50 120//120 57//57
f 127//127 128//128 129//129
f 128//128 130//130 131//131
f 127//127 130//130 128//128
f 131//131 132//132 133//133
f 130//130 132//132 131//131
f 55//55 62//62 123//123
f 133//133 132//132 134//134
f 123//123 62//62 64//64
f 123//123 64//64 125//125
f 125//125 64//64 135//135
f 58//58 126//126 66//66
f 126//126 136//136 66//66
f 128//128 137//137 129//129
f 137//137 138//138 139//139
f 137//137 128//128 138//138
f 128//128 131//131 138//138
f 133//133 140//140 131//131
f 140//140 138//138 131//131
f 141//141 133//133 134//134
f 140//140 133//133 141//141
f 64//64 68//68 135//135
f 135//135 68//68 142//142
f 143//143 69//69 66//66
f 143//143 66//66 144//144
f 144//144 66//66 136//136
f 69//69 143//143 70//70
f 73//73 139//139 138//138
f 73//73 72//72 139//139
f 72//72 145//145 139//139
f 74//74 73//73 138//138
f 74//74 138//138 146//146
f 146//146 138//138 140//140
f 147//147 140//140 141//141
f 146//146 140//140 147//147
f 68//68 75//75 142//142
f 142//142 75//75 148//148
f 77//77 143//143 144//144
f 77//77 144//144 78//78
f 78//78 144//144 149//149
f 70//70 143//143 77//77
f 72//72 80//80 145//145
f 145//145 80//80 150//150
f 81//81 74//74 146//146
f 151//151 152//152 153//153
f 83//83 153//153 152//152
f 83//83 147//147 153//153
f 83//83 81//81 146//146
f 147//147 83//83 146//146
f 75//75 84//84 148//148
f 148//148 84//84 154//154
f 78//78 149//149 85//85
f 149//149 155//155 85//85
f 80//80 87//87 150//150
f 150//150 87//87 156//156
f 157//157 152//152 151//151
f 158//158 157//157 151//151
f 83//83 157//157 89//89
f 152//152 157//157 83//83
f 84//84 90//90 154//154
f 154//154 90//90 159//159
f 85//85 155//155 92//92
f 155//155 160//160 92//92
f 161//161 87//87 93//93
f 161//161 162//162 87//87
f 162//162 156//156 87//87
f 157//157 158//158 163//163
f 157//157 163//163 93//93
f 157//157 93//93 94//94
f 161//161 93//93 163//163
f 89//89 157//157 94//94
f 90//90 96//96 159//159
f 159//159 96//96 164//164
f 165//165 97//97 92//92
f 165//165 92//92 166//166
f 166//166 92//92 160//160
f 97//97 165//165 99//99
f 167//167 162//162 161//161
f 168//168 162//162 167//167
f 169//169 161//161 163//163
f 167//167 161//161 169//169
f 103//103 102//102 170//170
f 103//103 170//170 171//171
f 103//103 171//171 96//96
f 96//96 171//171 164//164
f 172//172 165//165 166//166
f 173//173 172//172 166//166
f 99//99 172//172 105//105
f 165//165 172//172 99//99
f 167//167 174//174 168//168
f 169//169 174//174 167//167
f 170//170 108//108 175//175
f 102//102 108//108 170//170
f 176//176 171//171 170//170
f 175//175 176//176 170//170
f 172//172 173//173 177//177
f 178//178 177//177 179//179
f 109//109 177//177 178//178
f 109//109 172//172 177//177
f 109//109 105//105 172//172
f 109//109 180//180 110//110
f 178//178 180//180 109//109
f 110//110 181//181 111//111
f 180//180 181//181 110//110
f 111//111 181//181 182//182
f 108//108 111//111 182//182
f 108//108 182//182 183//183
f 108//108 183//183 175//175
f 176//176 175//175 183//183
f 184//184 178//178 179//179
f 185//185 184//184 179//179
f 180//180 178//178 186//186
f 186//186 178//178 184//184
f 187//187 188//188 181//181
f 187//187 181//181 186//186
f 186//186 181//181 180//180
f 182//182 181//181 188//188
f 184//184 185//185 189//189
f 186//186 184//184 189//189
f 190//190 186//186 189//189
f 187//187 186//186 190//190
f 113//113 191//191 192//192
f 114//114 113//113 192//192
f 116//116 193//193 113//113
f 113//113 193//193 191//191
f 118//118 194//194 116//116
f 116//116 194//194 193//193
f 194//194 118//118 119//119
f 195//195 194//194 119//119
f 121//121 196//196 197//197
f 122//122 121//121 197//197
f 192//192 121//121 114//114
f 196//196 121//121 192//192
f 198//198 199//199 200//200
f 200//200 201//201 198//198
f 119//119 202//202 195//195
f 124//124 202//202 119//119
f 202//202 124//124 125//125
f 203//203 202//202 125//125
f 122//122 197//197 126//126
f 197//197 204//204 126//126
f 127//127 205//205 206//206
f 129//129 205//205 127//127
f 199//199 198//198 130//130
f 199//199 130//130 206//206
f 206//206 130//130 127//127
f 198//198 201//201 207//207
f 198//198 207//207 130//130
f 130//130 207//207 132//132
f 207//207 134//134 132//132
f 208//208 134//134 207//207
f 209//209 135//135 210//210
f 209//209 203//203 135//135
f 203//203 125//125 135//135
f 209//209 210//210 211//211
f 126//126 204//204 136//136
f 204//204 212//212 136//136
f 213//213 129//129 137//137
f 213//213 214//214 129//129
f 214//214 205//205 129//129
f 137//137 139//139 213//213
f 134//134 208//208 141//141
f 208//208 215//215 141//141
f 210//210 142//142 216//216
f 135//135 142//142 210//210
f 217//217 211//211 210//210
f 216//216 217//217 210//210
f 136//136 212//212 144//144
f 212//212 218//218 144//144
f 213//213 219//219 214//214
f 219//219 213//213 139//139
f 219//219 139//139 220//220
f 220//220 139//139 145//145
f 141//141 215//215 147//147
f 215//215 221//221 147//147
f 216//216 222//222 223//223
f 216//216 142//142 222//222
f 142//142 148//148 222//222
f 217//217 216//216 223//223
f 144//144 218//218 149//149
f 218//218 224//224 149//149
f 145//145 150//150 220//220
f 220//220 150//150 225//225
f 153//153 226//226 227//227
f 151//151 153//153 227//227
f 221//221 153//153 147//147
f 226//226 153//153 221//221
f 148//148 154//154 222//222
f 222//222 154//154 228//228
f 229//229 230//230 155//155
f 229//229 155//155 224//224
f 224//224 155//155 149//149
f 229//229 231//231 230//230
f 150//150 156//156 225//225
f 225//225 156//156 232//232
f 151//151 227//227 158//158
f 227//227 233//233 158//158
f 154//154 159//159 228//228
f 228//228 159//159 234//234
f 230//230 235//235 236//236
f 230//230 236//236 155//155
f 155//155 236//236 160//160
f 231//231 235//235 230//230
f 156//156 162//162 232//232
f 232//232 162//162 237//237
f 238//238 239//239 163//163
f 238//238 163//163 233//233
f 233//233 163//163 158//158
f 238//238 240//240 239//239
f 159//159 164//164 234//234
f 234//234 164//164 241//241
f 160//160 236//236 166//166
f 236//236 242//242 166//166
f 243//243 244//244 245//245
f 243//243 245//245 237//237
f 243//243 237//237 168//168
f 168//168 237//237 162//162
f 239//239 246//246 169//169
f 163//163 239//239 169//169
f 247//247 239//239 240//240
f 246//246 239//239 247//247
f 164//164 171//171 241//241
f 241//241 171//171 248//248
f 166//166 242//242 173//173
f 242//242 249//249 173//173
f 243//243 250//250 244//244
f 251//251 252//252 250//250
f 174//174 251//251 250//250
f 174//174 250//250 243//243
f 174//174 243//243 168//168
f 174//174 253//253 251//251
f 169//169 253//253 174//174
f 169//169 254//254 253//253
f 169//169 246//246 254//254
f 247//247 254//254 246//246
f 171//171 176//176 248//248
f 248//248 176//176 255//255
f 256//256 177//177 173//173
f 256//256 173//173 257//257
f 257//257 173//173 249//249
f 177//177 256//256 179//179
f 251//251 258//258 252//252
f 253//253 258//258 251//251
f 183//183 259//259 260//260
f 182//182 259//259 183//183
f 255//255 176//176 183//183
f 260//260 255//255 183//183
f 261//261 256//256 257//257
f 262//262 261//261 257//257
f 179//179 261//261 185//185
f 256//256 261//261 179//179
f 188//188 187//187 263//263
f 188//188 263//263 264//264
f 188//188 264//264 182//182
f 182//182 264//264 259//259
f 261//261 262//262 265//265
f 266//266 265//265 267//267
f 189//189 265//265 266//266
f 189//189 261//261 265//265
f 189//189 185//185 261//261
f 189//189 268//268 190//190
f 266//266 268//268 189//189
f 190//190 263//263 187//187
f 190//190 268//268 263//263
f 268//268 269//269 263//263
f 270//270 264//264 263//263
f 269//269 270//270 263//263
f 266//266 267//267 271//271
f 271//271 272//272 273//273
f 271//271 273//273 266//266
f 266//266 273//273 268//268
f 274//274 275//275 269//269
f 274//274 269//269 273//273
f 273//273 269//269 268//268
f 270//270 269//269 275//275
f 273//273 272//272 276//276
f 274//274 273//273 276//276
f 191//191 277//277 278//278
f 192//192 191//191 278//278
f 193//193 279//279 191//191
f 191//191 279//279 277//277
f 194//194 280//280 193//193
f 193//193 280//280 279//279
f 280//280 194//194 195//195
f 281//281 280//280 195//195
f 196//196 282//282 283//283
f 197//197 196//196 283//283
f 278//278 196//196 192//192
f 282//282 196//196 278//278
f 200//200 199//199 284//284
f 200//200 284//284 201//201
f 195//195 285//285 281//281
f 202//202 285//285 195//195
f 285//285 202//202 203//203
f 286//286 285//285 203//203
f 197//197 283//283 204//204
f 283//283 287//287 204//204
f 206//206 288//288 289//289
f 205//205 288//288 206//206
f 284//284 199//199 206//206
f 284//284 206//206 290//290
f 290//290 206//206 289//289
f 201//201 284//284 290//290
f 201//201 290//290 207//207
f 207//207 290//290 291//291
f 291//291 208//208 207//207
f 292//292 208//208 291//291
f 203//203 293//293 286//286
f 209//209 293//293 203//203
f 293//293 209//209 211//211
f 294//294 293//293 211//211
f 204//204 287//287 212//212
f 287//287 295//295 212//212
f 205//205 214//214 288//288
f 288//288 214//214 296//296
f 208//208 292//292 215//215
f 292//292 297//297 215//215
f 298//298 299//299 300//300
f 298//298 300//300 294//294
f 298//298 294//294 217//217
f 217//217 294//294 211//211
f 212//212 295//295 218//218
f 295//295 301//301 218//218
f 214//214 302//302 296//296
f 219//219 302//302 214//214
f 302//302 219//219 220//220
f 303//303 302//302 220//220
f 304//304 305//305 306//306
f 304//304 297//297 305//305
f 304//304 221//221 297//297
f 221//221 215//215 297//297
f 223//223 299//299 298//298
f 223//223 222//222 299//299
f 222//222 307//307 299//299
f 217//217 223//223 298//298
f 308//308 309//309 224//224
f 308//308 224//224 301//301
f 301//301 224//224 218//218
f 308//308 310//310 309//309
f 311//311 225//225 312//312
f 311//311 303//303 225//225
f 303//303 220//220 225//225
f 306//306 311//311 312//312
f 304//304 306//306 312//312
f 304//304 312//312 227//227
f 304//304 227//227 226//226
f 221//221 304//304 226//226
f 313//313 314//314 315//315
f 314//314 313//313 307//307
f 314//314 307//307 228//228
f 228//228 307//307 222//222
f 224//224 309//309 229//229
f 309//309 231//231 229//229
f 309//309 310//310 231//231
f 310//310 316//316 231//231
f 312//312 232//232 317//317
f 225//225 232//232 312//312
f 227//227 317//317 233//233
f 312//312 317//317 227//227
f 314//314 318//318 315//315
f 318//318 314//314 228//228
f 318//318 228//228 319//319
f 319//319 228//228 234//234
f 235//235 320//320 321//321
f 236//236 235//235 321//321
f 316//316 235//235 231//231
f 320//320 235//235 316//316
f 317//317 322//322 323//323
f 317//317 232//232 322//322
f 232//232 237//237 322//322
f 324//324 323//323 325//325
f 238//238 323//323 324//324
f 238//238 317//317 323//323
f 238//238 233//233 317//317
f 238//238 324//324 240//240
f 234//234 241//241 319//319
f 319//319 241//241 326//326
f 236//236 321//321 242//242
f 321//321 327//327 242//242
f 245//245 328//328 329//329
f 244//244 328//328 245//245
f 322//322 237//237 245//245
f 329//329 322//322 245//245
f 324//324 325//325 330//330
f 330//330 240//240 324//324
f 330//330 331//331 240//240
f 331//331 247//247 240//240
f 241//241 248//248 326//326
f 326//326 248//248 332//332
f 242//242 327//327 249//249
f 327//327 333//333 249//249
f 244//244 334//334 328//328
f 250//250 334//334 244//244
f 334//334 250//250 252//252
f 335//335 334//334 252//252
f 254//254 336//336 337//337
f 253//253 254//254 337//337
f 331//331 254//254 247//247
f 336//336 254//254 331//331
f 248//248 255//255 332//332
f 332//332 255//255 338//338
f 249//249 333//333 257//257
f 333//333 339//339 257//257
f 340//340 252//252 258//258
f 340//340 341//341 252//252
f 341//341 335//335 252//252
f 258//258 342//342 340//340
f 258//258 253//253 342//342
f 253//253 337//337 342//342
f 260//260 343//343 344//344
f 259//259 343//343 260//260
f 338//338 255//255 260//260
f 344//344 338//338 260//260
f 257//257 339//339 262//262
f 339//339 345//345 262//262
f 346//346 347//347 348//348
f 341//341 346//346 348//348
f 341//341 340//340 346//346
f 340//340 349//349 346//346
f 350//350 340//340 342//342
f 349//349 340//340 350//350
f 351//351 264//264 352//352
f 351//351 343//343 264//264
f 343//343 259//259 264//264
f 351//351 352//352 353//353
f 354//354 265//265 262//262
f 354//354 262//262 355//355
f 355//355 262//262 345//345
f 346//346 356//356 347//347
f 267//267 265//265 354//354
f 349//349 356//356 346//346
f 357//357 356//356 349//349
f 350//350 357//357 349//349
f 352//352 270//270 358//358
f 264//264 270//270 352//352
f 359//359 353//353 352//352
f 358//358 359//359 352//352
f 354//354 355//355 360//360
f 361//361 360//360 362//362
f 271//271 360//360 361//361
f 271//271 354//354 360//360
f 271//271 267//267 354//354
f 271//271 361//361 272//272
f 275//275 274//274 363//363
f 275//275 363//363 364//364
f 270//270 275//275 364//364
f 270//270 364//364 365//365
f 270//270 365//365 358//358
f 359//359 358//358 365//365
f 361//361 362//362 366//366
f 272//272 361//361 366//366
f 272//272 366//366 276//276
f 276//276 366//366 367//367
f 363//363 274//274 276//276
f 363//363 276//276 368//368
f 368//368 276//276 367//367
f 364//364 363//363 368//368
f 277//277 369//369 278//278
f 277//277 279//279 370//370
f 369//369 277//277 370//370
f 279//279 280//280 371//371
f 370//370 279//279 371//371
f 280//280 281//281 371//371
f 282//282 372//372 373//373
f 283//283 282//282 373//373
f 369//369 282//282 278//278
f 369//369 374//374 282//282
f 374//374 372//372 282//282
f 370//370 374//374 369//369
f 375//375 374//374 370//370
f 371//371 375//375 370//370
f 376//376 375//375 371//371
f 281//281 376//376 371//371
f 281//281 285//285 376//376
f 285//285 377//377 376//376
f 377//377 285//285 286//286
f 378//378 377//377 286//286
f 283//283 373//373 287//287
f 373//373 379//379 287//287
f 289//289 288//288 380//380
f 289//289 381//381 290//290
f 380//380 381//381 289//289
f 290//290 382//382 291//291
f 381//381 382//382 290//290
f 291//291 382//382 292//292
f 383//383 286//286 293//293
f 383//383 384//384 286//286
f 384//384 378//378 286//286
f 293//293 294//294 383//383
f 287//287 379//379 295//295
f 379//379 385//385 295//295
f 380//380 296//296 386//386
f 288//288 296//296 380//380
f 381//381 380//380 387//387
f 387//387 380//380 386//386
f 382//382 381//381 388//388
f 388//388 381//381 387//387
f 292//292 388//388 297//297
f 382//382 388//388 292//292
f 300//300 384//384 383//383
f 300//300 299//299 384//384
f 299//299 389//389 384//384
f 294//294 300//300 383//383
f 295//295 385//385 301//301
f 385//385 390//390 301//301
f 296//296 302//302 386//386
f 303//303 386//386 302//302
f 303//303 391//391 386//386
f 391//391 387//387 386//386
f 305//305 391//391 306//306
f 305//305 388//388 391//391
f 388//388 387//387 391//391
f 297//297 388//388 305//305
f 299//299 307//307 389//389
f 389//389 307//307 392//392
f 393//393 308//308 301//301
f 393//393 301//301 394//394
f 394//394 301//301 390//390
f 308//308 393//393 310//310
f 303//303 311//311 391//391
f 306//306 391//391 311//311
f 313//313 395//395 396//396
f 315//315 395//395 313//313
f 392//392 307//307 313//313
f 396//396 392//392 313//313
f 397//397 393//393 394//394
f 398//398 397//397 394//394
f 310//310 397//397 316//316
f 393//393 397//397 310//310
f 315//315 399//399 395//395
f 318//318 399//399 315//315
f 399//399 318//318 319//319
f 400//400 399//399 319//319
f 320//320 397//397 398//398
f 320//320 398//398 321//321
f 321//321 398//398 401//401
f 316//316 397//397 320//320
f 323//323 402//402 403//403
f 322//322 402//402 323//323
f 403//403 325//325 323//323
f 404//404 325//325 403//403
f 319//319 326//326 400//400
f 400//400 326//326 405//405
f 321//321 401//401 327//327
f 401//401 406//406 327//327
f 329//329 328//328 407//407
f 329//329 407//407 408//408
f 329//329 408//408 322//322
f 322//322 408//408 402//402
f 409//409 330//330 325//325
f 409//409 325//325 410//410
f 410//410 325//325 404//404
f 330//330 409//409 331//331
f 326//326 332//332 405//405
f 405//405 332//332 411//411
f 327//327 406//406 333//333
f 406//406 412//412 333//333
f 328//328 334//334 407//407
f 407//407 334//334 335//335
f 407//407 335//335 408//408
f 408//408 335//335 413//413
f 336//336 409//409 410//410
f 336//336 410//410 337//337
f 337//337 410//410 414//414
f 331//331 409//409 336//336
f 332//332 338//338 411//411
f 411//411 338//338 415//415
f 333//333 412//412 339//339
f 412//412 416//416 339//339
f 335//335 341//341 413//413
f 413//413 341//341 417//417
f 337//337 414//414 342//342
f 414//414 418//418 342//342
f 344//344 419//419 420//420
f 343//343 419//419 344//344
f 415//415 338//338 344//344
f 420//420 415//415 344//344
f 339//339 416//416 345//345
f 416//416 421//421 345//345
f 348//348 347//347 422//422
f 348//348 422//422 423//423
f 348//348 423//423 341//341
f 341//341 423//423 417//417
f 342//342 418//418 350//350
f 418//418 424//424 350//350
f 343//343 425//425 419//419
f 351//351 425//425 343//343
f 425//425 351//351 353//353
f 426//426 425//425 353//353
f 345//345 421//421 355//355
f 421//421 427//427 355//355
f 347//347 356//356 422//422
f 422//422 356//356 357//357
f 422//422 357//357 428//428
f 422//422 428//428 423//423
f 428//428 357//357 429//429
f 357//357 430//430 429//429
f 357//357 350//350 430//430
f 350//350 424//424 430//430
f 353//353 359//359 426//426
f 426//426 359//359 431//431
f 432//432 360//360 355//355
f 432//432 355//355 433//433
f 433//433 355//355 427//427
f 360//360 432//432 362//362
f 429//429 434//434 428//428
f 430//430 434//434 429//429
f 365//365 364//364 435//435
f 365//365 435//435 436//436
f 365//365 436//436 359//359
f 359//359 436//436 431//431
f 437//437 432//432 433//433
f 438//438 437//437 433//433
f 362//362 439//439 366//366
f 362//362 432//432 439//439
f 432//432 437//437 439//439
f 366//366 440//440 367//367
f 439//439 440//440 366//366
f 367//367 441//441 368//368
f 440//440 441//441 367//367
f 368//368 435//435 364//364
f 368//368 441//441 435//435
f 441//441 442//442 435//435
f 443//443 436//436 435//435
f 442//442 443//443 435//435
f 444//444 437//437 438//438
f 445//445 444//444 438//438
f 439//439 437//437 446//446
f 446//446 437//437 444//444
f 440//440 439//439 447//447
f 447//447 439//439 446//446
f 441//441 440//440 448//448
f 448//448 440//440 447//447
f 442//442 441//441 449//449
f 449//449 441//441 448//448
f 450//450 443//443 442//442
f 449//449 450//450 442//442
f 451//451 444//444 445//445
f 452//452 451//451 445//445
f 446//446 444//444 453//453
f 453//453 444//444 451//451
f 447//447 446//446 454//454
f 454//454 446//446 453//453
f 448//448 447//447 455//455
f 455//455 447//447 454//454
f 449//449 448//448 456//456
f 456//456 448//448 455//455
f 457//457 450//450 449//449
f 456//456 457//457 449//449
f 451//451 452//452 458//458
f 458//458 459//459 460//460
f 458//458 460//460 451//451
f 451//451 460//460 453//453
f 454//454 453//453 461//461
f 461//461 453//453 460//460
f 455//455 454//454 462//462
f 462//462 454//454 461//461
f 456//456 455//455 463//463
f 463//463 455//455 462//462
f 464//464 457//457 456//456
f 463//463 464//464 456//456
f 465//465 460//460 459//459
f 466//466 465//465 459//459
f 461//461 460//460 467//467
f 467//467 460//460 465//465
f 462//462 461//461 468//468
f 468//468 461//461 467//467
f 469//469 470//470 463//463
f 469//469 463//463 468//468
f 468//468 463//463 462//462
f 464//464 463//463 470//470
f 471//471 465//465 466//466
f 472//472 471//471 466//466
f 467//467 465//465 473//473
f 473//473 465//465 471//471
f 474//474 475//475 468//468
f 474//474 468//468 473//473
f 473//473 468//468 467//467
f 469//469 468//468 475//475
f 471//471 472//472 476//476
f 473//473 471//471 476//476
f 477//477 473//473 476//476
f 474//474 473//473 477//477
f 372//372 478//478 373//373
f 372//372 374//374 479//479
f 478//478 372//372 479//479
f 374//374 375//375 480//480
f 479//479 374//374 480//480
f 375//375 376//376 481//481
f 480//480 375//375 481//481
f 376//376 377//377 482//482
f 481//481 376//376 482//482
f 377//377 378//378 482//482
f 478//478 483//483 379//379
f 373//373 478//478 379//379
f 484//484 479//479 485//485
f 484//484 483//483 479//479
f 483//483 478//478 479//479
f 480//480 485//485 479//479
f 486//486 485//485 480//480
f 481//481 486//486 480//480
f 487//487 486//486 481//481
f 487//487 488//488 489//489
f 487//487 481//481 488//488
f 481//481 482//482 488//488
f 378//378 384//384 488//488
f 482//482 378//378 488//488
f 483//483 490//490 385//385
f 379//379 483//483 385//385
f 491//491 483//483 484//484
f 490//490 483//483 491//491
f 488//488 492//492 489//489
f 492//492 488//488 384//384
f 492//492 384//384 493//493
f 493//493 384//384 389//389
f 490//490 494//494 495//495
f 490//490 495//495 385//385
f 385//385 495//495 390//390
f 491//491 494//494 490//490
f 389//389 392//392 493//493
f 493//493 392//392 496//496
f 390//390 495//495 394//394
f 495//495 497//497 394//394
f 498//498 499//499 500//500
f 500//500 501//501 498//498
f 396//396 395//395 502//502
f 396//396 502//502 503//503
f 396//396 503//503 392//392
f 392//392 503//503 496//496
f 394//394 497//497 398//398
f 497//497 504//504 398//398
f 505//505 506//506 507//507
f 499//499 505//505 507//507
f 499//499 498//498 505//505
f 498//498 508//508 505//505
f 509//509 498//498 501//501
f 508//508 498//498 509//509
f 395//395 399//399 502//502
f 502//502 399//399 400//400
f 502//502 400//400 503//503
f 503//503 400//400 510//510
f 398//398 504//504 401//401
f 504//504 511//511 401//401
f 512//512 506//506 505//505
f 513//513 506//506 512//512
f 403//403 402//402 512//512
f 403//403 512//512 508//508
f 508//508 512//512 505//505
f 404//404 514//514 515//515
f 403//403 514//514 404//404
f 403//403 509//509 514//514
f 403//403 508//508 509//509
f 514//514 516//516 515//515
f 400//400 405//405 510//510
f 510//510 405//405 517//517
f 401//401 511//511 406//406
f 511//511 518//518 406//406
f 512//512 519//519 513//513
f 519//519 512//512 402//402
f 519//519 402//402 520//520
f 520//520 402//402 408//408
f 515//515 521//521 522//522
f 515//515 522//522 404//404
f 404//404 522//522 410//410
f 516//516 521//521 515//515
f 405//405 411//411 517//517
f 517//517 411//411 523//523
f 406//406 518//518 412//412
f 518//518 524//524 412//412
f 408//408 413//413 520//520
f 520//520 413//413 525//525
f 410//410 522//522 414//414
f 522//522 526//526 414//414
f 527//527 528//528 529//529
f 527//527 529//529 523//523
f 527//527 523//523 415//415
f 415//415 523//523 411//411
f 530//530 531//531 416//416
f 530//530 416//416 524//524
f 524//524 416//416 412//412
f 530//530 532//532 531//531
f 413//413 417//417 525//525
f 525//525 417//417 533//533
f 414//414 526//526 418//418
f 526//526 534//534 418//418
f 420//420 528//528 527//527
f 420//420 419//419 528//528
f 419//419 535//535 528//528
f 415//415 420//420 527//527
f 531//531 536//536 421//421
f 416//416 531//531 421//421
f 537//537 531//531 532//532
f 536//536 531//531 537//537
f 417//417 423//423 533//533
f 533//533 423//423 538//538
f 418//418 534//534 424//424
f 534//534 539//539 424//424
f 540//540 419//419 425//425
f 540//540 541//541 419//419
f 541//541 535//535 419//419
f 425//425 426//426 540//540
f 536//536 542//542 543//543
f 536//536 543//543 421//421
f 421//421 543//543 427//427
f 537//537 542//542 536//536
f 423//423 428//428 538//538
f 538//538 428//428 544//544
f 424//424 539//539 430//430
f 539//539 545//545 430//430
f 540//540 546//546 541//541
f 546//546 540//540 426//426
f 546//546 426//426 547//547
f 547//547 426//426 431//431
f 427//427 543//543 433//433
f 543//543 548//548 433//433
f 549//549 428//428 434//434
f 549//549 550//550 428//428
f 550//550 544//544 428//428
f 551//551 430//430 545//545
f 551//551 549//549 430//430
f 551//551 552//552 549//549
f 549//549 434//434 430//430
f 551//551 553//553 552//552
f 431//431 436//436 547//547
f 547//547 436//436 554//554
f 433//433 548//548 438//438
f 548//548 555//555 438//438
f 556//556 550//550 549//549
f 557//557 550//550 556//556
f 558//558 552//552 559//559
f 558//558 556//556 552//552
f 556//556 549//549 552//552
f 553//553 559//559 552//552
f 436//436 443//443 554//554
f 554//554 443//443 560//560
f 438//438 555//555 445//445
f 555//555 561//561 445//445
f 562//562 563//563 564//564
f 557//557 562//562 564//564
f 557//557 556//556 562//562
f 556//556 565//565 562//562
f 566//566 556//556 558//558
f 566//566 567//567 556//556
f 567//567 565//565 556//556
f 566//566 568//568 567//567
f 569//569 450//450 570//570
f 569//569 560//560 450//450
f 560//560 443//443 450//450
f 569//569 570//570 571//571
f 445//445 561//561 452//452
f 561//561 572//572 452//452
f 562//562 573//573 563//563
f 573//573 574//574 575//575
f 573//573 562//562 574//574
f 562//562 565//565 574//574
f 567//567 576//576 565//565
f 576//576 574//574 565//565
f 577//577 567//567 568//568
f 576//576 567//567 577//577
f 570//570 457//457 578//578
f 450//450 457//457 570//570
f 579//579 571//571 570//570
f 578//578 579//579 570//570
f 580//580 458//458 452//452
f 580//580 452//452 581//581
f 581//581 452//452 572//572
f 458//458 580//580 459//459
f 582//582 575//575 574//574
f 583//583 575//575 582//582
f 584//584 576//576 585//585
f 584//584 582//582 576//576
f 582//582 574//574 576//576
f 577//577 585//585 576//576
f 578//578 586//586 587//587
f 578//578 457//457 586//586
f 457//457 464//464 586//586
f 579//579 578//578 587//587
f 588//588 580//580 581//581
f 589//589 588//588 581//581
f 459//459 588//588 466//466
f 580//580 588//588 459//459
f 590//590 583//583 582//582
f 591//591 583//583 590//590
f 592//592 582//582 584//584
f 590//590 582//582 592//592
f 470//470 469//469 593//593
f 470//470 593//593 594//594
f 470//470 594//594 464//464
f 464//464 594//594 586//586
f 595//595 588//588 589//589
f 596//596 595//595 589//589
f 466//466 595//595 472//472
f 588//588 595//595 466//466
f 590//590 597//597 591//591
f 475//475 474//474 598//598
f 590//590 592//592 597//597
f 475//475 593//593 469//469
f 475//475 598//598 593//593
f 598//598 599//599 593//593
f 600//600 594//594 593//593
f 599//599 600//600 593//593
f 595//595 596//596 601//601
f 472//472 595//595 601//601
f 472//472 601//601 476//476
f 476//476 601//601 602//602
f 603//603 602//602 604//604
f 603//603 477//477 602//602
f 477//477 476//476 602//602
f 477//477 603//603 605//605
f 474//474 477//477 605//605
f 474//474 605//605 606//606
f 474//474 606//606 598//598
f 599//599 598//598 606//606
f 607//607 599//599 606//606
f 600//600 599//599 607//607
f 603//603 604//604 608//608
f 605//605 603//603 608//608
f 485//485 609//609 610//610
f 484//484 485//485 610//610
f 486//486 611//611 485//485
f 485//485 611//611 609//609
f 487//487 612//612 486//486
f 486//486 612//612 611//611
f 489//489 613//613 614//614
f 489//489 614//614 487//487
f 487//487 614//614 612//612
f 614//614 613//613 615//615
f 616//616 617//617 618//618
f 616//616 610//610 617//617
f 616//616 491//491 610//610
f 491//491 484//484 610//610
f 619//619 620//620 621//621
f 621//621 622//622 619//619
f 489//489 492//492 613//613
f 613//613 492//492 493//493
f 613//613 493//493 615//615
f 615//615 493//493 623//623
f 494//494 616//616 618//618
f 494//494 618//618 495//495
f 495//495 618//618 624//624
f 491//491 616//616 494//494
f 625//625 626//626 627//627
f 620//620 626//626 625//625
f 620//620 619//619 626//626
f 619//619 628//628 626//626
f 629//629 619//619 622//622
f 629//629 630//630 619//619
f 630//630 628//628 619//619
f 629//629 631//631 630//630
f 493//493 496//496 623//623
f 623//623 496//496 632//632
f 495//495 624//624 497//497
f 624//624 633//633 497//497
f 634//634 627//627 626//626
f 635//635 627//627 634//634
f 500//500 499//499 634//634
f 500//500 634//634 628//628
f 628//628 634//634 626//626
f 501//501 500//500 628//628
f 501//501 628//628 636//636
f 636//636 628//628 630//630
f 637//637 630//630 631//631
f 636//636 630//630 637//637
f 496//496 503//503 632//632
f 632//632 503//503 638//638
f 497//497 633//633 504//504
f 633//633 639//639 504//504
f 507//507 635//635 634//634
f 507//507 506//506 635//635
f 506//506 640//640 635//635
f 499//499 507//507 634//634
f 636//636 641//641 509//509
f 501//501 636//636 509//509
f 642//642 636//636 637//637
f 641//641 636//636 642//642
f 503//503 510//510 638//638
f 638//638 510//510 643//643
f 504//504 639//639 511//511
f 639//639 644//644 511//511
f 506//506 513//513 640//640
f 640//640 513//513 645//645
f 514//514 509//509 641//641
f 646//646 647//647 648//648
f 516//516 648//648 647//647
f 516//516 642//642 648//648
f 516//516 514//514 641//641
f 642//642 516//516 641//641
f 510//510 517//517 643//643
f 643//643 517//517 649//649
f 511//511 644//644 518//518
f 644//644 650//650 518//518
f 513//513 651//651 645//645
f 519//519 651//651 513//513
f 651//651 519//519 520//520
f 652//652 651//651 520//520
f 521//521 647//647 646//646
f 521//521 646//646 522//522
f 522//522 646//646 653//653
f 516//516 647//647 521//521
f 517//517 523//523 649//649
f 649//649 523//523 654//654
f 518//518 650//650 524//524
f 650//650 655//655 524//524
f 520//520 525//525 652//652
f 652//652 525//525 656//656
f 522//522 653//653 526//526
f 653//653 657//657 526//526
f 529//529 658//658 659//659
f 528//528 658//658 529//529
f 654//654 523//523 529//529
f 659//659 654//654 529//529
f 524//524 655//655 660//660
f 530//530 524//524 660//660
f 660//660 532//532 530//530
f 661//661 532//532 660//660
f 525//525 533//533 656//656
f 656//656 533//533 662//662
f 526//526 657//657 534//534
f 657//657 663//663 534//534
f 528//528 535//535 658//658
f 658//658 535//535 664//664
f 532//532 661//661 537//537
f 661//661 665//665 537//537
f 533//533 538//538 662//662
f 662//662 538//538 666//666
f 534//534 663//663 539//539
f 663//663 667//667 539//539
f 535//535 541//541 664//664
f 664//664 541//541 668//668
f 542//542 669//669 543//543
f 542//542 670//670 669//669
f 542//542 537//537 670//670
f 537//537 665//665 670//670
f 671//671 544//544 672//672
f 671//671 666//666 544//544
f 666//666 538//538 544//544
f 672//672 667//667 671//671
f 672//672 545//545 667//667
f 545//545 539//539 667//667
f 541//541 673//673 668//668
f 546//546 673//673 541//541
f 673//673 546//546 547//547
f 674//674 673//673 547//547
f 669//669 675//675 676//676
f 669//669 676//676 543//543
f 543//543 676//676 548//548
f 670//670 675//675 669//669
f 672//672 677//677 678//678
f 672//672 544//544 677//677
f 544//544 550//550 677//677
f 679//679 678//678 680//680
f 551//551 678//678 679//679
f 551//551 672//672 678//678
f 551//551 545//545 672//672
f 551//551 679//679 553//553
f 547//547 554//554 674//674
f 674//674 554//554 681//681
f 548//548 676//676 555//555
f 676//676 682//682 555//555
f 550//550 557//557 677//677
f 677//677 557//557 683//683
f 684//684 558//558 559//559
f 680//680 685//685 679//679
f 686//686 679//679 685//685
f 686//686 553//553 679//679
f 686//686 684//684 559//559
f 553//553 686//686 559//559
f 687//687 560//560 688//688
f 687//687 681//681 560//560
f 681//681 554//554 560//560
f 687//687 688//688 689//689
f 690//690 691//691 692//692
f 690//690 682//682 691//691
f 690//690 561//561 682//682
f 561//561 555//555 682//682
f 564//564 693//693 694//694
f 563//563 693//693 564//564
f 683//683 557//557 564//564
f 694//694 683//683 564//564
f 558//558 684//684 566//566
f 684//684 568//568 566//566
f 684//684 686//686 568//568
f 686//686 695//695 568//568
f 560//560 569//569 688//688
f 688//688 569//569 571//571
f 688//688 571//571 689//689
f 689//689 571//571 696//696
f 697//697 690//690 692//692
f 698//698 697//697 692//692
f 561//561 697//697 572//572
f 690//690 697//697 561//561
f 699//699 563//563 573//573
f 699//699 700//700 563//563
f 700//700 693//693 563//563
f 573//573 575//575 699//699
f 568//568 695//695 577//577
f 695//695 701//701 577//577
f 571//571 579//579 696//696
f 696//696 579//579 702//702
f 697//697 698//698 703//703
f 703//703 572//572 697//697
f 703//703 704//704 572//572
f 704//704 581//581 572//572
f 705//705 700//700 699//699
f 706//706 700//700 705//705
f 575//575 583//583 705//705
f 699//699 575//575 705//705
f 585//585 707//707 584//584
f 585//585 708//708 707//707
f 585//585 577//577 708//708
f 577//577 701//701 708//708
f 587//587 709//709 710//710
f 586//586 709//709 587//587
f 702//702 579//579 587//587
f 710//710 702//702 587//587
f 581//581 704//704 589//589
f 704//704 711//711 589//589
f 712//712 706//706 705//705
f 713//713 706//706 712//712
f 583//583 591//591 712//712
f 705//705 583//583 712//712
f 707//707 714//714 592//592
f 584//584 707//707 592//592
f 715//715 707//707 708//708
f 714//714 707//707 715//715
f 586//586 594//594 709//709
f 709//709 594//594 716//716
f 589//589 711//711 596//596
f 711//711 717//717 596//596
f 712//712 718//718 713//713
f 719//719 720//720 718//718
f 597//597 719//719 718//718
f 597//597 718//718 712//712
f 597//597 712//712 591//591
f 597//597 721//721 719//719
f 592//592 721//721 597//597
f 592//592 722//722 721//721
f 592//592 714//714 722//722
f 715//715 722//722 714//714
f 594//594 600//600 716//716
f 716//716 600//600 723//723
f 596//596 717//717 724//724
f 601//601 596//596 724//724
f 725//725 724//724 726//726
f 725//725 602//602 724//724
f 602//602 601//601 724//724
f 719//719 727//727 720//720
f 604//604 602//602 725//725
f 606//606 605//605 728//728
f 719//719 721//721 727//727
f 729//729 606//606 728//728
f 729//729 730//730 606//606
f 730//730 607//607 606//606
f 723//723 600//600 607//607
f 730//730 723//723 607//607
f 725//725 726//726 731//731
f 604//604 725//725 731//731
f 604//604 731//731 608//608
f 608//608 731//731 732//732
f 728//728 605//605 608//608
f 728//728 608//608 733//733
f 733//733 608//608 732//732
f 729//729 728//728 733//733
f 734//734 735//735 736//736
f 734//734 610//610 609//609
f 734//734 609//609 735//735
f 735//735 609//609 737//737
f 611//611 738//738 609//609
f 609//609 738//738 737//737
f 612//612 739//739 611//611
f 611//611 739//739 738//738
f 614//614 740//740 612//612
f 612//612 740//740 739//739
f 740//740 614//614 615//615
f 741//741 740//740 615//615
f 617//617 734//734 736//736
f 617//617 736//736 618//618
f 618//618 736//736 742//742
f 610//610 734//734 617//617
f 743//743 744//744 745//745
f 744//744 621//621 620//620
f 744//744 743//743 621//621
f 743//743 746//746 621//621
f 746//746 622//622 621//621
f 747//747 622//622 746//746
f 615//615 623//623 741//741
f 741//741 623//623 748//748
f 618//618 742//742 624//624
f 742//742 749//749 624//624
f 625//625 745//745 744//744
f 625//625 627//627 745//745
f 627//627 750//750 745//745
f 620//620 625//625 744//744
f 622//622 747//747 751//751
f 629//629 622//622 751//751
f 751//751 631//631 629//629
f 752//752 631//631 751//751
f 623//623 632//632 748//748
f 748//748 632//632 753//753
f 624//624 749//749 633//633
f 749//749 754//754 633//633
f 627//627 635//635 750//750
f 750//750 635//635 755//755
f 756//756 757//757 758//758
f 756//756 752//752 757//757
f 756//756 637//637 752//752
f 637//637 631//631 752//752
f 632//632 638//638 753//753
f 753//753 638//638 759//759
f 633//633 754//754 639//639
f 754//754 760//760 639//639
f 635//635 640//640 755//755
f 755//755 640//640 761//761
f 762//762 756//756 758//758
f 763//763 762//762 758//758
f 637//637 762//762 642//642
f 756//756 762//762 637//637
f 638//638 643//643 759//759
f 759//759 643//643 764//764
f 639//639 760//760 644//644
f 760//760 765//765 644//644
f 640//640 645//645 761//761
f 761//761 645//645 766//766
f 648//648 762//762 763//763
f 648//648 763//763 646//646
f 646//646 763//763 767//767
f 642//642 762//762 648//648
f 643//643 649//649 764//764
f 764//764 649//649 768//768
f 644//644 765//765 650//650
f 765//765 769//769 650//650
f 645//645 770//770 766//766
f 651//651 770//770 645//645
f 770//770 651//651 652//652
f 771//771 770//770 652//652
f 646//646 767//767 653//653
f 767//767 772//772 653//653
f 773//773 774//774 775//775
f 773//773 775//775 768//768
f 773//773 768//768 654//654
f 654//654 768//768 649//649
f 650//650 769//769 655//655
f 769//769 776//776 655//655
f 652//652 656//656 771//771
f 771//771 656//656 777//777
f 653//653 772//772 657//657
f 772//772 778//778 657//657
f 659//659 774//774 773//773
f 659//659 658//658 774//774
f 658//658 779//779 774//774
f 654//654 659//659 773//773
f 655//655 776//776 780//780
f 660//660 655//655 780//780
f 780//780 661//661 660//660
f 781//781 661//661 780//780
f 782//782 662//662 783//783
f 782//782 777//777 662//662
f 777//777 656//656 662//662
f 783//783 778//778 782//782
f 783//783 663//663 778//778
f 663//663 657//657 778//778
f 658//658 664//664 779//779
f 779//779 664//664 784//784
f 661//661 781//781 665//665
f 781//781 785//785 665//665
f 783//783 666//666 786//786
f 662//662 666//666 783//783
f 663//663 786//786 667//667
f 783//783 786//786 663//663
f 664//664 668//668 784//784
f 784//784 668//668 787//787
f 665//665 785//785 670//670
f 785//785 788//788 670//670
f 666//666 671//671 786//786
f 667//667 786//786 671//671
f 789//789 668//668 673//673
f 789//789 790//790 668//668
f 790//790 787//787 668//668
f 673//673 674//674 789//789
f 675//675 791//791 792//792
f 676//676 675//675 792//792
f 788//788 675//675 670//670
f 791//791 675//675 788//788
f 678//678 677//677 793//793
f 678//678 793//793 680//680
f 789//789 794//794 790//790
f 794//794 789//789 674//674
f 794//794 674//674 795//795
f 795//795 674//674 681//681
f 676//676 792//792 682//682
f 792//792 796//796 682//682
f 793//793 797//797 798//798
f 793//793 677//677 797//797
f 677//677 683//683 797//797
f 680//680 793//793 798//798
f 680//680 798//798 685//685
f 685//685 798//798 799//799
f 799//799 686//686 685//685
f 800//800 686//686 799//799
f 801//801 681//681 687//687
f 801//801 802//802 681//681
f 802//802 795//795 681//681
f 687//687 689//689 801//801
f 691//691 803//803 692//692
f 691//691 804//804 803//803
f 691//691 682//682 804//804
f 682//682 796//796 804//804
f 694//694 805//805 806//806
f 693//693 805//805 694//694
f 797//797 683//683 694//694
f 806//806 797//797 694//694
f 686//686 800//800 695//695
f 800//800 807//807 695//695
f 808//808 802//802 801//801
f 809//809 802//802 808//808
f 689//689 696//696 808//808
f 801//801 689//689 808//808
f 803//803 810//810 698//698
f 692//692 803//803 698//698
f 811//811 803//803 804//804
f 810//810 803//803 811//811
f 693//693 700//700 805//805
f 805//805 700//700 812//812
f 695//695 807//807 701//701
f 807//807 813//813 701//701
f 814//814 809//809 808//808
f 815//815 809//809 814//814
f 696//696 702//702 814//814
f 808//808 696//696 814//814
f 698//698 810//810 703//703
f 810//810 704//704 703//703
f 810//810 811//811 704//704
f 811//811 816//816 704//704
f 700//700 706//706 812//812
f 812//812 706//706 817//817
f 701//701 813//813 708//708
f 813//813 818//818 708//708
f 710//710 815//815 814//814
f 710//710 709//709 815//815
f 709//709 819//819 815//815
f 702//702 710//710 814//814
f 704//704 816//816 711//711
f 816//816 820//820 711//711
f 821//821 713//713 822//822
f 821//821 817//817 713//713
f 817//817 706//706 713//713
f 821//821 822//822 823//823
f 824//824 825//825 826//826
f 824//824 818//818 825//825
f 824//824 715//715 818//818
f 715//715 708//708 818//818
f 709//709 716//716 819//819
f 819//819 716//716 827//827
f 711//711 820//820 717//717
f 820//820 828//828 717//717
f 713//713 718//718 822//822
f 720//720 829//829 830//830
f 718//718 720//720 830//830
f 718//718 830//830 823//823
f 718//718 823//823 822//822
f 826//826 830//830 829//829
f 824//824 826//826 829//829
f 824//824 829//829 721//721
f 824//824 721//721 722//722
f 715//715 824//824 722//722
f 716//716 723//723 827//827
f 827//827 723//723 831//831
f 717//717 828//828 832//832
f 724//724 717//717 832//832
f 832//832 726//726 724//724
f 833//833 726//726 832//832
f 720//720 727//727 829//829
f 721//721 829//829 727//727
f 834//834 835//835 836//836
f 835//835 730//730 729//729
f 835//835 834//834 730//730
f 834//834 837//837 730//730
f 831//831 723//723 730//730
f 837//837 831//831 730//730
f 726//726 833//833 838//838
f 731//731 726//726 838//838
f 732//732 731//731 839//839
f 731//731 838//838 839//839
f 836//836 835//835 733//733
f 836//836 733//733 839//839
f 839//839 733//733 732//732
f 729//729 733//733 835//835
f 840//840 841//841 842//842
f 840//840 843//843 844//844
f 841//841 840//840 844//844
f 843//843 845//845 846//846
f 844//844 843//843 846//846
f 846//846 845//845 847//847
f 735//735 848//848 849//849
f 736//736 735//735 849//849
f 842//842 737//737 840//840
f 842//842 848//848 737//737
f 848//848 735//735 737//737
f 738//738 840//840 737//737
f 843//843 840//840 738//738
f 739//739 843//843 738//738
f 845//845 843//843 739//739
f 845//845 850//850 847//847
f 845//845 739//739 850//850
f 739//739 740//740 850//850
f 850//850 740//740 741//741
f 851//851 850//850 741//741
f 852//852 853//853 854//854
f 852//852 849//849 853//853
f 852//852 742//742 849//849
f 742//742 736//736 849//849
f 743//743 855//855 856//856
f 745//745 855//855 743//743
f 746//746 743//743 857//857
f 743//743 856//856 857//857
f 857//857 747//747 746//746
f 858//858 747//747 857//857
f 859//859 748//748 860//860
f 859//859 851//851 748//748
f 851//851 741//741 748//748
f 859//859 860//860 861//861
f 862//862 852//852 854//854
f 863//863 862//862 854//854
f 742//742 862//862 749//749
f 852//852 862//862 742//742
f 745//745 750//750 855//855
f 855//855 750//750 864//864
f 747//747 858//858 865//865
f 751//751 747//747 865//865
f 865//865 752//752 751//751
f 866//866 752//752 865//865
f 860//860 753//753 867//867
f 748//748 753//753 860//860
f 868//868 861//861 860//860
f 867//867 868//868 860//860
f 869//869 862//862 863//863
f 870//870 869//869 863//863
f 749//749 869//869 754//754
f 862//862 869//869 749//749
f 750//750 755//755 864//864
f 864//864 755//755 871//871
f 757//757 872//872 758//758
f 757//757 873//873 872//872
f 757//757 752//752 873//873
f 752//752 866//866 873//873
f 867//867 759//759 874//874
f 753//753 759//759 867//867
f 875//875 868//868 867//867
f 874//874 875//875 867//867
f 876//876 869//869 870//870
f 877//877 876//876 870//870
f 754//754 876//876 760//760
f 869//869 876//876 754//754
f 755//755 761//761 871//871
f 871//871 761//761 878//878
f 872//872 879//879 763//763
f 758//758 872//872 763//763
f 880//880 872//872 873//873
f 879//879 872//872 880//880
f 874//874 881//881 882//882
f 874//874 759//759 881//881
f 759//759 764//764 881//881
f 875//875 874//874 882//882
f 876//876 877//877 883//883
f 883//883 760//760 876//876
f 883//883 884//884 760//760
f 884//884 765//765 760//760
f 885//885 766//766 886//886
f 885//885 878//878 766//766
f 878//878 761//761 766//766
f 885//885 886//886 887//887
f 879//879 888//888 889//889
f 879//879 889//889 763//763
f 763//763 889//889 767//767
f 880//880 888//888 879//879
f 764//764 768//768 881//881
f 881//881 768//768 890//890
f 765//765 884//884 769//769
f 884//884 891//891 769//769
f 766//766 770//770 886//886
f 771//771 892//892 893//893
f 770//770 771//771 893//893
f 770//770 893//893 887//887
f 770//770 887//887 886//886
f 892//892 889//889 893//893
f 892//892 772//772 889//889
f 772//772 767//767 889//889
f 775//775 894//894 895//895
f 774//774 894//894 775//775
f 890//890 768//768 775//775
f 895//895 890//890 775//775
f 896//896 897//897 776//776
f 896//896 776//776 891//891
f 891//891 776//776 769//769
f 896//896 898//898 897//897
f 892//892 777//777 899//899
f 771//771 777//777 892//892
f 772//772 899//899 778//778
f 892//892 899//899 772//772
f 774//774 779//779 894//894
f 894//894 779//779 900//900
f 776//776 897//897 780//780
f 781//781 901//901 902//902
f 780//780 901//901 781//781
f 780//780 898//898 901//901
f 780//780 897//897 898//898
f 777//777 782//782 899//899
f 902//902 901//901 903//903
f 778//778 899//899 782//782
f 904//904 905//905 906//906
f 905//905 904//904 900//900
f 905//905 900//900 784//784
f 784//784 900//900 779//779
f 902//902 907//907 785//785
f 781//781 902//902 785//785
f 908//908 902//902 903//903
f 908//908 909//909 902//902
f 909//909 907//907 902//902
f 906//906 909//909 908//908
f 906//906 905//905 909//909
f 905//905 910//910 909//909
f 784//784 787//787 910//910
f 905//905 784//784 910//910
f 907//907 911//911 788//788
f 785//785 907//907 788//788
f 909//909 912//912 907//907
f 912//912 911//911 907//907
f 910//910 913//913 909//909
f 913//913 912//912 909//909
f 787//787 790//790 913//913
f 910//910 787//787 913//913
f 791//791 914//914 792//792
f 791//791 915//915 914//914
f 788//788 915//915 791//791
f 788//788 916//916 915//915
f 788//788 911//911 916//916
f 912//912 916//916 911//911
f 917//917 916//916 912//912
f 913//913 917//917 912//912
f 918//918 917//917 913//913
f 919//919 920//920 918//918
f 794//794 919//919 918//918
f 794//794 918//918 913//913
f 794//794 913//913 790//790
f 794//794 795//795 919//919
f 914//914 921//921 922//922
f 914//914 922//922 792//792
f 792//792 922//922 796//796
f 915//915 921//921 914//914
f 798//798 797//797 923//923
f 798//798 924//924 799//799
f 923//923 924//924 798//798
f 919//919 925//925 920//920
f 800//800 799//799 924//924
f 925//925 919//919 795//795
f 925//925 795//795 926//926
f 926//926 795//795 802//802
f 796//796 922//922 804//804
f 922//922 927//927 804//804
f 806//806 805//805 928//928
f 806//806 928//928 929//929
f 797//797 806//806 929//929
f 797//797 929//929 930//930
f 797//797 930//930 923//923
f 930//930 931//931 932//932
f 930//930 932//932 923//923
f 923//923 932//932 924//924
f 800//800 932//932 807//807
f 924//924 932//932 800//800
f 802//802 809//809 926//926
f 926//926 809//809 933//933
f 804//804 927//927 811//811
f 927//927 934//934 811//811
f 928//928 935//935 936//936
f 928//928 805//805 935//935
f 805//805 812//812 935//935
f 929//929 928//928 936//936
f 932//932 931//931 937//937
f 937//937 807//807 932//932
f 937//937 938//938 807//807
f 938//938 813//813 807//807
f 809//809 815//815 933//933
f 933//933 815//815 939//939
f 811//811 934//934 816//816
f 934//934 940//940 816//816
f 812//812 817//817 935//935
f 935//935 817//817 941//941
f 813//813 938//938 818//818
f 938//938 942//942 818//818
f 815//815 819//819 939//939
f 939//939 819//819 943//943
f 816//816 940//940 820//820
f 940//940 944//944 820//820
f 817//817 945//945 941//941
f 821//821 945//945 817//817
f 945//945 821//821 823//823
f 946//946 945//945 823//823
f 825//825 947//947 948//948
f 826//826 825//825 948//948
f 942//942 825//825 818//818
f 947//947 825//825 942//942
f 819//819 827//827 943//943
f 943//943 827//827 949//949
f 820//820 944//944 828//828
f 944//944 950//950 828//828
f 823//823 951//951 946//946
f 830//830 951//951 823//823
f 948//948 830//830 826//826
f 951//951 830//830 948//948
f 952//952 953//953 954//954
f 952//952 954//954 949//949
f 952//952 949//949 831//831
f 831//831 949//949 827//827
f 828//828 950//950 955//955
f 832//832 828//828 955//955
f 833//833 956//956 957//957
f 833//833 832//832 956//956
f 832//832 955//955 956//956
f 957//957 958//958 959//959
f 956//956 958//958 957//957
f 959//959 834//834 836//836
f 959//959 958//958 834//834
f 958//958 960//960 834//834
f 953//953 952//952 837//837
f 953//953 837//837 960//960
f 960//960 837//837 834//834
f 831//831 837//837 952//952
f 833//833 957//957 838//838
f 839//839 838//838 957//957
f 959//959 839//839 957//957
f 836//836 839//839 959//959
f 961//961 962//962 963//963
f 962//962 961//961 964//964
f 965//965 966//966 967//967
f 965//965 842//842 841//841
f 965//965 841//841 966//966
f 966//966 841//841 968//968
f 963//963 844//844 961//961
f 963//963 968//968 844//844
f 968//968 841//841 844//844
f 961//961 969//969 964//964
f 961//961 844//844 969//969
f 844//844 846//846 969//969
f 847//847 970//970 971//971
f 847//847 971//971 846//846
f 846//846 971//971 969//969
f 971//971 970//970 972//972
f 973//973 974//974 975//975
f 967//967 974//974 973//973
f 965//965 967//967 973//973
f 965//965 973//973 849//849
f 965//965 849//849 848//848
f 842//842 965//965 848//848
f 976//976 977//977 978//978
f 978//978 979//979 976//976
f 847//847 850//850 970//970
f 970//970 850//850 851//851
f 970//970 851//851 972//972
f 972//972 851//851 980//980
f 853//853 973//973 975//975
f 853//853 975//975 854//854
f 854//854 975//975 981//981
f 849//849 973//973 853//853
f 856//856 982//982 983//983
f 855//855 982//982 856//856
f 977//977 976//976 857//857
f 977//977 857//857 983//983
f 983//983 857//857 856//856
f 858//858 984//984 985//985
f 857//857 984//984 858//858
f 857//857 979//979 984//984
f 857//857 976//976 979//979
f 984//984 986//986 985//985
f 851//851 987//987 980//980
f 859//859 987//987 851//851
f 987//987 859//859 861//861
f 988//988 987//987 861//861
f 854//854 981//981 863//863
f 981//981 989//989 863//863
f 990//990 991//991 992//992
f 990//990 992//992 982//982
f 990//990 982//982 864//864
f 864//864 982//982 855//855
f 858//858 985//985 865//865
f 866//866 993//993 994//994
f 865//865 993//993 866//866
f 865//865 986//986 993//993
f 865//865 985//985 986//986
f 993//993 995//995 994//994
f 861//861 868//868 988//988
f 988//988 868//868 996//996
f 863//863 989//989 870//870
f 989//989 997//997 870//870
f 998//998 991//991 990//990
f 999//999 991//991 998//998
f 864//864 871//871 998//998
f 990//990 864//864 998//998
f 994//994 1000//1000 1001//1001
f 994//994 1001//1001 866//866
f 866//866 1001//1001 873//873
f 995//995 1000//1000 994//994
f 868//868 875//875 996//996
f 996//996 875//875 1002//1002
f 870//870 997//997 877//877
f 997//997 1003//1003 877//877
f 998//998 1004//1004 999//999
f 1004//1004 998//998 871//871
f 1004//1004 871//871 1005//1005
f 1005//1005 871//871 878//878
f 1006//1006 1007//1007 1008//1008
f 1006//1006 1001//1001 1007//1007
f 1006//1006 880//880 1001//1001
f 880//880 873//873 1001//1001
f 882//882 881//881 1009//1009
f 882//882 1009//1009 1010//1010
f 882//882 1010//1010 875//875
f 875//875 1010//1010 1002//1002
f 877//877 1003//1003 1011//1011
f 883//883 877//877 1011//1011
f 1011//1011 884//884 883//883
f 1012//1012 884//884 1011//1011
f 878//878 1013//1013 1005//1005
f 885//885 1013//1013 878//878
f 887//887 1014//1014 1015//1015
f 887//887 1015//1015 885//885
f 885//885 1015//1015 1013//1013
f 1008//1008 1015//1015 1014//1014
f 1006//1006 1008//1008 1014//1014
f 1006//1006 1014//1014 889//889
f 1006//1006 889//889 888//888
f 880//880 1006//1006 888//888
f 1009//1009 1016//1016 1017//1017
f 1009//1009 881//881 1016//1016
f 881//881 890//890 1016//1016
f 1010//1010 1009//1009 1017//1017
f 1018//1018 1019//1019 891//891
f 1018//1018 891//891 1012//1012
f 1012//1012 891//891 884//884
f 1018//1018 1020//1020 1019//1019
f 887//887 893//893 1014//1014
f 889//889 1014//1014 893//893
f 895//895 1021//1021 1022//1022
f 894//894 1021//1021 895//895
f 1016//1016 890//890 895//895
f 1022//1022 1016//1016 895//895
f 891//891 1019//1019 896//896
f 898//898 1023//1023 1024//1024
f 896//896 1023//1023 898//898
f 896//896 1020//1020 1023//1023
f 896//896 1019//1019 1020//1020
f 1024//1024 1025//1025 1026//1026
f 1023//1023 1025//1025 1024//1024
f 1026//1026 1027//1027 1028//1028
f 1025//1025 1027//1027 1026//1026
f 1028//1028 1027//1027 1021//1021
f 1028//1028 1021//1021 900//900
f 900//900 1021//1021 894//894
f 898//898 1024//1024 901//901
f 903//903 901//901 1024//1024
f 903//903 1024//1024 1029//1029
f 1029//1029 1024//1024 1026//1026
f 904//904 906//906 1029//1029
f 904//904 1029//1029 1028//1028
f 1028//1028 1029//1029 1026//1026
f 900//900 904//904 1028//1028
f 903//903 1029//1029 908//908
f 906//906 908//908 1029//1029
f 916//916 1030//1030 915//915
f 916//916 917//917 1031//1031
f 1030//1030 916//916 1031//1031
f 917//917 918//918 1032//1032
f 1031//1031 917//917 1032//1032
f 918//918 920//920 1032//1032
f 921//921 1033//1033 922//922
f 921//921 1034//1034 1033//1033
f 915//915 1034//1034 921//921
f 915//915 1035//1035 1034//1034
f 915//915 1030//1030 1035//1035
f 1031//1031 1035//1035 1030//1030
f 1036//1036 1035//1035 1031//1031
f 1032//1032 1036//1036 1031//1031
f 1037//1037 1036//1036 1032//1032
f 1038//1038 1039//1039 1037//1037
f 925//925 1038//1038 1037//1037
f 925//925 1037//1037 1032//1032
f 925//925 1032//1032 920//920
f 925//925 926//926 1038//1038
f 1033//1033 1040//1040 1041//1041
f 1033//1033 1041//1041 922//922
f 922//922 1041//1041 927//927
f 1034//1034 1040//1040 1033//1033
f 930//930 929//929 1042//1042
f 930//930 1042//1042 931//931
f 1038//1038 1043//1043 1039//1039
f 1043//1043 1038//1038 926//926
f 1043//1043 926//926 1044//1044
f 1044//1044 926//926 933//933
f 927//927 1041//1041 934//934
f 1041//1041 1045//1045 934//934
f 936//936 935//935 1046//1046
f 936//936 1046//1046 1047//1047
f 929//929 936//936 1047//1047
f 929//929 1047//1047 1048//1048
f 929//929 1048//1048 1042//1042
f 1049//1049 1048//1048 1050//1050
f 937//937 1048//1048 1049//1049
f 937//937 1042//1042 1048//1048
f 937//937 931//931 1042//1042
f 937//937 1049//1049 938//938
f 933//933 939//939 1044//1044
f 1044//1044 939//939 1051//1051
f 934//934 1045//1045 940//940
f 1045//1045 1052//1052 940//940
f 1046//1046 1053//1053 1054//1054
f 1046//1046 935//935 1053//1053
f 935//935 941//941 1053//1053
f 1047//1047 1046//1046 1054//1054
f 1049//1049 1050//1050 1055//1055
f 1055//1055 938//938 1049//1049
f 1055//1055 1056//1056 938//938
f 1056//1056 942//942 938//938
f 939//939 943//943 1051//1051
f 1051//1051 943//943 1057//1057
f 940//940 1052//1052 944//944
f 1052//1052 1058//1058 944//944
f 1059//1059 941//941 945//945
f 1059//1059 1060//1060 941//941
f 1060//1060 1053//1053 941//941
f 945//945 946//946 1059//1059
f 947//947 1061//1061 1062//1062
f 948//948 947//947 1062//1062
f 1056//1056 947//947 942//942
f 1061//1061 947//947 1056//1056
f 943//943 949//949 1057//1057
f 1057//1057 949//949 1063//1063
f 944//944 1058//1058 950//950
f 1058//1058 1064//1064 950//950
f 1059//1059 1065//1065 1060//1060
f 946//946 1065//1065 1059//1059
f 946//946 951//951 1065//1065
f 951//951 1066//1066 1065//1065
f 1062//1062 951//951 948//948
f 1066//1066 951//951 1062//1062
f 954//954 1067//1067 1068//1068
f 953//953 1067//1067 954//954
f 1063//1063 949//949 954//954
f 1068//1068 1063//1063 954//954
f 950//950 1064//1064 1069//1069
f 955//955 950//950 1069//1069
f 1070//1070 1069//1069 1071//1071
f 1070//1070 956//956 1069//1069
f 956//956 955//955 1069//1069
f 956//956 1072//1072 958//958
f 1070//1070 1072//1072 956//956
f 1073//1073 958//958 1072//1072
f 1073//1073 1074//1074 958//958
f 1074//1074 960//960 958//958
f 1067//1067 953//953 960//960
f 1074//1074 1067//1067 960//960
f 1070//1070 1071//1071 1075//1075
f 1072//1072 1070//1070 1075//1075
f 1076//1076 1072//1072 1075//1075
f 1073//1073 1072//1072 1076//1076
f 1077//1077 1078//1078 1079//1079
f 1078//1078 1077//1077 1080//1080
f 1081//1081 1082//1082 1083//1083
f 1079//1079 1082//1082 1081//1081
f 1079//1079 1081//1081 1077//1077
f 1077//1077 1081//1081 1084//1084
f 1085//1085 1080//1080 1077//1077
f 1085//1085 1077//1077 1086//1086
f 1086//1086 1077//1077 1084//1084
f 1086//1086 1087//1087 1088//1088
f 1085//1085 1086//1086 1088//1088
f 1088//1088 1087//1087 1089//1089
f 1090//1090 1081//1081 1083//1083
f 1091//1091 1090//1090 1083//1083
f 962//962 1090//1090 963//963
f 962//962 1084//1084 1090//1090
f 1084//1084 1081//1081 1090//1090
f 964//964 1084//1084 962//962
f 964//964 1092//1092 1084//1084
f 1092//1092 1086//1086 1084//1084
f 1087//1087 1086//1086 1093//1093
f 1093//1093 1086//1086 1092//1092
f 1094//1094 1089//1089 1087//1087
f 1093//1093 1094//1094 1087//1087
f 966//966 1095//1095 1096//1096
f 967//967 966//966 1096//1096
f 1091//1091 968//968 1090//1090
f 1091//1091 1095//1095 968//968
f 1095//1095 966//966 968//968
f 963//963 1090//1090 968//968
f 964//964 969//969 1092//1092
f 971//971 1092//1092 969//969
f 1093//1093 1092//1092 971//971
f 1093//1093 971//971 972//972
f 1093//1093 972//972 1094//1094
f 1094//1094 972//972 1097//1097
f 974//974 1098//1098 1099//1099
f 975//975 974//974 1099//1099
f 1096//1096 974//974 967//967
f 1098//1098 974//974 1096//1096
f 1100//1100 1101//1101 1102//1102
f 1100//1100 978//978 977//977
f 1100//1100 1102//1102 978//978
f 1102//1102 1103//1103 978//978
f 979//979 1104//1104 1105//1105
f 979//979 978//978 1104//1104
f 978//978 1103//1103 1104//1104
f 1104//1104 1106//1106 1105//1105
f 972//972 980//980 1097//1097
f 1097//1097 980//980 1107//1107
f 975//975 1099//1099 981//981
f 1099//1099 1108//1108 981//981
f 1109//1109 1110//1110 1111//1111
f 1101//1101 1109//1109 1111//1111
f 1100//1100 1109//1109 1101//1101
f 1100//1100 982//982 1109//1109
f 1100//1100 983//983 982//982
f 977//977 983//983 1100//1100
f 979//979 1105//1105 984//984
f 1105//1105 986//986 984//984
f 1105//1105 1106//1106 986//986
f 1106//1106 1112//1112 986//986
f 980//980 1113//1113 1107//1107
f 987//987 1113//1113 980//980
f 1113//1113 987//987 988//988
f 1114//1114 1113//1113 988//988
f 981//981 1108//1108 989//989
f 1108//1108 1115//1115 989//989
f 992//992 1110//1110 1109//1109
f 992//992 991//991 1110//1110
f 991//991 1116//1116 1110//1110
f 982//982 992//992 1109//1109
f 986//986 1112//1112 1117//1117
f 993//993 986//986 1117//1117
f 1117//1117 995//995 993//993
f 1118//1118 995//995 1117//1117
f 988//988 996//996 1114//1114
f 1114//1114 996//996 1119//1119
f 989//989 1115//1115 997//997
f 1115//1115 1120//1120 997//997
f 991//991 999//999 1116//1116
f 1116//1116 999//999 1121//1121
f 1000//1000 1122//1122 1001//1001
f 1000//1000 1123//1123 1122//1122
f 1000//1000 995//995 1123//1123
f 995//995 1118//1118 1123//1123
f 996//996 1002//1002 1119//1119
f 1119//1119 1002//1002 1124//1124
f 997//997 1120//1120 1003//1003
f 1120//1120 1125//1125 1003//1003
f 999//999 1126//1126 1121//1121
f 1004//1004 1126//1126 999//999
f 1126//1126 1004//1004 1005//1005
f 1127//1127 1126//1126 1005//1005
f 1007//1007 1128//1128 1008//1008
f 1007//1007 1129//1129 1128//1128
f 1001//1001 1129//1129 1007//1007
f 1001//1001 1130//1130 1129//1129
f 1001//1001 1122//1122 1130//1130
f 1123//1123 1130//1130 1122//1122
f 1002//1002 1010//1010 1124//1124
f 1124//1124 1010//1010 1131//1131
f 1003//1003 1125//1125 1132//1132
f 1011//1011 1003//1003 1132//1132
f 1132//1132 1012//1012 1011//1011
f 1133//1133 1012//1012 1132//1132
f 1005//1005 1134//1134 1127//1127
f 1013//1013 1134//1134 1005//1005
f 1015//1015 1135//1135 1013//1013
f 1013//1013 1135//1135 1134//1134
f 1128//1128 1015//1015 1008//1008
f 1128//1128 1136//1136 1015//1015
f 1136//1136 1135//1135 1015//1015
f 1129//1129 1136//1136 1128//1128
f 1017//1017 1137//1137 1138//1138
f 1016//1016 1137//1137 1017//1017
f 1131//1131 1010//1010 1017//1017
f 1138//1138 1131//1131 1017//1017
f 1012//1012 1133//1133 1139//1139
f 1018//1018 1012//1012 1139//1139
f 1020//1020 1140//1140 1141//1141
f 1020//1020 1018//1018 1140//1140
f 1018//1018 1139//1139 1140//1140
f 1141//1141 1142//1142 1143//1143
f 1140//1140 1142//1142 1141//1141
f 1143//1143 1144//1144 1145//1145
f 1142//1142 1144//1144 1143//1143
f 1145//1145 1022//1022 1021//1021
f 1145//1145 1144//1144 1022//1022
f 1144//1144 1146//1146 1022//1022
f 1137//1137 1016//1016 1022//1022
f 1146//1146 1137//1137 1022//1022
f 1020//1020 1141//1141 1023//1023
f 1025//1025 1023//1023 1141//1141
f 1143//1143 1025//1025 1141//1141
f 1027//1027 1025//1025 1143//1143
f 1145//1145 1027//1027 1143//1143
f 1021//1021 1027//1027 1145//1145
f 1035//1035 1147//1147 1034//1034
f 1035//1035 1036//1036 1148//1148
f 1147//1147 1035//1035 1148//1148
f 1036//1036 1037//1037 1149//1149
f 1148//1148 1036//1036 1149//1149
f 1037//1037 1039//1039 1149//1149
f 1040//1040 1150//1150 1151//1151
f 1041//1041 1040//1040 1151//1151
f 1147//1147 1040//1040 1034//1034
f 1147//1147 1152//1152 1040//1040
f 1152//1152 1150//1150 1040//1040
f 1148//1148 1152//1152 1147//1147
f 1153//1153 1152//1152 1148//1148
f 1149//1149 1153//1153 1148//1148
f 1154//1154 1153//1153 1149//1149
f 1155//1155 1156//1156 1154//1154
f 1043//1043 1155//1155 1154//1154
f 1043//1043 1154//1154 1149//1149
f 1043//1043 1149//1149 1039//1039
f 1043//1043 1044//1044 1155//1155
f 1041//1041 1151//1151 1045//1045
f 1151//1151 1157//1157 1045//1045
f 1048//1048 1158//1158 1159//1159
f 1047//1047 1158//1158 1048//1048
f 1159//1159 1050//1050 1048//1048
f 1160//1160 1050//1050 1159//1159
f 1155//1155 1161//1161 1156//1156
f 1161//1161 1155//1155 1044//1044
f 1161//1161 1044//1044 1162//1162
f 1162//1162 1044//1044 1051//1051
f 1045//1045 1157//1157 1052//1052
f 1157//1157 1163//1163 1052//1052
f 1054//1054 1164//1164 1165//1165
f 1053//1053 1164//1164 1054//1054
f 1158//1158 1047//1047 1054//1054
f 1165//1165 1158//1158 1054//1054
f 1050//1050 1160//1160 1166//1166
f 1055//1055 1050//1050 1166//1166
f 1166//1166 1056//1056 1055//1055
f 1167//1167 1056//1056 1166//1166
f 1051//1051 1057//1057 1162//1162
f 1162//1162 1057//1057 1168//1168
f 1052//1052 1163//1163 1058//1058
f 1163//1163 1169//1169 1058//1058
f 1053//1053 1060//1060 1164//1164
f 1164//1164 1060//1060 1170//1170
f 1061//1061 1171//1171 1172//1172
f 1062//1062 1061//1061 1172//1172
f 1167//1167 1061//1061 1056//1056
f 1171//1171 1061//1061 1167//1167
f 1057//1057 1063//1063 1168//1168
f 1168//1168 1063//1063 1173//1173
f 1058//1058 1169//1169 1064//1064
f 1169//1169 1174//1174 1064//1064
f 1060//1060 1175//1175 1170//1170
f 1065//1065 1175//1175 1060//1060
f 1066//1066 1176//1176 1065//1065
f 1065//1065 1176//1176 1175//1175
f 1172//1172 1066//1066 1062//1062
f 1176//1176 1066//1066 1172//1172
f 1068//1068 1177//1177 1178//1178
f 1067//1067 1177//1177 1068//1068
f 1173//1173 1063//1063 1068//1068
f 1178//1178 1173//1173 1068//1068
f 1064//1064 1174//1174 1179//1179
f 1069//1069 1064//1064 1179//1179
f 1071//1071 1180//1180 1181//1181
f 1071//1071 1069//1069 1180//1180
f 1069//1069 1179//1179 1180//1180
f 1180//1180 1182//1182 1181//1181
f 1074//1074 1183//1183 1184//1184
f 1073//1073 1183//1183 1074//1074
f 1177//1177 1067//1067 1074//1074
f 1184//1184 1177//1177 1074//1074
f 1071//1071 1181//1181 1075//1075
f 1181//1181 1182//1182 1185//1185
f 1181//1181 1185//1185 1075//1075
f 1075//1075 1185//1185 1076//1076
f 1183//1183 1073//1073 1076//1076
f 1185//1185 1183//1183 1076//1076
f 1186//1186 1187//1187 1188//1188
f 1186//1186 1189//1189 1190//1190
f 1187//1187 1186//1186 1190//1190
f 1189//1189 1079//1079 1078//1078
f 1189//1189 1078//1078 1190//1190
f 1190//1190 1078//1078 1191//1191
f 1080//1080 1192//1192 1193//1193
f 1080//1080 1193//1193 1078//1078
f 1078//1078 1193//1193 1191//1191
f 1192//1192 1194//1194 1195//1195
f 1193//1193 1192//1192 1195//1195
f 1195//1195 1194//1194 1196//1196
f 1197//1197 1186//1186 1188//1188
f 1198//1198 1197//1197 1188//1188
f 1082//1082 1197//1197 1083//1083
f 1082//1082 1189//1189 1197//1197
f 1189//1189 1186//1186 1197//1197
f 1079//1079 1189//1189 1082//1082
f 1080//1080 1085//1085 1192//1192
f 1088//1088 1192//1192 1085//1085
f 1194//1194 1192//1192 1088//1088
f 1194//1194 1088//1088 1089//1089
f 1194//1194 1089//1089 1196//1196
f 1196//1196 1089//1089 1199//1199
f 1200//1200 1197//1197 1198//1198
f 1201//1201 1200//1200 1198//1198
f 1083//1083 1200//1200 1091//1091
f 1197//1197 1200//1200 1083//1083
f 1202//1202 1203//1203 1204//1204
f 1202//1202 1205//1205 1206//1206
f 1204//1204 1205//1205 1202//1202
f 1205//1205 1207//1207 1206//1206
f 1089//1089 1094//1094 1199//1199
f 1199//1199 1094//1094 1208//1208
f 1095//1095 1200//1200 1201//1201
f 1095//1095 1201//1201 1096//1096
f 1096//1096 1201//1201 1209//1209
f 1091//1091 1200//1200 1095//1095
f 1210//1210 1203//1203 1202//1202
f 1211//1211 1203//1203 1210//1210
f 1206//1206 1212//1212 1202//1202
f 1212//1212 1210//1210 1202//1202
f 1213//1213 1206//1206 1207//1207
f 1212//1212 1206//1206 1213//1213
f 1094//1094 1097//1097 1208//1208
f 1208//1208 1097//1097 1214//1214
f 1098//1098 1215//1215 1216//1216
f 1099//1099 1098//1098 1216//1216
f 1209//1209 1098//1098 1096//1096
f 1215//1215 1098//1098 1209//1209
f 1102//1102 1217//1217 1218//1218
f 1101//1101 1217//1217 1102//1102
f 1211//1211 1210//1210 1103//1103
f 1211//1211 1103//1103 1218//1218
f 1218//1218 1103//1103 1102//1102
f 1103//1103 1219//1219 1104//1104
f 1103//1103 1220//1220 1219//1219
f 1220//1220 1103//1103 1221//1221
f 1210//1210 1221//1221 1103//1103
f 1221//1221 1210//1210 1222//1222
f 1219//1219 1222//1222 1210//1210
f 1210//1210 1212//1212 1219//1219
f 1219//1219 1212//1212 1104//1104
f 1220//1220 1222//1222 1219//1219
f 1106//1106 1222//1222 1220//1220
f 1106//1106 1213//1213 1222//1222
f 1106//1106 1104//1104 1212//1212
f 1213//1213 1106//1106 1212//1212
f 1097//1097 1107//1107 1214//1214
f 1214//1214 1107//1107 1223//1223
f 1099//1099 1216//1216 1108//1108
f 1216//1216 1224//1224 1108//1108
f 1111//1111 1110//1110 1225//1225
f 1111//1111 1225//1225 1226//1226
f 1111//1111 1226//1226 1101//1101
f 1101//1101 1226//1226 1217//1217
f 1220//1220 1221//1221 1227//1227
f 1227//1227 1106//1106 1220//1220
f 1227//1227 1228//1228 1106//1106
f 1228//1228 1112//1112 1106//1106
f 1107//1107 1229//1229 1223//1223
f 1113//1113 1229//1229 1107//1107
f 1229//1229 1113//1113 1114//1114
f 1230//1230 1229//1229 1114//1114
f 1108//1108 1224//1224 1115//1115
f 1224//1224 1231//1231 1115//1115
f 1225//1225 1232//1232 1233//1233
f 1225//1225 1110//1110 1232//1232
f 1110//1110 1116//1116 1232//1232
f 1226//1226 1225//1225 1233//1233
f 1234//1234 1117//1117 1112//1112
f 1234//1234 1112//1112 1235//1235
f 1235//1235 1112//1112 1228//1228
f 1117//1117 1234//1234 1118//1118
f 1114//1114 1119//1119 1230//1230
f 1230//1230 1119//1119 1236//1236
f 1115//1115 1231//1231 1120//1120
f 1231//1231 1237//1237 1120//1120
f 1116//1116 1121//1121 1232//1232
f 1232//1232 1121//1121 1238//1238
f 1239//1239 1234//1234 1235//1235
f 1240//1240 1239//1239 1235//1235
f 1118//1118 1239//1239 1123//1123
f 1234//1234 1239//1239 1118//1118
f 1119//1119 1124//1124 1236//1236
f 1236//1236 1124//1124 1241//1241
f 1120//1120 1237//1237 1125//1125
f 1237//1237 1242//1242 1125//1125
f 1121//1121 1243//1243 1238//1238
f 1126//1126 1243//1243 1121//1121
f 1127//1127 1244//1244 1245//1245
f 1127//1127 1245//1245 1126//1126
f 1126//1126 1245//1245 1243//1243
f 1245//1245 1244//1244 1246//1246
f 1247//1247 1248//1248 1249//1249
f 1240//1240 1248//1248 1247//1247
f 1239//1239 1240//1240 1247//1247
f 1239//1239 1247//1247 1129//1129
f 1239//1239 1129//1129 1130//1130
f 1123//1123 1239//1239 1130//1130
f 1124//1124 1131//1131 1241//1241
f 1241//1241 1131//1131 1250//1250
f 1125//1125 1242//1242 1251//1251
f 1132//1132 1125//1125 1251//1251
f 1251//1251 1133//1133 1132//1132
f 1252//1252 1133//1133 1251//1251
f 1127//1127 1134//1134 1244//1244
f 1244//1244 1253//1253 1246//1246
f 1244//1244 1134//1134 1253//1253
f 1134//1134 1135//1135 1253//1253
f 1249//1249 1136//1136 1247//1247
f 1249//1249 1253//1253 1136//1136
f 1253//1253 1135//1135 1136//1136
f 1129//1129 1247//1247 1136//1136
f 1138//1138 1254//1254 1255//1255
f 1137//1137 1254//1254 1138//1138
f 1250//1250 1131//1131 1138//1138
f 1255//1255 1250//1250 1138//1138
f 1133//1133 1252//1252 1256//1256
f 1139//1139 1133//1133 1256//1256
f 1140//1140 1139//1139 1257//1257
f 1139//1139 1256//1256 1257//1257
f 1142//1142 1140//1140 1258//1258
f 1140//1140 1257//1257 1258//1258
f 1144//1144 1142//1142 1259//1259
f 1142//1142 1258//1258 1259//1259
f 1146//1146 1144//1144 1260//1260
f 1144//1144 1259//1259 1260//1260
f 1254//1254 1137//1137 1146//1146
f 1260//1260 1254//1254 1146//1146
f 1150//1150 1261//1261 1262//1262
f 1151//1151 1150//1150 1262//1262
f 1152//1152 1263//1263 1150//1150
f 1150//1150 1263//1263 1261//1261
f 1153//1153 1264//1264 1152//1152
f 1152//1152 1264//1264 1263//1263
f 1154//1154 1265//1265 1153//1153
f 1153//1153 1265//1265 1264//1264
f 1156//1156 1266//1266 1267//1267
f 1156//1156 1267//1267 1154//1154
f 1154//1154 1267//1267 1265//1265
f 1267//1267 1266//1266 1268//1268
f 1151//1151 1262//1262 1157//1157
f 1262//1262 1269//1269 1157//1157
f 1270//1270 1271//1271 1272//1272
f 1270//1270 1159//1159 1158//1158
f 1270//1270 1272//1272 1159//1159
f 1272//1272 1273//1273 1159//1159
f 1273//1273 1160//1160 1159//1159
f 1274//1274 1160//1160 1273//1273
f 1156//1156 1161//1161 1266//1266
f 1266//1266 1161//1161 1162//1162
f 1266//1266 1162//1162 1268//1268
f 1268//1268 1162//1162 1275//1275
f 1157//1157 1269//1269 1163//1163
f 1269//1269 1276//1276 1163//1163
f 1165//1165 1271//1271 1270//1270
f 1165//1165 1164//1164 1271//1271
f 1164//1164 1277//1277 1271//1271
f 1158//1158 1165//1165 1270//1270
f 1160//1160 1274//1274 1278//1278
f 1166//1166 1160//1160 1278//1278
f 1278//1278 1167//1167 1166//1166
f 1279//1279 1167//1167 1278//1278
f 1162//1162 1168//1168 1275//1275
f 1275//1275 1168//1168 1280//1280
f 1163//1163 1276//1276 1169//1169
f 1276//1276 1281//1281 1169//1169
f 1282//1282 1170//1170 1283//1283
f 1282//1282 1277//1277 1170//1170
f 1277//1277 1164//1164 1170//1170
f 1283//1283 1284//1284 1285//1285
f 1282//1282 1283//1283 1285//1285
f 1284//1284 1172//1172 1171//1171
f 1284//1284 1171//1171 1285//1285
f 1285//1285 1171//1171 1286//1286
f 1279//1279 1171//1171 1167//1167
f 1286//1286 1171//1171 1279//1279
f 1168//1168 1173//1173 1280//1280
f 1280//1280 1173//1173 1287//1287
f 1169//1169 1281//1281 1174//1174
f 1281//1281 1288//1288 1174//1174
f 1170//1170 1175//1175 1283//1283
f 1176//1176 1283//1283 1175//1175
f 1284//1284 1283//1283 1176//1176
f 1172//1172 1284//1284 1176//1176
f 1178//1178 1289//1289 1290//1290
f 1177//1177 1289//1289 1178//1178
f 1287//1287 1173//1173 1178//1178
f 1290//1290 1287//1287 1178//1178
f 1174//1174 1288//1288 1291//1291
f 1179//1179 1174//1174 1291//1291
f 1180//1180 1179//1179 1292//1292
f 1179//1179 1291//1291 1292//1292
f 1182//1182 1293//1293 1294//1294
f 1182//1182 1180//1180 1293//1293
f 1180//1180 1292//1292 1293//1293
f 1294//1294 1184//1184 1183//1183
f 1294//1294 1293//1293 1184//1184
f 1293//1293 1295//1295 1184//1184
f 1289//1289 1177//1177 1184//1184
f 1295//1295 1289//1289 1184//1184
f 1182//1182 1294//1294 1185//1185
f 1183//1183 1185//1185 1294//1294
f 1187//1187 1296//1296 1297//1297
f 1188//1188 1187//1187 1297//1297
f 1190//1190 1298//1298 1187//1187
f 1187//1187 1298//1298 1296//1296
f 1191//1191 1299//1299 1190//1190
f 1190//1190 1299//1299 1298//1298
f 1193//1193 1300//1300 1191//1191
f 1191//1191 1300//1300 1299//1299
f 1195//1195 1301//1301 1193//1193
f 1193//1193 1301//1301 1300//1300
f 1301//1301 1195//1195 1196//1196
f 1302//1302 1301//1301 1196//1196
f 1303//1303 1304//1304 1305//1305
f 1303//1303 1297//1297 1304//1304
f 1303//1303 1198//1198 1297//1297
f 1198//1198 1188//1188 1297//1297
f 1306//1306 1307//1307 1308//1308
f 1306//1306 1309//1309 1310//1310
f 1308//1308 1309//1309 1306//1306
f 1310//1310 1311//1311 1312//1312
f 1309//1309 1311//1311 1310//1310
f 1311//1311 1313//1313 1312//1312
f 1196//1196 1199//1199 1302//1302
f 1302//1302 1199//1199 1314//1314
f 1315//1315 1303//1303 1305//1305
f 1316//1316 1315//1315 1305//1305
f 1198//1198 1315//1315 1201//1201
f 1303//1303 1315//1315 1198//1198
f 1317//1317 1307//1307 1306//1306
f 1318//1318 1307//1307 1317//1317
f 1204//1204 1203//1203 1317//1317
f 1204//1204 1317//1317 1310//1310
f 1310//1310 1317//1317 1306//1306
f 1205//1205 1204//1204 1310//1310
f 1312//1312 1205//1205 1310//1310
f 1312//1312 1207//1207 1205//1205
f 1312//1312 1313//1313 1207//1207
f 1313//1313 1319//1319 1207//1207
f 1320//1320 1208//1208 1321//1321
f 1320//1320 1314//1314 1208//1208
f 1314//1314 1199//1199 1208//1208
f 1320//1320 1321//1321 1322//1322
f 1323//1323 1315//1315 1316//1316
f 1324//1324 1323//1323 1316//1316
f 1201//1201 1323//1323 1209//1209
f 1315//1315 1323//1323 1201//1201
f 1325//1325 1318//1318 1317//1317
f 1326//1326 1318//1318 1325//1325
f 1203//1203 1211//1211 1325//1325
f 1317//1317 1203//1203 1325//1325
f 1207//1207 1319//1319 1213//1213
f 1319//1319 1327//1327 1213//1213
f 1321//1321 1214//1214 1328//1328
f 1208//1208 1214//1214 1321//1321
f 1329//1329 1322//1322 1321//1321
f 1328//1328 1329//1329 1321//1321
f 1330//1330 1216//1216 1215//1215
f 1324//1324 1331//1331 1323//1323
f 1332//1332 1323//1323 1331//1331
f 1332//1332 1209//1209 1323//1323
f 1332//1332 1330//1330 1215//1215
f 1209//1209 1332//1332 1215//1215
f 1326//1326 1333//1333 1334//1334
f 1326//1326 1217//1217 1333//1333
f 1326//1326 1325//1325 1218//1218
f 1217//1217 1326//1326 1218//1218
f 1325//1325 1211//1211 1218//1218
f 1335//1335 1334//1334 1333//1333
f 1222//1222 1336//1336 1337//1337
f 1221//1221 1222//1222 1337//1337
f 1327//1327 1222//1222 1213//1213
f 1336//1336 1222//1222 1327//1327
f 1328//1328 1338//1338 1339//1339
f 1328//1328 1214//1214 1338//1338
f 1214//1214 1223//1223 1338//1338
f 1329//1329 1328//1328 1339//1339
f 1330//1330 1340//1340 1341//1341
f 1330//1330 1341//1341 1216//1216
f 1216//1216 1341//1341 1224//1224
f 1332//1332 1340//1340 1330//1330
f 1333//1333 1226//1226 1342//1342
f 1217//1217 1226//1226 1333//1333
f 1343//1343 1335//1335 1333//1333
f 1342//1342 1343//1343 1333//1333
f 1344//1344 1227//1227 1221//1221
f 1344//1344 1221//1221 1345//1345
f 1345//1345 1221//1221 1337//1337
f 1227//1227 1344//1344 1228//1228
f 1346//1346 1223//1223 1229//1229
f 1346//1346 1347//1347 1223//1223
f 1347//1347 1338//1338 1223//1223
f 1229//1229 1230//1230 1346//1346
f 1224//1224 1341//1341 1231//1231
f 1341//1341 1348//1348 1231//1231
f 1233//1233 1232//1232 1349//1349
f 1233//1233 1349//1349 1350//1350
f 1226//1226 1233//1233 1350//1350
f 1226//1226 1350//1350 1351//1351
f 1226//1226 1351//1351 1342//1342
f 1343//1343 1342//1342 1351//1351
f 1344//1344 1345//1345 1352//1352
f 1352//1352 1228//1228 1344//1344
f 1352//1352 1353//1353 1228//1228
f 1353//1353 1235//1235 1228//1228
f 1354//1354 1347//1347 1346//1346
f 1355//1355 1347//1347 1354//1354
f 1230//1230 1236//1236 1354//1354
f 1346//1346 1230//1230 1354//1354
f 1231//1231 1348//1348 1237//1237
f 1348//1348 1356//1356 1237//1237
f 1349//1349 1238//1238 1357//1357
f 1232//1232 1238//1238 1349//1349
f 1358//1358 1350//1350 1349//1349
f 1358//1358 1349//1349 1359//1359
f 1359//1359 1349//1349 1357//1357
f 1358//1358 1359//1359 1360//1360
f 1361//1361 1362//1362 1363//1363
f 1361//1361 1353//1353 1362//1362
f 1361//1361 1240//1240 1353//1353
f 1240//1240 1235//1235 1353//1353
f 1364//1364 1355//1355 1354//1354
f 1365//1365 1355//1355 1364//1364
f 1236//1236 1241//1241 1364//1364
f 1354//1354 1236//1236 1364//1364
f 1237//1237 1356//1356 1242//1242
f 1356//1356 1366//1366 1242//1242
f 1238//1238 1243//1243 1357//1357
f 1245//1245 1357//1357 1243//1243
f 1359//1359 1357//1357 1245//1245
f 1246//1246 1367//1367 1368//1368
f 1245//1245 1246//1246 1368//1368
f 1245//1245 1368//1368 1360//1360
f 1245//1245 1360//1360 1359//1359
f 1363//1363 1368//1368 1367//1367
f 1361//1361 1363//1363 1367//1367
f 1361//1361 1367//1367 1249//1249
f 1361//1361 1249//1249 1248//1248
f 1240//1240 1361//1361 1248//1248
f 1369//1369 1365//1365 1364//1364
f 1370//1370 1365//1365 1369//1369
f 1241//1241 1250//1250 1369//1369
f 1364//1364 1241//1241 1369//1369
f 1242//1242 1366//1366 1371//1371
f 1251//1251 1242//1242 1371//1371
f 1252//1252 1372//1372 1373//1373
f 1252//1252 1251//1251 1372//1372
f 1251//1251 1371//1371 1372//1372
f 1372//1372 1374//1374 1373//1373
f 1246//1246 1253//1253 1367//1367
f 1249//1249 1367//1367 1253//1253
f 1375//1375 1376//1376 1377//1377
f 1370//1370 1375//1375 1377//1377
f 1369//1369 1375//1375 1370//1370
f 1369//1369 1254//1254 1375//1375
f 1369//1369 1255//1255 1254//1254
f 1250//1250 1255//1255 1369//1369
f 1252//1252 1373//1373 1256//1256
f 1373//1373 1374//1374 1378//1378
f 1373//1373 1378//1378 1256//1256
f 1256//1256 1378//1378 1257//1257
f 1258//1258 1257//1257 1379//1379
f 1257//1257 1378//1378 1379//1379
f 1259//1259 1258//1258 1380//1380
f 1258//1258 1379//1379 1380//1380
f 1376//1376 1375//1375 1260//1260
f 1376//1376 1260//1260 1380//1380
f 1380//1380 1260//1260 1259//1259
f 1254//1254 1260//1260 1375//1375
f 1381//1381 1382//1382 1383//1383
f 1381//1381 1384//1384 1385//1385
f 1382//1382 1381//1381 1385//1385
f 1384//1384 1386//1386 1387//1387
f 1385//1385 1384//1384 1387//1387
f 1387//1387 1386//1386 1388//1388
f 1261//1261 1389//1389 1390//1390
f 1262//1262 1261//1261 1390//1390
f 1383//1383 1263//1263 1381//1381
f 1383//1383 1389//1389 1263//1263
f 1389//1389 1261//1261 1263//1263
f 1264//1264 1381//1381 1263//1263
f 1384//1384 1381//1381 1264//1264
f 1265//1265 1384//1384 1264//1264
f 1386//1386 1384//1384 1265//1265
f 1386//1386 1265//1265 1267//1267
f 1386//1386 1267//1267 1391//1391
f 1386//1386 1391//1391 1388//1388
f 1391//1391 1267//1267 1392//1392
f 1267//1267 1268//1268 1392//1392
f 1262//1262 1390//1390 1269//1269
f 1390//1390 1393//1393 1269//1269
f 1272//1272 1271//1271 1394//1394
f 1395//1395 1272//1272 1394//1394
f 1395//1395 1396//1396 1272//1272
f 1396//1396 1273//1273 1272//1272
f 1396//1396 1274//1274 1273//1273
f 1397//1397 1274//1274 1396//1396
f 1392//1392 1398//1398 1391//1391
f 1398//1398 1392//1392 1268//1268
f 1398//1398 1268//1268 1399//1399
f 1399//1399 1268//1268 1275//1275
f 1269//1269 1393//1393 1276//1276
f 1393//1393 1400//1400 1276//1276
f 1394//1394 1277//1277 1401//1401
f 1271//1271 1277//1277 1394//1394
f 1402//1402 1395//1395 1394//1394
f 1401//1401 1402//1402 1394//1394
f 1403//1403 1278//1278 1274//1274
f 1403//1403 1274//1274 1404//1404
f 1404//1404 1274//1274 1397//1397
f 1278//1278 1403//1403 1279//1279
f 1275//1275 1280//1280 1399//1399
f 1399//1399 1280//1280 1405//1405
f 1276//1276 1400//1400 1281//1281
f 1400//1400 1406//1406 1281//1281
f 1277//1277 1282//1282 1401//1401
f 1401//1401 1407//1407 1402//1402
f 1401//1401 1282//1282 1407//1407
f 1282//1282 1285//1285 1407//1407
f 1404//1404 1286//1286 1403//1403
f 1404//1404 1407//1407 1286//1286
f 1407//1407 1285//1285 1286//1286
f 1279//1279 1403//1403 1286//1286
f 1280//1280 1287//1287 1405//1405
f 1405//1405 1287//1287 1408//1408
f 1409//1409 1410//1410 1288//1288
f 1409//1409 1288//1288 1406//1406
f 1406//1406 1288//1288 1281//1281
f 1410//1410 1411//1411 1412//1412
f 1409//1409 1411//1411 1410//1410
f 1412//1412 1413//1413 1414//1414
f 1411//1411 1413//1413 1412//1412
f 1414//1414 1415//1415 1416//1416
f 1413//1413 1415//1415 1414//1414
f 1416//1416 1290//1290 1289//1289
f 1416//1416 1415//1415 1290//1290
f 1415//1415 1417//1417 1290//1290
f 1408//1408 1287//1287 1290//1290
f 1417//1417 1408//1408 1290//1290
f 1288//1288 1410//1410 1291//1291
f 1292//1292 1291//1291 1410//1410
f 1412//1412 1292//1292 1410//1410
f 1293//1293 1292//1292 1412//1412
f 1414//1414 1293//1293 1412//1412
f 1295//1295 1293//1293 1414//1414
f 1416//1416 1295//1295 1414//1414
f 1289//1289 1295//1295 1416//1416
f 1296//1296 1418//1418 1419//1419
f 1297//1297 1296//1296 1419//1419
f 1298//1298 1420//1420 1296//1296
f 1296//1296 1420//1420 1418//1418
f 1299//1299 1421//1421 1298//1298
f 1298//1298 1421//1421 1420//1420
f 1300//1300 1422//1422 1299//1299
f 1299//1299 1422//1422 1421//1421
f 1301//1301 1423//1423 1300//1300
f 1300//1300 1423//1423 1422//1422
f 1423//1423 1301//1301 1302//1302
f 1424//1424 1423//1423 1302//1302
f 1304//1304 1425//1425 1426//1426
f 1305//1305 1304//1304 1426//1426
f 1419//1419 1304//1304 1297//1297
f 1425//1425 1304//1304 1419//1419
f 1308//1308 1427//1427 1428//1428
f 1307//1307 1427//1427 1308//1308
f 1309//1309 1308//1308 1429//1429
f 1308//1308 1428//1428 1429//1429
f 1311//1311 1309//1309 1430//1430
f 1309//1309 1429//1429 1430//1430
f 1430//1430 1313//1313 1311//1311
f 1431//1431 1313//1313 1430//1430
f 1302//1302 1314//1314 1424//1424
f 1424//1424 1314//1314 1432//1432
f 1305//1305 1426//1426 1316//1316
f 1426//1426 1433//1433 1316//1316
f 1307//1307 1318//1318 1427//1427
f 1427//1427 1318//1318 1434//1434
f 1313//1313 1431//1431 1319//1319
f 1431//1431 1435//1435 1319//1319
f 1314//1314 1436//1436 1432//1432
f 1320//1320 1436//1436 1314//1314
f 1436//1436 1320//1320 1322//1322
f 1437//1437 1436//1436 1322//1322
f 1316//1316 1433//1433 1324//1324
f 1433//1433 1438//1438 1324//1324
f 1318//1318 1326//1326 1434//1434
f 1434//1434 1326//1326 1439//1439
f 1319//1319 1435//1435 1327//1327
f 1435//1435 1440//1440 1327//1327
f 1322//1322 1329//1329 1437//1437
f 1437//1437 1329//1329 1441//1441
f 1324//1324 1438//1438 1442//1442
f 1331//1331 1324//1324 1442//1442
f 1442//1442 1332//1332 1331//1331
f 1443//1443 1332//1332 1442//1442
f 1326//1326 1444//1444 1439//1439
f 1334//1334 1444//1444 1326//1326
f 1335//1335 1445//1445 1446//1446
f 1335//1335 1446//1446 1334//1334
f 1334//1334 1446//1446 1444//1444
f 1445//1445 1337//1337 1336//1336
f 1445//1445 1336//1336 1446//1446
f 1446//1446 1336//1336 1447//1447
f 1440//1440 1336//1336 1327//1327
f 1447//1447 1336//1336 1440//1440
f 1339//1339 1448//1448 1449//1449
f 1338//1338 1448//1448 1339//1339
f 1441//1441 1329//1329 1339//1339
f 1449//1449 1441//1441 1339//1339
f 1340//1340 1450//1450 1341//1341
f 1340//1340 1451//1451 1450//1450
f 1340//1340 1332//1332 1451//1451
f 1332//1332 1443//1443 1451//1451
f 1445//1445 1343//1343 1452//1452
f 1335//1335 1343//1343 1445//1445
f 1337//1337 1452//1452 1345//1345
f 1445//1445 1452//1452 1337//1337
f 1453//1453 1454//1454 1455//1455
f 1453//1453 1455//1455 1448//1448
f 1453//1453 1448//1448 1347//1347
f 1347//1347 1448//1448 1338//1338
f 1450//1450 1456//1456 1348//1348
f 1341//1341 1450//1450 1348//1348
f 1457//1457 1450//1450 1451//1451
f 1456//1456 1450//1450 1457//1457
f 1351//1351 1350//1350 1458//1458
f 1351//1351 1452//1452 1343//1343
f 1351//1351 1458//1458 1452//1452
f 1458//1458 1459//1459 1452//1452
f 1345//1345 1460//1460 1352//1352
f 1345//1345 1452//1452 1460//1460
f 1452//1452 1459//1459 1460//1460
f 1453//1453 1461//1461 1454//1454
f 1353//1353 1352//1352 1460//1460
f 1461//1461 1453//1453 1347//1347
f 1461//1461 1347//1347 1462//1462
f 1462//1462 1347//1347 1355//1355
f 1456//1456 1463//1463 1356//1356
f 1348//1348 1456//1456 1356//1356
f 1464//1464 1456//1456 1457//1457
f 1463//1463 1456//1456 1464//1464
f 1350//1350 1358//1358 1458//1458
f 1360//1360 1458//1458 1358//1358
f 1360//1360 1465//1465 1458//1458
f 1465//1465 1459//1459 1458//1458
f 1362//1362 1465//1465 1363//1363
f 1362//1362 1460//1460 1465//1465
f 1460//1460 1459//1459 1465//1465
f 1353//1353 1460//1460 1362//1362
f 1466//1466 1467//1467 1468//1468
f 1467//1467 1466//1466 1462//1462
f 1467//1467 1462//1462 1365//1365
f 1365//1365 1462//1462 1355//1355
f 1463//1463 1469//1469 1366//1366
f 1356//1356 1463//1463 1366//1366
f 1470//1470 1463//1463 1464//1464
f 1470//1470 1471//1471 1463//1463
f 1471//1471 1469//1469 1463//1463
f 1470//1470 1472//1472 1471//1471
f 1360//1360 1368//1368 1465//1465
f 1363//1363 1465//1465 1368//1368
f 1473//1473 1468//1468 1467//1467
f 1474//1474 1468//1468 1473//1473
f 1365//1365 1370//1370 1473//1473
f 1467//1467 1365//1365 1473//1473
f 1366//1366 1469//1469 1371//1371
f 1372//1372 1371//1371 1469//1469
f 1471//1471 1372//1372 1469//1469
f 1374//1374 1475//1475 1476//1476
f 1372//1372 1475//1475 1374//1374
f 1372//1372 1472//1472 1475//1475
f 1372//1372 1471//1471 1472//1472
f 1476//1476 1477//1477 1478//1478
f 1475//1475 1477//1477 1476//1476
f 1478//1478 1479//1479 1480//1480
f 1477//1477 1479//1479 1478//1478
f 1474//1474 1480//1480 1479//1479
f 1473//1473 1480//1480 1474//1474
f 1473//1473 1376//1376 1480//1480
f 1473//1473 1377//1377 1376//1376
f 1370//1370 1377//1377 1473//1473
f 1374//1374 1476//1476 1378//1378
f 1379//1379 1378//1378 1476//1476
f 1478//1478 1379//1379 1476//1476
f 1380//1380 1379//1379 1478//1478
f 1480//1480 1380//1380 1478//1478
f 1376//1376 1380//1380 1480//1480
f 1481//1481 1482//1482 1483//1483
f 1481//1481 1484//1484 1485//1485
f 1482//1482 1481//1481 1485//1485
f 1484//1484 1486//1486 1487//1487
f 1485//1485 1484//1484 1487//1487
f 1487//1487 1486//1486 1488//1488
f 1382//1382 1481//1481 1483//1483
f 1382//1382 1483//1483 1383//1383
f 1383//1383 1483//1483 1489//1489
f 1385//1385 1481//1481 1382//1382
f 1484//1484 1481//1481 1385//1385
f 1387//1387 1484//1484 1385//1385
f 1486//1486 1484//1484 1387//1387
f 1486//1486 1387//1387 1388//1388
f 1486//1486 1388//1388 1488//1488
f 1488//1488 1388//1388 1490//1490
f 1389//1389 1491//1491 1390//1390
f 1389//1389 1492//1492 1491//1491
f 1389//1389 1383//1383 1492//1492
f 1383//1383 1489//1489 1492//1492
f 1493//1493 1494//1494 1495//1495
f 1495//1495 1496//1496 1493//1493
f 1388//1388 1391//1391 1490//1490
f 1490//1490 1391//1391 1497//1497
f 1491//1491 1498//1498 1499//1499
f 1491//1491 1499//1499 1390//1390
f 1390//1390 1499//1499 1393//1393
f 1492//1492 1498//1498 1491//1491
f 1494//1494 1500//1500 1501//1501
f 1494//1494 1395//1395 1500//1500
f 1494//1494 1493//1493 1396//1396
f 1395//1395 1494//1494 1396//1396
f 1397//1397 1501//1501 1500//1500
f 1397//1397 1496//1496 1501//1501
f 1397//1397 1396//1396 1493//1493
f 1496//1496 1397//1397 1493//1493
f 1502//1502 1391//1391 1398//1398
f 1502//1502 1503//1503 1391//1391
f 1503//1503 1497//1497 1391//1391
f 1398//1398 1399//1399 1502//1502
f 1393//1393 1499//1499 1400//1400
f 1499//1499 1504//1504 1400//1400
f 1500//1500 1402//1402 1505//1505
f 1395//1395 1402//1402 1500//1500
f 1397//1397 1505//1505 1404//1404
f 1500//1500 1505//1505 1397//1397
f 1506//1506 1503//1503 1502//1502
f 1507//1507 1503//1503 1506//1506
f 1399//1399 1405//1405 1506//1506
f 1502//1502 1399//1399 1506//1506
f 1508//1508 1509//1509 1406//1406
f 1508//1508 1406//1406 1504//1504
f 1504//1504 1406//1406 1400//1400
f 1508//1508 1510//1510 1509//1509
f 1402//1402 1407//1407 1505//1505
f 1404//1404 1505//1505 1407//1407
f 1511//1511 1507//1507 1506//1506
f 1512//1512 1507//1507 1511//1511
f 1405//1405 1408//1408 1511//1511
f 1506//1506 1405//1405 1511//1511
f 1406//1406 1509//1509 1409//1409
f 1509//1509 1510//1510 1513//1513
f 1509//1509 1513//1513 1409//1409
f 1409//1409 1513//1513 1411//1411
f 1413//1413 1411//1411 1514//1514
f 1411//1411 1513//1513 1514//1514
f 1415//1415 1413//1413 1515//1515
f 1413//1413 1514//1514 1515//1515
f 1512//1512 1511//1511 1417//1417
f 1512//1512 1417//1417 1515//1515
f 1515//1515 1417//1417 1415//1415
f 1408//1408 1417//1417 1511//1511
f 1418//1418 1516//1516 1517//1517
f 1419//1419 1418//1418 1517//1517
f 1420//1420 1518//1518 1418//1418
f 1418//1418 1518//1518 1516//1516
f 1421//1421 1519//1519 1420//1420
f 1420//1420 1519//1519 1518//1518
f 1422//1422 1520//1520 1421//1421
f 1421//1421 1520//1520 1519//1519
f 1423//1423 1521//1521 1422//1422
f 1422//1422 1521//1521 1520//1520
f 1521//1521 1423//1423 1424//1424
f 1522//1522 1521//1521 1424//1424
f 1425//1425 1523//1523 1426//1426
f 1425//1425 1524//1524 1523//1523
f 1425//1425 1419//1419 1524//1524
f 1419//1419 1517//1517 1524//1524
f 1428//1428 1427//1427 1525//1525
f 1526//1526 1428//1428 1525//1525
f 1526//1526 1527//1527 1428//1428
f 1527//1527 1429//1429 1428//1428
f 1528//1528 1527//1527 1529//1529
f 1528//1528 1430//1430 1527//1527
f 1430//1430 1429//1429 1527//1527
f 1430//1430 1528//1528 1431//1431
f 1424//1424 1432//1432 1522//1522
f 1522//1522 1432//1432 1530//1530
f 1523//1523 1531//1531 1532//1532
f 1523//1523 1532//1532 1426//1426
f 1426//1426 1532//1532 1433//1433
f 1524//1524 1531//1531 1523//1523
f 1525//1525 1533//1533 1534//1534
f 1525//1525 1427//1427 1533//1533
f 1427//1427 1434//1434 1533//1533
f 1526//1526 1525//1525 1534//1534
f 1528//1528 1529//1529 1535//1535
f 1535//1535 1431//1431 1528//1528
f 1535//1535 1536//1536 1431//1431
f 1536//1536 1435//1435 1431//1431
f 1537//1537 1432//1432 1436//1436
f 1537//1537 1538//1538 1432//1432
f 1538//1538 1530//1530 1432//1432
f 1436//1436 1437//1437 1537//1537
f 1433//1433 1532//1532 1438//1438
f 1532//1532 1539//1539 1438//1438
f 1434//1434 1439//1439 1533//1533
f 1533//1533 1439//1439 1540//1540
f 1435//1435 1536//1536 1440//1440
f 1536//1536 1541//1541 1440//1440
f 1542//1542 1538//1538 1537//1537
f 1543//1543 1538//1538 1542//1542
f 1437//1437 1441//1441 1542//1542
f 1537//1537 1437//1437 1542//1542
f 1438//1438 1539//1539 1544//1544
f 1442//1442 1438//1438 1544//1544
f 1544//1544 1443//1443 1442//1442
f 1545//1545 1443//1443 1544//1544
f 1439//1439 1546//1546 1540//1540
f 1444//1444 1546//1546 1439//1439
f 1446//1446 1547//1547 1444//1444
f 1444//1444 1547//1547 1546//1546
f 1447//1447 1548//1548 1446//1446
f 1446//1446 1548//1548 1547//1547
f 1541//1541 1447//1447 1440//1440
f 1548//1548 1447//1447 1541//1541
f 1449//1449 1543//1543 1542//1542
f 1449//1449 1448//1448 1543//1543
f 1448//1448 1549//1549 1543//1543
f 1441//1441 1449//1449 1542//1542
f 1550//1550 1551//1551 1451//1451
f 1550//1550 1451//1451 1545//1545
f 1545//1545 1451//1451 1443//1443
f 1551//1551 1552//1552 1553//1553
f 1550//1550 1552//1552 1551//1551
f 1552//1552 1554//1554 1553//1553
f 1555//1555 1556//1556 1557//1557
f 1555//1555 1455//1455 1454//1454
f 1555//1555 1557//1557 1455//1455
f 1557//1557 1558//1558 1455//1455
f 1549//1549 1448//1448 1455//1455
f 1558//1558 1549//1549 1455//1455
f 1551//1551 1559//1559 1457//1457
f 1451//1451 1551//1551 1457//1457
f 1553//1553 1560//1560 1551//1551
f 1560//1560 1559//1559 1551//1551
f 1561//1561 1553//1553 1554//1554
f 1561//1561 1562//1562 1553//1553
f 1562//1562 1560//1560 1553//1553
f 1556//1556 1562//1562 1561//1561
f 1556//1556 1555//1555 1562//1562
f 1555//1555 1563//1563 1562//1562
f 1454//1454 1461//1461 1564//1564
f 1454//1454 1564//1564 1555//1555
f 1555//1555 1564//1564 1563//1563
f 1461//1461 1462//1462 1564//1564
f 1559//1559 1565//1565 1464//1464
f 1457//1457 1559//1559 1464//1464
f 1560//1560 1566//1566 1559//1559
f 1566//1566 1565//1565 1559//1559
f 1562//1562 1567//1567 1560//1560
f 1567//1567 1566//1566 1560//1560
f 1563//1563 1568//1568 1562//1562
f 1568//1568 1567//1567 1562//1562
f 1466//1466 1468//1468 1568//1568
f 1466//1466 1568//1568 1564//1564
f 1564//1564 1568//1568 1563//1563
f 1462//1462 1466//1466 1564//1564
f 1464//1464 1565//1565 1470//1470
f 1472//1472 1470//1470 1565//1565
f 1472//1472 1565//1565 1569//1569
f 1569//1569 1565//1565 1566//1566
f 1567//1567 1570//1570 1566//1566
f 1570//1570 1569//1569 1566//1566
f 1568//1568 1571//1571 1567//1567
f 1571//1571 1570//1570 1567//1567
f 1468//1468 1474//1474 1571//1571
f 1568//1568 1468//1468 1571//1571
f 1472//1472 1569//1569 1475//1475
f 1477//1477 1475//1475 1569//1569
f 1570//1570 1477//1477 1569//1569
f 1479//1479 1477//1477 1570//1570
f 1571//1571 1479//1479 1570//1570
f 1474//1474 1479//1479 1571//1571
f 1482//1482 1572//1572 1573//1573
f 1483//1483 1482//1482 1573//1573
f 1485//1485 1574//1574 1482//1482
f 1482//1482 1574//1574 1572//1572
f 1487//1487 1575//1575 1485//1485
f 1485//1485 1575//1575 1574//1574
f 1575//1575 1487//1487 1488//1488
f 1576//1576 1575//1575 1488//1488
f 1577//1577 1578//1578 1579//1579
f 1577//1577 1573//1573 1578//1578
f 1577//1577 1489//1489 1573//1573
f 1489//1489 1483//1483 1573//1573
f 1580//1580 1581//1581 1582//1582
f 1582//1582 1583//1583 1580//1580
f 1488//1488 1490//1490 1576//1576
f 1576//1576 1490//1490 1584//1584
f 1585//1585 1577//1577 1579//1579
f 1586//1586 1585//1585 1579//1579
f 1489//1489 1585//1585 1492//1492
f 1577//1577 1585//1585 1489//1489
f 1495//1495 1581//1581 1580//1580
f 1495//1495 1494//1494 1581//1581
f 1494//1494 1587//1587 1581//1581
f 1580//1580 1496//1496 1495//1495
f 1580//1580 1583//1583 1496//1496
f 1583//1583 1588//1588 1496//1496
f 1490//1490 1497//1497 1584//1584
f 1584//1584 1497//1497 1589//1589
f 1590//1590 1499//1499 1498//1498
f 1586//1586 1591//1591 1585//1585
f 1592//1592 1585//1585 1591//1591
f 1592//1592 1492//1492 1585//1585
f 1592//1592 1590//1590 1498//1498
f 1492//1492 1592//1592 1498//1498
f 1494//1494 1593//1593 1587//1587
f 1501//1501 1593//1593 1494//1494
f 1588//1588 1501//1501 1496//1496
f 1593//1593 1501//1501 1588//1588
f 1497//1497 1503//1503 1589//1589
f 1589//1589 1503//1503 1594//1594
f 1590//1590 1595//1595 1504//1504
f 1499//1499 1590//1590 1504//1504
f 1596//1596 1590//1590 1592//1592
f 1595//1595 1590//1590 1596//1596
f 1503//1503 1507//1507 1594//1594
f 1594//1594 1507//1507 1597//1597
f 1504//1504 1595//1595 1508//1508
f 1510//1510 1598//1598 1599//1599
f 1508//1508 1598//1598 1510//1510
f 1508//1508 1596//1596 1598//1598
f 1508//1508 1595//1595 1596//1596
f 1598//1598 1600//1600 1599//1599
f 1601//1601 1602//1602 1603//1603
f 1601//1601 1603//1603 1597//1597
f 1601//1601 1597//1597 1512//1512
f 1512//1512 1597//1597 1507//1507
f 1510//1510 1599//1599 1513//1513
f 1599//1599 1600//1600 1604//1604
f 1599//1599 1604//1604 1513//1513
f 1513//1513 1604//1604 1514//1514
f 1602//1602 1601//1601 1515//1515
f 1602//1602 1515//1515 1604//1604
f 1604//1604 1515//1515 1514//1514
f 1512//1512 1515//1515 1601//1601
f 1605//1605 1606//1606 1607//1607
f 1605//1605 1608//1608 1609//1609
f 1606//1606 1605//1605 1609//1609
f 1608//1608 1610//1610 1611//1611
f 1609//1609 1608//1608 1611//1611
f 1610//1610 1612//1612 1613//1613
f 1611//1611 1610//1610 1613//1613
f 1613//1613 1612//1612 1614//1614
f 1615//1615 1605//1605 1607//1607
f 1616//1616 1615//1615 1607//1607
f 1608//1608 1605//1605 1617//1617
f 1617//1617 1605//1605 1615//1615
f 1610//1610 1608//1608 1618//1618
f 1618//1618 1608//1608 1617//1617
f 1612//1612 1610//1610 1619//1619
f 1619//1619 1610//1610 1618//1618
f 1620//1620 1614//1614 1612//1612
f 1620//1620 1612//1612 1621//1621
f 1621//1621 1612//1612 1619//1619
f 1620//1620 1621//1621 1622//1622
f 1623//1623 1615//1615 1616//1616
f 1624//1624 1623//1623 1616//1616
f 1617//1617 1615//1615 1625//1625
f 1625//1625 1615//1615 1623//1623
f 1618//1618 1617//1617 1626//1626
f 1626//1626 1617//1617 1625//1625
f 1619//1619 1618//1618 1627//1627
f 1627//1627 1618//1618 1626//1626
f 1621//1621 1619//1619 1628//1628
f 1628//1628 1619//1619 1627//1627
f 1629//1629 1622//1622 1621//1621
f 1628//1628 1629//1629 1621//1621
f 1630//1630 1623//1623 1624//1624
f 1631//1631 1630//1630 1624//1624
f 1625//1625 1623//1623 1632//1632
f 1632//1632 1623//1623 1630//1630
f 1626//1626 1625//1625 1633//1633
f 1633//1633 1625//1625 1632//1632
f 1627//1627 1626//1626 1634//1634
f 1634//1634 1626//1626 1633//1633
f 1628//1628 1627//1627 1635//1635
f 1635//1635 1627//1627 1634//1634
f 1636//1636 1629//1629 1628//1628
f 1635//1635 1636//1636 1628//1628
f 1630//1630 1631//1631 1637//1637
f 1637//1637 1638//1638 1639//1639
f 1637//1637 1639//1639 1630//1630
f 1630//1630 1639//1639 1632//1632
f 1633//1633 1632//1632 1640//1640
f 1640//1640 1632//1632 1639//1639
f 1634//1634 1633//1633 1641//1641
f 1641//1641 1633//1633 1640//1640
f 1642//1642 1643//1643 1635//1635
f 1642//1642 1635//1635 1641//1641
f 1641//1641 1635//1635 1634//1634
f 1636//1636 1635//1635 1643//1643
f 1639//1639 1638//1638 1644//1644
f 1640//1640 1639//1639 1644//1644
f 1645//1645 1640//1640 1644//1644
f 1641//1641 1640//1640 1645//1645
f 1646//1646 1641//1641 1645//1645
f 1642//1642 1641//1641 1646//1646
f 1516//1516 1647//1647 1517//1517
f 1648//1648 1647//1647 1516//1516
f 1648//1648 1516//1516 1649//1649
f 1649//1649 1516//1516 1518//1518
f 1519//1519 1650//1650 1518//1518
f 1518//1518 1650//1650 1649//1649
f 1520//1520 1651//1651 1519//1519
f 1519//1519 1651//1651 1650//1650
f 1652//1652 1653//1653 1651//1651
f 1652//1652 1651//1651 1521//1521
f 1521//1521 1651//1651 1520//1520
f 1521//1521 1522//1522 1652//1652
f 1647//1647 1654//1654 1655//1655
f 1647//1647 1655//1655 1517//1517
f 1517//1517 1655//1655 1524//1524
f 1648//1648 1654//1654 1647//1647
f 1527//1527 1656//1656 1657//1657
f 1526//1526 1656//1656 1527//1527
f 1657//1657 1529//1529 1527//1527
f 1658//1658 1529//1529 1657//1657
f 1652//1652 1659//1659 1653//1653
f 1659//1659 1652//1652 1522//1522
f 1659//1659 1522//1522 1660//1660
f 1660//1660 1522//1522 1530//1530
f 1531//1531 1661//1661 1532//1532
f 1531//1531 1662//1662 1661//1661
f 1531//1531 1524//1524 1662//1662
f 1524//1524 1655//1655 1662//1662
f 1534//1534 1663//1663 1664//1664
f 1533//1533 1663//1663 1534//1534
f 1656//1656 1526//1526 1534//1534
f 1664//1664 1656//1656 1534//1534
f 1665//1665 1535//1535 1529//1529
f 1665//1665 1529//1529 1666//1666
f 1666//1666 1529//1529 1658//1658
f 1535//1535 1665//1665 1536//1536
f 1530//1530 1538//1538 1660//1660
f 1660//1660 1538//1538 1667//1667
f 1661//1661 1668//1668 1539//1539
f 1532//1532 1661//1661 1539//1539
f 1669//1669 1661//1661 1662//1662
f 1668//1668 1661//1661 1669//1669
f 1533//1533 1540//1540 1663//1663
f 1663//1663 1540//1540 1670//1670
f 1671//1671 1665//1665 1666//1666
f 1672//1672 1671//1671 1666//1666
f 1536//1536 1671//1671 1541//1541
f 1665//1665 1671//1671 1536//1536
f 1538//1538 1543//1543 1667//1667
f 1667//1667 1543//1543 1673//1673
f 1539//1539 1668//1668 1544//1544
f 1668//1668 1545//1545 1544//1544
f 1668//1668 1669//1669 1545//1545
f 1669//1669 1674//1674 1545//1545
f 1540//1540 1675//1675 1670//1670
f 1546//1546 1675//1675 1540//1540
f 1547//1547 1676//1676 1546//1546
f 1546//1546 1676//1676 1675//1675
f 1672//1672 1548//1548 1671//1671
f 1672//1672 1676//1676 1548//1548
f 1676//1676 1547//1547 1548//1548
f 1541//1541 1671//1671 1548//1548
f 1543//1543 1549//1549 1673//1673
f 1673//1673 1549//1549 1677//1677
f 1545//1545 1674//1674 1678//1678
f 1550//1550 1545//1545 1678//1678
f 1552//1552 1550//1550 1679//1679
f 1550//1550 1678//1678 1679//1679
f 1679//1679 1554//1554 1552//1552
f 1680//1680 1554//1554 1679//1679
f 1557//1557 1681//1681 1682//1682
f 1556//1556 1681//1681 1557//1557
f 1558//1558 1557//1557 1683//1683
f 1557//1557 1682//1682 1683//1683
f 1677//1677 1549//1549 1558//1558
f 1683//1683 1677//1677 1558//1558
f 1554//1554 1680//1680 1684//1684
f 1561//1561 1554//1554 1684//1684
f 1681//1681 1556//1556 1561//1561
f 1684//1684 1681//1681 1561//1561
f 1572//1572 1685//1685 1686//1686
f 1573//1573 1572//1572 1686//1686
f 1574//1574 1687//1687 1572//1572
f 1572//1572 1687//1687 1685//1685
f 1575//1575 1688//1688 1574//1574
f 1574//1574 1688//1688 1687//1687
f 1688//1688 1575//1575 1576//1576
f 1689//1689 1688//1688 1576//1576
f 1578//1578 1690//1690 1579//1579
f 1578//1578 1691//1691 1690//1690
f 1578//1578 1573//1573 1691//1691
f 1573//1573 1686//1686 1691//1691
f 1582//1582 1581//1581 1692//1692
f 1582//1582 1692//1692 1583//1583
f 1576//1576 1584//1584 1689//1689
f 1689//1689 1584//1584 1693//1693
f 1690//1690 1694//1694 1586//1586
f 1579//1579 1690//1690 1586//1586
f 1695//1695 1690//1690 1691//1691
f 1694//1694 1690//1690 1695//1695
f 1692//1692 1696//1696 1697//1697
f 1692//1692 1581//1581 1696//1696
f 1581//1581 1587//1587 1696//1696
f 1697//1697 1583//1583 1692//1692
f 1697//1697 1698//1698 1583//1583
f 1698//1698 1588//1588 1583//1583
f 1584//1584 1589//1589 1693//1693
f 1693//1693 1589//1589 1699//1699
f 1586//1586 1694//1694 1591//1591
f 1694//1694 1592//1592 1591//1591
f 1694//1694 1695//1695 1592//1592
f 1695//1695 1700//1700 1592//1592
f 1701//1701 1587//1587 1593//1593
f 1701//1701 1702//1702 1587//1587
f 1702//1702 1696//1696 1587//1587
f 1593//1593 1703//1703 1701//1701
f 1593//1593 1588//1588 1703//1703
f 1588//1588 1698//1698 1703//1703
f 1589//1589 1594//1594 1699//1699
f 1699//1699 1594//1594 1704//1704
f 1592//1592 1700//1700 1596//1596
f 1700//1700 1705//1705 1596//1596
f 1701//1701 1706//1706 1702//1702
f 1703//1703 1706//1706 1701//1701
f 1594//1594 1597//1597 1704//1704
f 1704//1704 1597//1597 1707//1707
f 1708//1708 1598//1598 1596//1596
f 1708//1708 1596//1596 1709//1709
f 1709//1709 1596//1596 1705//1705
f 1598//1598 1708//1708 1600//1600
f 1603//1603 1602//1602 1710//1710
f 1603//1603 1710//1710 1711//1711
f 1603//1603 1711//1711 1597//1597
f 1597//1597 1711//1711 1707//1707
f 1712//1712 1708//1708 1709//1709
f 1713//1713 1712//1712 1709//1709
f 1600//1600 1714//1714 1604//1604
f 1600//1600 1708//1708 1714//1714
f 1708//1708 1712//1712 1714//1714
f 1604//1604 1710//1710 1602//1602
f 1604//1604 1714//1714 1710//1710
f 1714//1714 1715//1715 1710//1710
f 1716//1716 1711//1711 1710//1710
f 1715//1715 1716//1716 1710//1710
f 1712//1712 1713//1713 1717//1717
f 1714//1714 1712//1712 1717//1717
f 1718//1718 1714//1714 1717//1717
f 1715//1715 1714//1714 1718//1718
f 1719//1719 1715//1715 1718//1718
f 1716//1716 1715//1715 1719//1719
f 1720//1720 1721//1721 1722//1722
f 1720//1720 1723//1723 1724//1724
f 1721//1721 1720//1720 1724//1724
f 1723//1723 1725//1725 1726//1726
f 1724//1724 1723//1723 1726//1726
f 1725//1725 1727//1727 1728//1728
f 1726//1726 1725//1725 1728//1728
f 1728//1728 1727//1727 1729//1729
f 1606//1606 1720//1720 1722//1722
f 1606//1606 1722//1722 1607//1607
f 1607//1607 1722//1722 1730//1730
f 1609//1609 1720//1720 1606//1606
f 1723//1723 1720//1720 1609//1609
f 1611//1611 1723//1723 1609//1609
f 1725//1725 1723//1723 1611//1611
f 1613//1613 1725//1725 1611//1611
f 1727//1727 1725//1725 1613//1613
f 1614//1614 1731//1731 1732//1732
f 1613//1613 1614//1614 1732//1732
f 1613//1613 1732//1732 1729//1729
f 1613//1613 1729//1729 1727//1727
f 1732//1732 1731//1731 1733//1733
f 1734//1734 1735//1735 1736//1736
f 1734//1734 1730//1730 1735//1735
f 1734//1734 1616//1616 1730//1730
f 1616//1616 1607//1607 1730//1730
f 1737//1737 1738//1738 1739//1739
f 1737//1737 1740//1740 1741//1741
f 1739//1739 1740//1740 1737//1737
f 1741//1741 1742//1742 1743//1743
f 1740//1740 1742//1742 1741//1741
f 1614//1614 1620//1620 1731//1731
f 1743//1743 1742//1742 1744//1744
f 1622//1622 1745//1745 1746//1746
f 1620//1620 1622//1622 1746//1746
f 1620//1620 1746//1746 1733//1733
f 1620//1620 1733//1733 1731//1731
f 1746//1746 1745//1745 1747//1747
f 1748//1748 1734//1734 1736//1736
f 1749//1749 1748//1748 1736//1736
f 1616//1616 1748//1748 1624//1624
f 1734//1734 1748//1748 1616//1616
f 1750//1750 1738//1738 1737//1737
f 1751//1751 1738//1738 1750//1750
f 1741//1741 1752//1752 1737//1737
f 1752//1752 1750//1750 1737//1737
f 1743//1743 1753//1753 1741//1741
f 1753//1753 1752//1752 1741//1741
f 1754//1754 1743//1743 1744//1744
f 1753//1753 1743//1743 1754//1754
f 1745//1745 1629//1629 1755//1755
f 1622//1622 1629//1629 1745//1745
f 1756//1756 1747//1747 1745//1745
f 1755//1755 1756//1756 1745//1745
f 1757//1757 1748//1748 1749//1749
f 1758//1758 1757//1757 1749//1749
f 1624//1624 1757//1757 1631//1631
f 1748//1748 1757//1757 1624//1624
f 1750//1750 1759//1759 1751//1751
f 1759//1759 1760//1760 1761//1761
f 1759//1759 1750//1750 1760//1760
f 1750//1750 1752//1752 1760//1760
f 1753//1753 1762//1762 1752//1752
f 1762//1762 1760//1760 1752//1752
f 1763//1763 1753//1753 1754//1754
f 1762//1762 1753//1753 1763//1763
f 1755//1755 1636//1636 1764//1764
f 1629//1629 1636//1636 1755//1755
f 1765//1765 1756//1756 1755//1755
f 1764//1764 1765//1765 1755//1755
f 1757//1757 1758//1758 1766//1766
f 1767//1767 1766//1766 1768//1768
f 1637//1637 1766//1766 1767//1767
f 1637//1637 1757//1757 1766//1766
f 1637//1637 1631//1631 1757//1757
f 1637//1637 1767//1767 1638//1638
f 1760//1760 1769//1769 1761//1761
f 1762//1762 1769//1769 1760//1760
f 1770//1770 1769//1769 1762//1762
f 1643//1643 1642//1642 1771//1771
f 1762//1762 1763//1763 1770//1770
f 1643//1643 1771//1771 1772//1772
f 1636//1636 1643//1643 1772//1772
f 1636//1636 1772//1772 1773//1773
f 1636//1636 1773//1773 1764//1764
f 1765//1765 1764//1764 1773//1773
f 1767//1767 1768//1768 1774//1774
f 1638//1638 1767//1767 1774//1774
f 1638//1638 1774//1774 1644//1644
f 1644//1644 1774//1774 1775//1775
f 1645//1645 1644//1644 1776//1776
f 1644//1644 1775//1775 1776//1776
f 1646//1646 1645//1645 1777//1777
f 1645//1645 1776//1776 1777//1777
f 1771//1771 1642//1642 1646//1646
f 1771//1771 1646//1646 1778//1778
f 1778//1778 1646//1646 1777//1777
f 1772//1772 1771//1771 1778//1778
f 1779//1779 1780//1780 1781//1781
f 1779//1779 1782//1782 1783//1783
f 1780//1780 1779//1779 1783//1783
f 1782//1782 1784//1784 1785//1785
f 1783//1783 1782//1782 1785//1785
f 1785//1785 1784//1784 1786//1786
f 1787//1787 1788//1788 1789//1789
f 1781//1781 1788//1788 1787//1787
f 1779//1779 1781//1781 1787//1787
f 1779//1779 1787//1787 1648//1648
f 1779//1779 1648//1648 1649//1649
f 1650//1650 1779//1779 1649//1649
f 1782//1782 1779//1779 1650//1650
f 1651//1651 1782//1782 1650//1650
f 1784//1784 1782//1782 1651//1651
f 1653//1653 1790//1790 1791//1791
f 1651//1651 1653//1653 1791//1791
f 1651//1651 1791//1791 1786//1786
f 1651//1651 1786//1786 1784//1784
f 1791//1791 1790//1790 1792//1792
f 1654//1654 1787//1787 1789//1789
f 1654//1654 1789//1789 1655//1655
f 1655//1655 1789//1789 1793//1793
f 1648//1648 1787//1787 1654//1654
f 1794//1794 1795//1795 1796//1796
f 1795//1795 1657//1657 1656//1656
f 1795//1795 1794//1794 1657//1657
f 1794//1794 1797//1797 1657//1657
f 1797//1797 1658//1658 1657//1657
f 1798//1798 1658//1658 1797//1797
f 1653//1653 1659//1659 1790//1790
f 1790//1790 1659//1659 1660//1660
f 1790//1790 1660//1660 1792//1792
f 1792//1792 1660//1660 1799//1799
f 1655//1655 1793//1793 1662//1662
f 1793//1793 1800//1800 1662//1662
f 1664//1664 1796//1796 1795//1795
f 1664//1664 1663//1663 1796//1796
f 1663//1663 1801//1801 1796//1796
f 1656//1656 1664//1664 1795//1795
f 1658//1658 1798//1798 1666//1666
f 1798//1798 1802//1802 1666//1666
f 1660//1660 1667//1667 1799//1799
f 1799//1799 1667//1667 1803//1803
f 1662//1662 1800//1800 1669//1669
f 1800//1800 1804//1804 1669//1669
f 1805//1805 1670//1670 1806//1806
f 1805//1805 1801//1801 1670//1670
f 1801//1801 1663//1663 1670//1670
f 1805//1805 1806//1806 1807//1807
f 1666//1666 1802//1802 1672//1672
f 1802//1802 1808//1808 1672//1672
f 1667//1667 1673//1673 1803//1803
f 1803//1803 1673//1673 1809//1809
f 1669//1669 1804//1804 1674//1674
f 1804//1804 1810//1810 1674//1674
f 1670//1670 1675//1675 1806//1806
f 1806//1806 1811//1811 1807//1807
f 1806//1806 1675//1675 1811//1811
f 1675//1675 1676//1676 1811//1811
f 1808//1808 1676//1676 1672//1672
f 1811//1811 1676//1676 1808//1808
f 1812//1812 1813//1813 1814//1814
f 1812//1812 1814//1814 1809//1809
f 1812//1812 1809//1809 1677//1677
f 1677//1677 1809//1809 1673//1673
f 1674//1674 1810//1810 1815//1815
f 1678//1678 1674//1674 1815//1815
f 1679//1679 1678//1678 1816//1816
f 1678//1678 1815//1815 1816//1816
f 1680//1680 1817//1817 1818//1818
f 1680//1680 1679//1679 1817//1817
f 1679//1679 1816//1816 1817//1817
f 1818//1818 1682//1682 1681//1681
f 1818//1818 1817//1817 1682//1682
f 1817//1817 1819//1819 1682//1682
f 1813//1813 1812//1812 1683//1683
f 1813//1813 1683//1683 1819//1819
f 1819//1819 1683//1683 1682//1682
f 1677//1677 1683//1683 1812//1812
f 1680//1680 1818//1818 1684//1684
f 1681//1681 1684//1684 1818//1818
f 1685//1685 1820//1820 1686//1686
f 1685//1685 1687//1687 1821//1821
f 1820//1820 1685//1685 1821//1821
f 1687//1687 1688//1688 1822//1822
f 1821//1821 1687//1687 1822//1822
f 1688//1688 1689//1689 1822//1822
f 1820//1820 1823//1823 1824//1824
f 1820//1820 1824//1824 1686//1686
f 1686//1686 1824//1824 1691//1691
f 1821//1821 1823//1823 1820//1820
f 1825//1825 1823//1823 1821//1821
f 1822//1822 1825//1825 1821//1821
f 1826//1826 1825//1825 1822//1822
f 1826//1826 1822//1822 1689//1689
f 1826//1826 1689//1689 1827//1827
f 1827//1827 1689//1689 1693//1693
f 1691//1691 1824//1824 1695//1695
f 1824//1824 1828//1828 1695//1695
f 1697//1697 1696//1696 1829//1829
f 1697//1697 1829//1829 1698//1698
f 1693//1693 1699//1699 1827//1827
f 1827//1827 1699//1699 1830//1830
f 1695//1695 1828//1828 1700//1700
f 1828//1828 1831//1831 1700//1700
f 1829//1829 1702//1702 1832//1832
f 1696//1696 1702//1702 1829//1829
f 1698//1698 1832//1832 1703//1703
f 1829//1829 1832//1832 1698//1698
f 1699//1699 1704//1704 1830//1830
f 1830//1830 1704//1704 1833//1833
f 1700//1700 1831//1831 1705//1705
f 1831//1831 1834//1834 1705//1705
f 1835//1835 1706//1706 1836//1836
f 1835//1835 1702//1702 1706//1706
f 1832//1832 1702//1702 1835//1835
f 1832//1832 1835//1835 1837//1837
f 1838//1838 1832//1832 1837//1837
f 1838//1838 1703//1703 1832//1832
f 1838//1838 1836//1836 1706//1706
f 1703//1703 1838//1838 1706//1706
f 1704//1704 1707//1707 1833//1833
f 1833//1833 1707//1707 1839//1839
f 1705//1705 1834//1834 1709//1709
f 1834//1834 1840//1840 1709//1709
f 1841//1841 1835//1835 1836//1836
f 1842//1842 1835//1835 1841//1841
f 1843//1843 1836//1836 1838//1838
f 1841//1841 1836//1836 1843//1843
f 1707//1707 1711//1711 1839//1839
f 1839//1839 1711//1711 1844//1844
f 1709//1709 1840//1840 1713//1713
f 1840//1840 1845//1845 1713//1713
f 1841//1841 1846//1846 1842//1842
f 1843//1843 1846//1846 1841//1841
f 1711//1711 1716//1716 1844//1844
f 1844//1844 1716//1716 1847//1847
f 1848//1848 1717//1717 1713//1713
f 1848//1848 1713//1713 1849//1849
f 1849//1849 1713//1713 1845//1845
f 1717//1717 1850//1850 1718//1718
f 1848//1848 1850//1850 1717//1717
f 1718//1718 1851//1851 1719//1719
f 1850//1850 1851//1851 1718//1718
f 1719//1719 1851//1851 1852//1852
f 1719//1719 1852//1852 1716//1716
f 1716//1716 1852//1852 1847//1847
f 1848//1848 1849//1849 1853//1853
f 1850//1850 1848//1848 1853//1853
f 1854//1854 1850//1850 1853//1853
f 1851//1851 1850//1850 1854//1854
f 1855//1855 1851//1851 1854//1854
f 1852//1852 1851//1851 1855//1855
f 1721//1721 1856//1856 1857//1857
f 1722//1722 1721//1721 1857//1857
f 1724//1724 1858//1858 1721//1721
f 1721//1721 1858//1858 1856//1856
f 1726//1726 1859//1859 1724//1724
f 1724//1724 1859//1859 1858//1858
f 1728//1728 1860//1860 1726//1726
f 1726//1726 1860//1860 1859//1859
f 1860//1860 1728//1728 1729//1729
f 1861//1861 1860//1860 1729//1729
f 1722//1722 1857//1857 1730//1730
f 1857//1857 1862//1862 1730//1730
f 1863//1863 1864//1864 1865//1865
f 1863//1863 1866//1866 1867//1867
f 1865//1865 1866//1866 1863//1863
f 1866//1866 1868//1868 1867//1867
f 1729//1729 1869//1869 1861//1861
f 1732//1732 1869//1869 1729//1729
f 1869//1869 1732//1732 1733//1733
f 1870//1870 1869//1869 1733//1733
f 1735//1735 1871//1871 1872//1872
f 1736//1736 1735//1735 1872//1872
f 1862//1862 1735//1735 1730//1730
f 1871//1871 1735//1735 1862//1862
f 1739//1739 1864//1864 1863//1863
f 1739//1739 1738//1738 1864//1864
f 1738//1738 1873//1873 1864//1864
f 1740//1740 1739//1739 1863//1863
f 1867//1867 1740//1740 1863//1863
f 1867//1867 1868//1868 1874//1874
f 1867//1867 1874//1874 1740//1740
f 1740//1740 1874//1874 1742//1742
f 1874//1874 1744//1744 1742//1742
f 1875//1875 1744//1744 1874//1874
f 1733//1733 1876//1876 1870//1870
f 1746//1746 1876//1876 1733//1733
f 1876//1876 1746//1746 1747//1747
f 1877//1877 1876//1876 1747//1747
f 1736//1736 1872//1872 1749//1749
f 1872//1872 1878//1878 1749//1749
f 1879//1879 1880//1880 1881//1881
f 1879//1879 1881//1881 1873//1873
f 1879//1879 1873//1873 1751//1751
f 1751//1751 1873//1873 1738//1738
f 1882//1882 1883//1883 1754//1754
f 1882//1882 1754//1754 1875//1875
f 1875//1875 1754//1754 1744//1744
f 1882//1882 1884//1884 1883//1883
f 1747//1747 1756//1756 1877//1877
f 1877//1877 1756//1756 1885//1885
f 1749//1749 1878//1878 1758//1758
f 1878//1878 1886//1886 1758//1758
f 1879//1879 1887//1887 1880//1880
f 1888//1888 1889//1889 1887//1887
f 1759//1759 1888//1888 1887//1887
f 1759//1759 1887//1887 1879//1879
f 1759//1759 1879//1879 1751//1751
f 1759//1759 1761//1761 1888//1888
f 1883//1883 1890//1890 1891//1891
f 1883//1883 1891//1891 1754//1754
f 1754//1754 1891//1891 1763//1763
f 1884//1884 1890//1890 1883//1883
f 1756//1756 1765//1765 1885//1885
f 1885//1885 1765//1765 1892//1892
f 1758//1758 1886//1886 1893//1893
f 1766//1766 1758//1758 1893//1893
f 1893//1893 1768//1768 1766//1766
f 1894//1894 1768//1768 1893//1893
f 1888//1888 1895//1895 1889//1889
f 1761//1761 1895//1895 1888//1888
f 1761//1761 1769//1769 1895//1895
f 1769//1769 1896//1896 1895//1895
f 1770//1770 1897//1897 1769//1769
f 1769//1769 1897//1897 1896//1896
f 1891//1891 1770//1770 1763//1763
f 1897//1897 1770//1770 1891//1891
f 1773//1773 1898//1898 1899//1899
f 1772//1772 1898//1898 1773//1773
f 1892//1892 1765//1765 1773//1773
f 1899//1899 1892//1892 1773//1773
f 1768//1768 1894//1894 1900//1900
f 1774//1774 1768//1768 1900//1900
f 1775//1775 1774//1774 1901//1901
f 1774//1774 1900//1900 1901//1901
f 1902//1902 1901//1901 1903//1903
f 1902//1902 1776//1776 1901//1901
f 1776//1776 1775//1775 1901//1901
f 1776//1776 1904//1904 1777//1777
f 1902//1902 1904//1904 1776//1776
f 1905//1905 1777//1777 1904//1904
f 1905//1905 1906//1906 1777//1777
f 1906//1906 1778//1778 1777//1777
f 1898//1898 1772//1772 1778//1778
f 1906//1906 1898//1898 1778//1778
f 1902//1902 1903//1903 1907//1907
f 1904//1904 1902//1902 1907//1907
f 1908//1908 1904//1904 1907//1907
f 1905//1905 1904//1904 1908//1908
f 1780//1780 1909//1909 1910//1910
f 1781//1781 1780//1780 1910//1910
f 1783//1783 1911//1911 1780//1780
f 1780//1780 1911//1911 1909//1909
f 1785//1785 1912//1912 1783//1783
f 1783//1783 1912//1912 1911//1911
f 1912//1912 1785//1785 1786//1786
f 1913//1913 1912//1912 1786//1786
f 1788//1788 1914//1914 1915//1915
f 1789//1789 1788//1788 1915//1915
f 1910//1910 1788//1788 1781//1781
f 1914//1914 1788//1788 1910//1910
f 1916//1916 1917//1917 1918//1918
f 1918//1918 1919//1919 1916//1916
f 1786//1786 1920//1920 1913//1913
f 1791//1791 1920//1920 1786//1786
f 1920//1920 1791//1791 1792//1792
f 1921//1921 1920//1920 1792//1792
f 1789//1789 1915//1915 1793//1793
f 1915//1915 1922//1922 1793//1793
f 1794//1794 1923//1923 1924//1924
f 1796//1796 1923//1923 1794//1794
f 1917//1917 1916//1916 1797//1797
f 1917//1917 1797//1797 1924//1924
f 1924//1924 1797//1797 1794//1794
f 1798//1798 1925//1925 1926//1926
f 1797//1797 1925//1925 1798//1798
f 1797//1797 1919//1919 1925//1925
f 1797//1797 1916//1916 1919//1919
f 1925//1925 1927//1927 1926//1926
f 1792//1792 1799//1799 1921//1921
f 1921//1921 1799//1799 1928//1928
f 1793//1793 1922//1922 1800//1800
f 1922//1922 1929//1929 1800//1800
f 1930//1930 1801//1801 1931//1931
f 1930//1930 1923//1923 1801//1801
f 1923//1923 1796//1796 1801//1801
f 1930//1930 1931//1931 1932//1932
f 1926//1926 1933//1933 1934//1934
f 1926//1926 1934//1934 1798//1798
f 1798//1798 1934//1934 1802//1802
f 1927//1927 1933//1933 1926//1926
f 1799//1799 1803//1803 1928//1928
f 1928//1928 1803//1803 1935//1935
f 1800//1800 1929//1929 1804//1804
f 1929//1929 1936//1936 1804//1804
f 1801//1801 1805//1805 1931//1931
f 1807//1807 1937//1937 1938//1938
f 1805//1805 1807//1807 1938//1938
f 1805//1805 1938//1938 1932//1932
f 1805//1805 1932//1932 1931//1931
f 1937//1937 1934//1934 1938//1938
f 1937//1937 1808//1808 1934//1934
f 1808//1808 1802//1802 1934//1934
f 1939//1939 1940//1940 1941//1941
f 1939//1939 1941//1941 1935//1935
f 1939//1939 1935//1935 1809//1809
f 1809//1809 1935//1935 1803//1803
f 1942//1942 1943//1943 1810//1810
f 1942//1942 1810//1810 1936//1936
f 1936//1936 1810//1810 1804//1804
f 1942//1942 1944//1944 1943//1943
f 1807//1807 1811//1811 1937//1937
f 1808//1808 1937//1937 1811//1811
f 1814//1814 1940//1940 1939//1939
f 1814//1814 1813//1813 1940//1940
f 1813//1813 1945//1945 1940//1940
f 1809//1809 1814//1814 1939//1939
f 1810//1810 1943//1943 1815//1815
f 1943//1943 1944//1944 1946//1946
f 1943//1943 1946//1946 1815//1815
f 1815//1815 1946//1946 1816//1816
f 1817//1817 1816//1816 1947//1947
f 1816//1816 1946//1946 1947//1947
f 1819//1819 1817//1817 1948//1948
f 1817//1817 1947//1947 1948//1948
f 1945//1945 1813//1813 1819//1819
f 1948//1948 1945//1945 1819//1819
f 1949//1949 1950//1950 1951//1951
f 1949//1949 1952//1952 1953//1953
f 1950//1950 1949//1949 1953//1953
f 1952//1952 1954//1954 1955//1955
f 1953//1953 1952//1952 1955//1955
f 1955//1955 1954//1954 1956//1956
f 1957//1957 1949//1949 1951//1951
f 1958//1958 1957//1957 1951//1951
f 1952//1952 1949//1949 1959//1959
f 1959//1959 1949//1949 1957//1957
f 1954//1954 1952//1952 1960//1960
f 1960//1960 1952//1952 1959//1959
f 1961//1961 1956//1956 1954//1954
f 1960//1960 1961//1961 1954//1954
f 1962//1962 1957//1957 1958//1958
f 1963//1963 1962//1962 1958//1958
f 1959//1959 1957//1957 1964//1964
f 1964//1964 1957//1957 1962//1962
f 1965//1965 1966//1966 1960//1960
f 1965//1965 1960//1960 1964//1964
f 1964//1964 1960//1960 1959//1959
f 1961//1961 1960//1960 1966//1966
f 1967//1967 1962//1962 1963//1963
f 1968//1968 1967//1967 1963//1963
f 1964//1964 1962//1962 1969//1969
f 1969//1969 1962//1962 1967//1967
f 1970//1970 1965//1965 1964//1964
f 1970//1970 1964//1964 1971//1971
f 1971//1971 1964//1964 1969//1969
f 1970//1970 1971//1971 1972//1972
f 1823//1823 1967//1967 1968//1968
f 1823//1823 1968//1968 1824//1824
f 1824//1824 1968//1968 1973//1973
f 1825//1825 1967//1967 1823//1823
f 1969//1969 1967//1967 1825//1825
f 1826//1826 1969//1969 1825//1825
f 1971//1971 1969//1969 1826//1826
f 1971//1971 1826//1826 1827//1827
f 1971//1971 1827//1827 1972//1972
f 1972//1972 1827//1827 1974//1974
f 1824//1824 1973//1973 1828//1828
f 1973//1973 1975//1975 1828//1828
f 1827//1827 1830//1830 1974//1974
f 1974//1974 1830//1830 1976//1976
f 1828//1828 1975//1975 1831//1831
f 1975//1975 1977//1977 1831//1831
f 1830//1830 1833//1833 1976//1976
f 1976//1976 1833//1833 1978//1978
f 1831//1831 1977//1977 1834//1834
f 1977//1977 1979//1979 1834//1834
f 1837//1837 1835//1835 1980//1980
f 1837//1837 1980//1980 1838//1838
f 1833//1833 1839//1839 1978//1978
f 1978//1978 1839//1839 1981//1981
f 1834//1834 1979//1979 1840//1840
f 1979//1979 1982//1982 1840//1840
f 1980//1980 1842//1842 1983//1983
f 1835//1835 1842//1842 1980//1980
f 1838//1838 1983//1983 1843//1843
f 1980//1980 1983//1983 1838//1838
f 1839//1839 1844//1844 1981//1981
f 1981//1981 1844//1844 1984//1984
f 1840//1840 1982//1982 1845//1845
f 1982//1982 1985//1985 1845//1845
f 1986//1986 1846//1846 1987//1987
f 1986//1986 1842//1842 1846//1846
f 1983//1983 1842//1842 1986//1986
f 1983//1983 1986//1986 1988//1988
f 1989//1989 1983//1983 1988//1988
f 1989//1989 1843//1843 1983//1983
f 1989//1989 1987//1987 1846//1846
f 1843//1843 1989//1989 1846//1846
f 1844//1844 1847//1847 1984//1984
f 1984//1984 1847//1847 1990//1990
f 1845//1845 1985//1985 1849//1849
f 1985//1985 1991//1991 1849//1849
f 1987//1987 1992//1992 1986//1986
f 1989//1989 1992//1992 1987//1987
f 1847//1847 1852//1852 1990//1990
f 1990//1990 1852//1852 1993//1993
f 1849//1849 1991//1991 1994//1994
f 1853//1853 1849//1849 1994//1994
f 1854//1854 1853//1853 1995//1995
f 1853//1853 1994//1994 1995//1995
f 1855//1855 1854//1854 1996//1996
f 1854//1854 1995//1995 1996//1996
f 1993//1993 1852//1852 1855//1855
f 1996//1996 1993//1993 1855//1855
f 1856//1856 1997//1997 1998//1998
f 1857//1857 1856//1856 1998//1998
f 1858//1858 1999//1999 1856//1856
f 1856//1856 1999//1999 1997//1997
f 1859//1859 2000//2000 1858//1858
f 1858//1858 2000//2000 1999//1999
f 1860//1860 2001//2001 1859//1859
f 1859//1859 2001//2001 2000//2000
f 2001//2001 1860//1860 1861//1861
f 2002//2002 2001//2001 1861//1861
f 1857//1857 1998//1998 1862//1862
f 1998//1998 2003//2003 1862//1862
f 1865//1865 1864//1864 2004//2004
f 1865//1865 2005//2005 1866//1866
f 2004//2004 2005//2005 1865//1865
f 1866//1866 2005//2005 1868//1868
f 1861//1861 2006//2006 2002//2002
f 1869//1869 2006//2006 1861//1861
f 2006//2006 1869//1869 1870//1870
f 2007//2007 2006//2006 1870//1870
f 1871//1871 2008//2008 2009//2009
f 1872//1872 1871//1871 2009//2009
f 2003//2003 1871//1871 1862//1862
f 2008//2008 1871//1871 2003//2003
f 2004//2004 2010//2010 2011//2011
f 2004//2004 1864//1864 2010//2010
f 1864//1864 1873//1873 2010//2010
f 2005//2005 2004//2004 2011//2011
f 2012//2012 2005//2005 2011//2011
f 1868//1868 2005//2005 2012//2012
f 1868//1868 2012//2012 1874//1874
f 1874//1874 2012//2012 2013//2013
f 2013//2013 1875//1875 1874//1874
f 2014//2014 1875//1875 2013//2013
f 1870//1870 2015//2015 2007//2007
f 1876//1876 2015//2015 1870//1870
f 2015//2015 1876//1876 1877//1877
f 2016//2016 2015//2015 1877//1877
f 1872//1872 2009//2009 1878//1878
f 2009//2009 2017//2017 1878//1878
f 1881//1881 1880//1880 2018//2018
f 1881//1881 2018//2018 2019//2019
f 1881//1881 2019//2019 1873//1873
f 1873//1873 2019//2019 2010//2010
f 1875//1875 2014//2014 2020//2020
f 1882//1882 1875//1875 2020//2020
f 2020//2020 1884//1884 1882//1882
f 2021//2021 1884//1884 2020//2020
f 1877//1877 1885//1885 2016//2016
f 2016//2016 1885//1885 2022//2022
f 1878//1878 2017//2017 1886//1886
f 2017//2017 2023//2023 1886//1886
f 1880//1880 1887//1887 2018//2018
f 2018//2018 1887//1887 1889//1889
f 2018//2018 1889//1889 2019//2019
f 2019//2019 1889//1889 2024//2024
f 1890//1890 2025//2025 2026//2026
f 1891//1891 1890//1890 2026//2026
f 2021//2021 1890//1890 1884//1884
f 2025//2025 1890//1890 2021//2021
f 1885//1885 1892//1892 2022//2022
f 2022//2022 1892//1892 2027//2027
f 1886//1886 2023//2023 2028//2028
f 1893//1893 1886//1886 2028//2028
f 2028//2028 1894//1894 1893//1893
f 2029//2029 1894//1894 2028//2028
f 1889//1889 2030//2030 2024//2024
f 1895//1895 2030//2030 1889//1889
f 1896//1896 2031//2031 1895//1895
f 1895//1895 2031//2031 2030//2030
f 1897//1897 2032//2032 1896//1896
f 1896//1896 2032//2032 2031//2031
f 2026//2026 1897//1897 1891//1891
f 2032//2032 1897//1897 2026//2026
f 1899//1899 2033//2033 2034//2034
f 1898//1898 2033//2033 1899//1899
f 2027//2027 1892//1892 1899//1899
f 2034//2034 2027//2027 1899//1899
f 1894//1894 2029//2029 2035//2035
f 1900//1900 1894//1894 2035//2035
f 1901//1901 1900//1900 2036//2036
f 1900//1900 2035//2035 2036//2036
f 2036//2036 1903//1903 1901//1901
f 2037//2037 1903//1903 2036//2036
f 1906//1906 2038//2038 2039//2039
f 1905//1905 2038//2038 1906//1906
f 2033//2033 1898//1898 1906//1906
f 2039//2039 2033//2033 1906//1906
f 1903//1903 2037//2037 2040//2040
f 1907//1907 1903//1903 2040//2040
f 1908//1908 1907//1907 2041//2041
f 1907//1907 2040//2040 2041//2041
f 2038//2038 1905//1905 1908//1908
f 2041//2041 2038//2038 1908//1908
f 1909//1909 2042//2042 2043//2043
f 1910//1910 1909//1909 2043//2043
f 1911//1911 2044//2044 1909//1909
f 1909//1909 2044//2044 2042//2042
f 1912//1912 2045//2045 1911//1911
f 1911//1911 2045//2045 2044//2044
f 2045//2045 1912//1912 1913//1913
f 2046//2046 2045//2045 1913//1913
f 1914//1914 2047//2047 2048//2048
f 1915//1915 1914//1914 2048//2048
f 2043//2043 1914//1914 1910//1910
f 2047//2047 1914//1914 2043//2043
f 1918//1918 1917//1917 2049//2049
f 1918//1918 2049//2049 1919//1919
f 1913//1913 2050//2050 2046//2046
f 1920//1920 2050//2050 1913//1913
f 2050//2050 1920//1920 1921//1921
f 2051//2051 2050//2050 1921//1921
f 1915//1915 2048//2048 1922//1922
f 2048//2048 2052//2052 1922//1922
f 1924//1924 2053//2053 2054//2054
f 1923//1923 2053//2053 1924//1924
f 2049//2049 1917//1917 1924//1924
f 2049//2049 1924//1924 2055//2055
f 2055//2055 1924//1924 2054//2054
f 2056//2056 2055//2055 2057//2057
f 1925//1925 2055//2055 2056//2056
f 1925//1925 2049//2049 2055//2055
f 1925//1925 1919//1919 2049//2049
f 1925//1925 2056//2056 1927//1927
f 1921//1921 1928//1928 2051//2051
f 2051//2051 1928//1928 2058//2058
f 1922//1922 2052//2052 1929//1929
f 2052//2052 2059//2059 1929//1929
f 1923//1923 2060//2060 2053//2053
f 1930//1930 2060//2060 1923//1923
f 2060//2060 1930//1930 1932//1932
f 2061//2061 2060//2060 1932//1932
f 1933//1933 2056//2056 2057//2057
f 1933//1933 2057//2057 1934//1934
f 1934//1934 2057//2057 2062//2062
f 1927//1927 2056//2056 1933//1933
f 1928//1928 1935//1935 2058//2058
f 2058//2058 1935//1935 2063//2063
f 1929//1929 2059//2059 1936//1936
f 2059//2059 2064//2064 1936//1936
f 1932//1932 2065//2065 2061//2061
f 1938//1938 2065//2065 1932//1932
f 2062//2062 1938//1938 1934//1934
f 2065//2065 1938//1938 2062//2062
f 1941//1941 1940//1940 2066//2066
f 1941//1941 2066//2066 2067//2067
f 1941//1941 2067//2067 1935//1935
f 1935//1935 2067//2067 2063//2063
f 1936//1936 2064//2064 2068//2068
f 1942//1942 1936//1936 2068//2068
f 2068//2068 1944//1944 1942//1942
f 2069//2069 1944//1944 2068//2068
f 2066//2066 2070//2070 2071//2071
f 2066//2066 1940//1940 2070//2070
f 1940//1940 1945//1945 2070//2070
f 2067//2067 2066//2066 2071//2071
f 1944//1944 2069//2069 2072//2072
f 1946//1946 1944//1944 2072//2072
f 1947//1947 1946//1946 2073//2073
f 1946//1946 2072//2072 2073//2073
f 1948//1948 1947//1947 2074//2074
f 1947//1947 2073//2073 2074//2074
f 2070//2070 1945//1945 1948//1948
f 2074//2074 2070//2070 1948//1948
f 2075//2075 2076//2076 2077//2077
f 2075//2075 2078//2078 2079//2079
f 2076//2076 2075//2075 2079//2079
f 2078//2078 2080//2080 2081//2081
f 2079//2079 2078//2078 2081//2081
f 2081//2081 2080//2080 2082//2082
f 2083//2083 2084//2084 2085//2085
f 2077//2077 2084//2084 2083//2083
f 2075//2075 2077//2077 2083//2083
f 2075//2075 2083//2083 1951//1951
f 2075//2075 1951//1951 1950//1950
f 1953//1953 2075//2075 1950//1950
f 2078//2078 2075//2075 1953//1953
f 1955//1955 2078//2078 1953//1953
f 2080//2080 2078//2078 1955//1955
f 1956//1956 2086//2086 2087//2087
f 1955//1955 1956//1956 2087//2087
f 1955//1955 2087//2087 2082//2082
f 1955//1955 2082//2082 2080//2080
f 2087//2087 2086//2086 2088//2088
f 2089//2089 2083//2083 2085//2085
f 2090//2090 2089//2089 2085//2085
f 1951//1951 2089//2089 1958//1958
f 2083//2083 2089//2089 1951//1951
f 2091//2091 2092//2092 2093//2093
f 2093//2093 2094//2094 2091//2091
f 2086//2086 1961//1961 2095//2095
f 1956//1956 1961//1961 2086//2086
f 2096//2096 2088//2088 2086//2086
f 2095//2095 2096//2096 2086//2086
f 2097//2097 2089//2089 2090//2090
f 2098//2098 2097//2097 2090//2090
f 1958//1958 2097//2097 1963//1963
f 2089//2089 2097//2097 1958//1958
f 2091//2091 2099//2099 2092//2092
f 1966//1966 1965//1965 2100//2100
f 2091//2091 2094//2094 2099//2099
f 1966//1966 2100//2100 2101//2101
f 1961//1961 1966//1966 2101//2101
f 1961//1961 2101//2101 2102//2102
f 1961//1961 2102//2102 2095//2095
f 2096//2096 2095//2095 2102//2102
f 2097//2097 2098//2098 2103//2103
f 2103//2103 1963//1963 2097//2097
f 2103//2103 2104//2104 1963//1963
f 2104//2104 1968//1968 1963//1963
f 1965//1965 1970//1970 2100//2100
f 2100//2100 1970//1970 1972//1972
f 2100//2100 1972//1972 2101//2101
f 2101//2101 1972//1972 2105//2105
f 1968//1968 2104//2104 1973//1973
f 2104//2104 2106//2106 1973//1973
f 2107//2107 2108//2108 2109//2109
f 2109//2109 2110//2110 2107//2107
f 1972//1972 1974//1974 2105//2105
f 2105//2105 1974//1974 2111//2111
f 2112//2112 2113//2113 2114//2114
f 2112//2112 2106//2106 2113//2113
f 2112//2112 1975//1975 2106//2106
f 1975//1975 1973//1973 2106//2106
f 2115//2115 2108//2108 2107//2107
f 2116//2116 2108//2108 2115//2115
f 2117//2117 2107//2107 2110//2110
f 2115//2115 2107//2107 2117//2117
f 2118//2118 1976//1976 2119//2119
f 2118//2118 2111//2111 1976//1976
f 2111//2111 1974//1974 1976//1976
f 2118//2118 2119//2119 2120//2120
f 2121//2121 2112//2112 2114//2114
f 2122//2122 2121//2121 2114//2114
f 1975//1975 2121//2121 1977//1977
f 2112//2112 2121//2121 1975//1975
f 2123//2123 2116//2116 2115//2115
f 2124//2124 2116//2116 2123//2123
f 2125//2125 2115//2115 2117//2117
f 2123//2123 2115//2115 2125//2125
f 2119//2119 1978//1978 2126//2126
f 1976//1976 1978//1978 2119//2119
f 2127//2127 2120//2120 2119//2119
f 2127//2127 2119//2119 2128//2128
f 2128//2128 2119//2119 2126//2126
f 2127//2127 2128//2128 2129//2129
f 2130//2130 2121//2121 2122//2122
f 2131//2131 2130//2130 2122//2122
f 1977//1977 2130//2130 1979//1979
f 2121//2121 2130//2130 1977//1977
f 2132//2132 2124//2124 2123//2123
f 2133//2133 2124//2124 2132//2132
f 2134//2134 2123//2123 2125//2125
f 2132//2132 2123//2123 2134//2134
f 2126//2126 1981//1981 2135//2135
f 1978//1978 1981//1981 2126//2126
f 2128//2128 2126//2126 2136//2136
f 2136//2136 2126//2126 2135//2135
f 2137//2137 2129//2129 2128//2128
f 2136//2136 2137//2137 2128//2128
f 2138//2138 2130//2130 2131//2131
f 2139//2139 2138//2138 2131//2131
f 1979//1979 2138//2138 1982//1982
f 2130//2130 2138//2138 1979//1979
f 2140//2140 2133//2133 2132//2132
f 2141//2141 2133//2133 2140//2140
f 2142//2142 2132//2132 2134//2134
f 2140//2140 2132//2132 2142//2142
f 2135//2135 1984//1984 2143//2143
f 1981//1981 1984//1984 2135//2135
f 2144//2144 2145//2145 2136//2136
f 2144//2144 2136//2136 2143//2143
f 2143//2143 2136//2136 2135//2135
f 2137//2137 2136//2136 2145//2145
f 2138//2138 2139//2139 2146//2146
f 2146//2146 1982//1982 2138//2138
f 2146//2146 2147//2147 1982//1982
f 2147//2147 1985//1985 1982//1982
f 2141//2141 2148//2148 2149//2149
f 2141//2141 1986//1986 2148//2148
f 2141//2141 2140//2140 1988//1988
f 1986//1986 2141//2141 1988//1988
f 1989//1989 2149//2149 2148//2148
f 1989//1989 2142//2142 2149//2149
f 1989//1989 1988//1988 2140//2140
f 2142//2142 1989//1989 2140//2140
f 2143//2143 2150//2150 2151//2151
f 2143//2143 1984//1984 2150//2150
f 1984//1984 1990//1990 2150//2150
f 2144//2144 2143//2143 2151//2151
f 1985//1985 2147//2147 1991//1991
f 2147//2147 2152//2152 1991//1991
f 1986//1986 1992//1992 2148//2148
f 1989//1989 2148//2148 1992//1992
f 1990//1990 1993//1993 2150//2150
f 2150//2150 1993//1993 2153//2153
f 1991//1991 2152//2152 2154//2154
f 1994//1994 1991//1991 2154//2154
f 1995//1995 1994//1994 2155//2155
f 1994//1994 2154//2154 2155//2155
f 1996//1996 1995//1995 2156//2156
f 1995//1995 2155//2155 2156//2156
f 2153//2153 1993//1993 1996//1996
f 2156//2156 2153//2153 1996//1996
f 1997//1997 2157//2157 1998//1998
f 1997//1997 1999//1999 2158//2158
f 2157//2157 1997//1997 2158//2158
f 1999//1999 2000//2000 2159//2159
f 2158//2158 1999//1999 2159//2159
f 2000//2000 2001//2001 2160//2160
f 2159//2159 2000//2000 2160//2160
f 2001//2001 2002//2002 2160//2160
f 2157//2157 2161//2161 2162//2162
f 2157//2157 2162//2162 1998//1998
f 1998//1998 2162//2162 2003//2003
f 2158//2158 2161//2161 2157//2157
f 2163//2163 2161//2161 2158//2158
f 2159//2159 2163//2163 2158//2158
f 2164//2164 2163//2163 2159//2159
f 2160//2160 2164//2164 2159//2159
f 2165//2165 2164//2164 2160//2160
f 2002//2002 2165//2165 2160//2160
f 2002//2002 2006//2006 2165//2165
f 2006//2006 2166//2166 2165//2165
f 2166//2166 2006//2006 2007//2007
f 2167//2167 2166//2166 2007//2007
f 2008//2008 2168//2168 2009//2009
f 2008//2008 2169//2169 2168//2168
f 2008//2008 2003//2003 2169//2169
f 2003//2003 2162//2162 2169//2169
f 2011//2011 2010//2010 2170//2170
f 2011//2011 2171//2171 2012//2012
f 2170//2170 2171//2171 2011//2011
f 2012//2012 2172//2172 2013//2013
f 2171//2171 2172//2172 2012//2012
f 2013//2013 2172//2172 2014//2014
f 2173//2173 2007//2007 2015//2015
f 2173//2173 2174//2174 2007//2007
f 2174//2174 2167//2167 2007//2007
f 2015//2015 2016//2016 2173//2173
f 2168//2168 2175//2175 2017//2017
f 2009//2009 2168//2168 2017//2017
f 2176//2176 2168//2168 2169//2169
f 2175//2175 2168//2168 2176//2176
f 2170//2170 2019//2019 2177//2177
f 2010//2010 2019//2019 2170//2170
f 2178//2178 2179//2179 2171//2171
f 2178//2178 2171//2171 2177//2177
f 2177//2177 2171//2171 2170//2170
f 2172//2172 2171//2171 2179//2179
f 2180//2180 2172//2172 2179//2179
f 2181//2181 2180//2180 2182//2182
f 2020//2020 2180//2180 2181//2181
f 2020//2020 2172//2172 2180//2180
f 2020//2020 2014//2014 2172//2172
f 2173//2173 2183//2183 2174//2174
f 2021//2021 2020//2020 2181//2181
f 2183//2183 2173//2173 2016//2016
f 2183//2183 2016//2016 2184//2184
f 2184//2184 2016//2016 2022//2022
f 2175//2175 2185//2185 2023//2023
f 2017//2017 2175//2175 2023//2023
f 2186//2186 2175//2175 2176//2176
f 2185//2185 2175//2175 2186//2186
f 2177//2177 2024//2024 2187//2187
f 2019//2019 2024//2024 2177//2177
f 2188//2188 2178//2178 2177//2177
f 2188//2188 2177//2177 2189//2189
f 2189//2189 2177//2177 2187//2187
f 2189//2189 2190//2190 2191//2191
f 2188//2188 2189//2189 2191//2191
f 2182//2182 2191//2191 2190//2190
f 2181//2181 2182//2182 2190//2190
f 2181//2181 2190//2190 2026//2026
f 2181//2181 2026//2026 2025//2025
f 2021//2021 2181//2181 2025//2025
f 2192//2192 2193//2193 2194//2194
f 2193//2193 2192//2192 2184//2184
f 2193//2193 2184//2184 2027//2027
f 2027//2027 2184//2184 2022//2022
f 2023//2023 2185//2185 2028//2028
f 2029//2029 2195//2195 2196//2196
f 2028//2028 2195//2195 2029//2029
f 2028//2028 2186//2186 2195//2195
f 2028//2028 2185//2185 2186//2186
f 2024//2024 2030//2030 2187//2187
f 2196//2196 2195//2195 2197//2197
f 2031//2031 2187//2187 2030//2030
f 2189//2189 2187//2187 2031//2031
f 2032//2032 2189//2189 2031//2031
f 2190//2190 2189//2189 2032//2032
f 2026//2026 2190//2190 2032//2032
f 2034//2034 2194//2194 2193//2193
f 2034//2034 2033//2033 2194//2194
f 2033//2033 2198//2198 2194//2194
f 2027//2027 2034//2034 2193//2193
f 2029//2029 2196//2196 2035//2035
f 2196//2196 2197//2197 2199//2199
f 2196//2196 2199//2199 2035//2035
f 2035//2035 2199//2199 2036//2036
f 2037//2037 2200//2200 2201//2201
f 2037//2037 2036//2036 2200//2200
f 2036//2036 2199//2199 2200//2200
f 2201//2201 2202//2202 2203//2203
f 2200//2200 2202//2202 2201//2201
f 2203//2203 2039//2039 2038//2038
f 2203//2203 2202//2202 2039//2039
f 2202//2202 2204//2204 2039//2039
f 2198//2198 2033//2033 2039//2039
f 2204//2204 2198//2198 2039//2039
f 2037//2037 2201//2201 2040//2040
f 2041//2041 2040//2040 2201//2201
f 2203//2203 2041//2041 2201//2201
f 2038//2038 2041//2041 2203//2203
f 2042//2042 2205//2205 2043//2043
f 2206//2206 2205//2205 2042//2042
f 2206//2206 2042//2042 2207//2207
f 2207//2207 2042//2042 2044//2044
f 2208//2208 2209//2209 2207//2207
f 2208//2208 2207//2207 2045//2045
f 2045//2045 2207//2207 2044//2044
f 2045//2045 2046//2046 2208//2208
f 2047//2047 2210//2210 2211//2211
f 2048//2048 2047//2047 2211//2211
f 2205//2205 2047//2047 2043//2043
f 2205//2205 2212//2212 2047//2047
f 2212//2212 2210//2210 2047//2047
f 2206//2206 2212//2212 2205//2205
f 2208//2208 2213//2213 2209//2209
f 2214//2214 2215//2215 2213//2213
f 2050//2050 2214//2214 2213//2213
f 2050//2050 2213//2213 2208//2208
f 2050//2050 2208//2208 2046//2046
f 2050//2050 2051//2051 2214//2214
f 2048//2048 2211//2211 2052//2052
f 2211//2211 2216//2216 2052//2052
f 2054//2054 2217//2217 2218//2218
f 2053//2053 2217//2217 2054//2054
f 2055//2055 2054//2054 2219//2219
f 2054//2054 2218//2218 2219//2219
f 2219//2219 2057//2057 2055//2055
f 2220//2220 2057//2057 2219//2219
f 2214//2214 2221//2221 2215//2215
f 2221//2221 2214//2214 2051//2051
f 2221//2221 2051//2051 2222//2222
f 2222//2222 2051//2051 2058//2058
f 2052//2052 2216//2216 2059//2059
f 2216//2216 2223//2223 2059//2059
f 2224//2224 2053//2053 2060//2060
f 2224//2224 2225//2225 2053//2053
f 2225//2225 2217//2217 2053//2053
f 2060//2060 2061//2061 2224//2224
f 2226//2226 2227//2227 2062//2062
f 2226//2226 2062//2062 2220//2220
f 2220//2220 2062//2062 2057//2057
f 2226//2226 2228//2228 2227//2227
f 2058//2058 2063//2063 2222//2222
f 2222//2222 2063//2063 2229//2229
f 2059//2059 2223//2223 2064//2064
f 2223//2223 2230//2230 2064//2064
f 2224//2224 2231//2231 2225//2225
f 2232//2232 2233//2233 2231//2231
f 2065//2065 2232//2232 2231//2231
f 2065//2065 2231//2231 2224//2224
f 2065//2065 2224//2224 2061//2061
f 2065//2065 2234//2234 2232//2232
f 2062//2062 2234//2234 2065//2065
f 2062//2062 2235//2235 2234//2234
f 2062//2062 2227//2227 2235//2235
f 2228//2228 2235//2235 2227//2227
f 2063//2063 2067//2067 2229//2229
f 2229//2229 2067//2067 2236//2236
f 2064//2064 2230//2230 2237//2237
f 2068//2068 2064//2064 2237//2237
f 2237//2237 2069//2069 2068//2068
f 2238//2238 2069//2069 2237//2237
f 2232//2232 2239//2239 2233//2233
f 2234//2234 2239//2239 2232//2232
f 2071//2071 2070//2070 2240//2240
f 2071//2071 2240//2240 2241//2241
f 2071//2071 2241//2241 2067//2067
f 2067//2067 2241//2241 2236//2236
f 2069//2069 2238//2238 2242//2242
f 2072//2072 2069//2069 2242//2242
f 2073//2073 2072//2072 2243//2243
f 2072//2072 2242//2242 2243//2243
f 2074//2074 2073//2073 2244//2244
f 2073//2073 2243//2243 2244//2244
f 2240//2240 2070//2070 2074//2074
f 2240//2240 2074//2074 2245//2245
f 2245//2245 2074//2074 2244//2244
f 2241//2241 2240//2240 2245//2245
f 2246//2246 2247//2247 2248//2248
f 2246//2246 2077//2077 2076//2076
f 2246//2246 2076//2076 2247//2247
f 2247//2247 2076//2076 2249//2249
f 2079//2079 2250//2250 2076//2076
f 2076//2076 2250//2250 2249//2249
f 2081//2081 2251//2251 2079//2079
f 2079//2079 2251//2251 2250//2250
f 2251//2251 2081//2081 2082//2082
f 2252//2252 2251//2251 2082//2082
f 2084//2084 2246//2246 2248//2248
f 2084//2084 2248//2248 2085//2085
f 2085//2085 2248//2248 2253//2253
f 2077//2077 2246//2246 2084//2084
f 2254//2254 2255//2255 2256//2256
f 2256//2256 2257//2257 2254//2254
f 2082//2082 2258//2258 2252//2252
f 2087//2087 2258//2258 2082//2082
f 2258//2258 2087//2087 2088//2088
f 2259//2259 2258//2258 2088//2088
f 2085//2085 2253//2253 2090//2090
f 2253//2253 2260//2260 2090//2090
f 2261//2261 2262//2262 2263//2263
f 2255//2255 2261//2261 2263//2263
f 2254//2254 2261//2261 2255//2255
f 2254//2254 2092//2092 2261//2261
f 2254//2254 2093//2093 2092//2092
f 2254//2254 2094//2094 2093//2093
f 2254//2254 2257//2257 2094//2094
f 2257//2257 2264//2264 2094//2094
f 2088//2088 2096//2096 2259//2259
f 2259//2259 2096//2096 2265//2265
f 2090//2090 2260//2260 2098//2098
f 2260//2260 2266//2266 2098//2098
f 2261//2261 2267//2267 2262//2262
f 2268//2268 2269//2269 2267//2267
f 2099//2099 2268//2268 2267//2267
f 2099//2099 2267//2267 2261//2261
f 2099//2099 2261//2261 2092//2092
f 2099//2099 2270//2270 2268//2268
f 2099//2099 2094//2094 2270//2270
f 2094//2094 2264//2264 2270//2270
f 2102//2102 2101//2101 2271//2271
f 2102//2102 2271//2271 2272//2272
f 2102//2102 2272//2272 2096//2096
f 2096//2096 2272//2272 2265//2265
f 2098//2098 2266//2266 2273//2273
f 2103//2103 2098//2098 2273//2273
f 2273//2273 2104//2104 2103//2103
f 2274//2274 2104//2104 2273//2273
f 2275//2275 2269//2269 2268//2268
f 2276//2276 2269//2269 2275//2275
f 2277//2277 2268//2268 2270//2270
f 2275//2275 2268//2268 2277//2277
f 2271//2271 2278//2278 2279//2279
f 2271//2271 2101//2101 2278//2278
f 2101//2101 2105//2105 2278//2278
f 2272//2272 2271//2271 2279//2279
f 2280//2280 2281//2281 2282//2282
f 2280//2280 2274//2274 2281//2281
f 2280//2280 2106//2106 2274//2274
f 2106//2106 2104//2104 2274//2274
f 2109//2109 2276//2276 2275//2275
f 2109//2109 2108//2108 2276//2276
f 2108//2108 2283//2283 2276//2276
f 2275//2275 2110//2110 2109//2109
f 2275//2275 2277//2277 2110//2110
f 2277//2277 2284//2284 2110//2110
f 2285//2285 2111//2111 2286//2286
f 2285//2285 2278//2278 2111//2111
f 2278//2278 2105//2105 2111//2111
f 2285//2285 2286//2286 2287//2287
f 2113//2113 2280//2280 2282//2282
f 2113//2113 2282//2282 2114//2114
f 2114//2114 2282//2282 2288//2288
f 2106//2106 2280//2280 2113//2113
f 2289//2289 2290//2290 2291//2291
f 2290//2290 2289//2289 2283//2283
f 2290//2290 2283//2283 2116//2116
f 2116//2116 2283//2283 2108//2108
f 2292//2292 2293//2293 2117//2117
f 2292//2292 2117//2117 2284//2284
f 2284//2284 2117//2117 2110//2110
f 2111//2111 2118//2118 2286//2286
f 2293//2293 2292//2292 2294//2294
f 2120//2120 2295//2295 2296//2296
f 2118//2118 2120//2120 2296//2296
f 2118//2118 2296//2296 2287//2287
f 2118//2118 2287//2287 2286//2286
f 2296//2296 2295//2295 2297//2297
f 2298//2298 2299//2299 2300//2300
f 2298//2298 2288//2288 2299//2299
f 2298//2298 2122//2122 2288//2288
f 2122//2122 2114//2114 2288//2288
f 2301//2301 2291//2291 2290//2290
f 2302//2302 2291//2291 2301//2301
f 2116//2116 2124//2124 2301//2301
f 2290//2290 2116//2116 2301//2301
f 2293//2293 2303//2303 2125//2125
f 2117//2117 2293//2293 2125//2125
f 2304//2304 2293//2293 2294//2294
f 2303//2303 2293//2293 2304//2304
f 2120//2120 2127//2127 2295//2295
f 2295//2295 2127//2127 2129//2129
f 2295//2295 2129//2129 2297//2297
f 2297//2297 2129//2129 2305//2305
f 2298//2298 2300//2300 2306//2306
f 2306//2306 2122//2122 2298//2298
f 2306//2306 2307//2307 2122//2122
f 2307//2307 2131//2131 2122//2122
f 2308//2308 2302//2302 2301//2301
f 2309//2309 2302//2302 2308//2308
f 2124//2124 2133//2133 2308//2308
f 2301//2301 2124//2124 2308//2308
f 2303//2303 2310//2310 2134//2134
f 2125//2125 2303//2303 2134//2134
f 2311//2311 2303//2303 2304//2304
f 2310//2310 2303//2303 2311//2311
f 2129//2129 2137//2137 2305//2305
f 2305//2305 2137//2137 2312//2312
f 2131//2131 2307//2307 2139//2139
f 2307//2307 2313//2313 2139//2139
f 2308//2308 2314//2314 2309//2309
f 2314//2314 2308//2308 2133//2133
f 2314//2314 2133//2133 2315//2315
f 2315//2315 2133//2133 2141//2141
f 2310//2310 2316//2316 2317//2317
f 2310//2310 2317//2317 2134//2134
f 2134//2134 2317//2317 2142//2142
f 2311//2311 2316//2316 2310//2310
f 2145//2145 2144//2144 2318//2318
f 2145//2145 2318//2318 2319//2319
f 2145//2145 2319//2319 2137//2137
f 2137//2137 2319//2319 2312//2312
f 2139//2139 2313//2313 2320//2320
f 2146//2146 2139//2139 2320//2320
f 2320//2320 2147//2147 2146//2146
f 2321//2321 2147//2147 2320//2320
f 2141//2141 2322//2322 2315//2315
f 2149//2149 2322//2322 2141//2141
f 2317//2317 2149//2149 2142//2142
f 2322//2322 2149//2149 2317//2317
f 2151//2151 2150//2150 2323//2323
f 2151//2151 2323//2323 2324//2324
f 2144//2144 2151//2151 2324//2324
f 2144//2144 2324//2324 2325//2325
f 2144//2144 2325//2325 2318//2318
f 2319//2319 2318//2318 2325//2325
f 2326//2326 2327//2327 2152//2152
f 2326//2326 2152//2152 2321//2321
f 2321//2321 2152//2152 2147//2147
f 2327//2327 2328//2328 2329//2329
f 2326//2326 2328//2328 2327//2327
f 2329//2329 2330//2330 2331//2331
f 2328//2328 2330//2330 2329//2329
f 2323//2323 2330//2330 2332//2332
f 2323//2323 2153//2153 2330//2330
f 2323//2323 2150//2150 2153//2153
f 2153//2153 2331//2331 2330//2330
f 2324//2324 2323//2323 2332//2332
f 2152//2152 2327//2327 2154//2154
f 2155//2155 2154//2154 2327//2327
f 2329//2329 2155//2155 2327//2327
f 2156//2156 2155//2155 2329//2329
f 2331//2331 2156//2156 2329//2329
f 2153//2153 2156//2156 2331//2331
f 2161//2161 2333//2333 2162//2162
f 2161//2161 2163//2163 2334//2334
f 2333//2333 2161//2161 2334//2334
f 2163//2163 2164//2164 2335//2335
f 2334//2334 2163//2163 2335//2335
f 2164//2164 2165//2165 2336//2336
f 2335//2335 2164//2164 2336//2336
f 2165//2165 2166//2166 2337//2337
f 2336//2336 2165//2165 2337//2337
f 2166//2166 2167//2167 2337//2337
f 2333//2333 2338//2338 2169//2169
f 2162//2162 2333//2333 2169//2169
f 2339//2339 2334//2334 2340//2340
f 2339//2339 2338//2338 2334//2334
f 2338//2338 2333//2333 2334//2334
f 2335//2335 2340//2340 2334//2334
f 2341//2341 2340//2340 2335//2335
f 2336//2336 2341//2341 2335//2335
f 2342//2342 2341//2341 2336//2336
f 2342//2342 2343//2343 2344//2344
f 2342//2342 2336//2336 2343//2343
f 2336//2336 2337//2337 2343//2343
f 2167//2167 2174//2174 2343//2343
f 2337//2337 2167//2167 2343//2343
f 2338//2338 2345//2345 2176//2176
f 2169//2169 2338//2338 2176//2176
f 2346//2346 2338//2338 2339//2339
f 2345//2345 2338//2338 2346//2346
f 2179//2179 2347//2347 2348//2348
f 2178//2178 2347//2347 2179//2179
f 2349//2349 2348//2348 2350//2350
f 2349//2349 2180//2180 2348//2348
f 2180//2180 2179//2179 2348//2348
f 2343//2343 2351//2351 2344//2344
f 2182//2182 2180//2180 2349//2349
f 2352//2352 2353//2353 2351//2351
f 2183//2183 2352//2352 2351//2351
f 2183//2183 2351//2351 2343//2343
f 2183//2183 2343//2343 2174//2174
f 2183//2183 2184//2184 2352//2352
f 2345//2345 2354//2354 2186//2186
f 2176//2176 2345//2345 2186//2186
f 2355//2355 2345//2345 2346//2346
f 2354//2354 2345//2345 2355//2355
f 2178//2178 2356//2356 2347//2347
f 2188//2188 2356//2356 2178//2178
f 2350//2350 2191//2191 2349//2349
f 2350//2350 2356//2356 2191//2191
f 2356//2356 2188//2188 2191//2191
f 2182//2182 2349//2349 2191//2191
f 2192//2192 2353//2353 2352//2352
f 2192//2192 2194//2194 2353//2353
f 2194//2194 2357//2357 2353//2353
f 2184//2184 2192//2192 2352//2352
f 2186//2186 2354//2354 2195//2195
f 2197//2197 2358//2358 2359//2359
f 2195//2195 2358//2358 2197//2197
f 2195//2195 2355//2355 2358//2358
f 2195//2195 2354//2354 2355//2355
f 2358//2358 2360//2360 2359//2359
f 2361//2361 2362//2362 2363//2363
f 2361//2361 2363//2363 2357//2357
f 2361//2361 2357//2357 2198//2198
f 2198//2198 2357//2357 2194//2194
f 2197//2197 2359//2359 2199//2199
f 2359//2359 2360//2360 2364//2364
f 2359//2359 2364//2364 2199//2199
f 2199//2199 2364//2364 2200//2200
f 2202//2202 2200//2200 2365//2365
f 2200//2200 2364//2364 2365//2365
f 2362//2362 2361//2361 2204//2204
f 2362//2362 2204//2204 2365//2365
f 2365//2365 2204//2204 2202//2202
f 2198//2198 2204//2204 2361//2361
f 2207//2207 2366//2366 2206//2206
f 2207//2207 2209//2209 2366//2366
f 2210//2210 2367//2367 2368//2368
f 2211//2211 2210//2210 2368//2368
f 2212//2212 2369//2369 2210//2210
f 2210//2210 2369//2369 2367//2367
f 2366//2366 2212//2212 2206//2206
f 2366//2366 2370//2370 2212//2212
f 2370//2370 2369//2369 2212//2212
f 2209//2209 2370//2370 2366//2366
f 2209//2209 2213//2213 2370//2370
f 2213//2213 2371//2371 2370//2370
f 2371//2371 2213//2213 2215//2215
f 2372//2372 2371//2371 2215//2215
f 2211//2211 2368//2368 2216//2216
f 2368//2368 2373//2373 2216//2216
f 2218//2218 2217//2217 2374//2374
f 2375//2375 2218//2218 2374//2374
f 2375//2375 2376//2376 2218//2218
f 2376//2376 2219//2219 2218//2218
f 2376//2376 2220//2220 2219//2219
f 2377//2377 2220//2220 2376//2376
f 2215//2215 2378//2378 2372//2372
f 2221//2221 2378//2378 2215//2215
f 2378//2378 2221//2221 2222//2222
f 2379//2379 2378//2378 2222//2222
f 2216//2216 2373//2373 2223//2223
f 2373//2373 2380//2380 2223//2223
f 2374//2374 2381//2381 2382//2382
f 2374//2374 2217//2217 2381//2381
f 2217//2217 2225//2225 2381//2381
f 2375//2375 2374//2374 2382//2382
f 2220//2220 2377//2377 2383//2383
f 2226//2226 2220//2220 2383//2383
f 2383//2383 2228//2228 2226//2226
f 2384//2384 2228//2228 2383//2383
f 2222//2222 2229//2229 2379//2379
f 2379//2379 2229//2229 2385//2385
f 2223//2223 2380//2380 2230//2230
f 2380//2380 2386//2386 2230//2230
f 2225//2225 2387//2387 2381//2381
f 2231//2231 2387//2387 2225//2225
f 2387//2387 2231//2231 2233//2233
f 2388//2388 2387//2387 2233//2233
f 2235//2235 2389//2389 2390//2390
f 2234//2234 2235//2235 2390//2390
f 2384//2384 2235//2235 2228//2228
f 2389//2389 2235//2235 2384//2384
f 2229//2229 2236//2236 2385//2385
f 2385//2385 2236//2236 2391//2391
f 2230//2230 2386//2386 2392//2392
f 2237//2237 2230//2230 2392//2392
f 2392//2392 2238//2238 2237//2237
f 2393//2393 2238//2238 2392//2392
f 2233//2233 2394//2394 2388//2388
f 2239//2239 2394//2394 2233//2233
f 2390//2390 2239//2239 2234//2234
f 2394//2394 2239//2239 2390//2390
f 2236//2236 2241//2241 2391//2391
f 2391//2391 2241//2241 2395//2395
f 2238//2238 2393//2393 2396//2396
f 2242//2242 2238//2238 2396//2396
f 2243//2243 2242//2242 2397//2397
f 2242//2242 2396//2396 2397//2397
f 2244//2244 2243//2243 2398//2398
f 2243//2243 2397//2397 2398//2398
f 2245//2245 2244//2244 2399//2399
f 2244//2244 2398//2398 2399//2399
f 2395//2395 2241//2241 2245//2245
f 2399//2399 2395//2395 2245//2245
f 2247//2247 2400//2400 2401//2401
f 2248//2248 2247//2247 2401//2401
f 2249//2249 2402//2402 2247//2247
f 2247//2247 2402//2402 2400//2400
f 2250//2250 2403//2403 2249//2249
f 2249//2249 2403//2403 2402//2402
f 2251//2251 2404//2404 2250//2250
f 2250//2250 2404//2404 2403//2403
f 2404//2404 2251//2251 2252//2252
f 2405//2405 2404//2404 2252//2252
f 2248//2248 2401//2401 2253//2253
f 2401//2401 2406//2406 2253//2253
f 2256//2256 2407//2407 2408//2408
f 2255//2255 2407//2407 2256//2256
f 2408//2408 2257//2257 2256//2256
f 2409//2409 2257//2257 2408//2408
f 2252//2252 2410//2410 2405//2405
f 2258//2258 2410//2410 2252//2252
f 2410//2410 2258//2258 2259//2259
f 2411//2411 2410//2410 2259//2259
f 2253//2253 2406//2406 2260//2260
f 2406//2406 2412//2412 2260//2260
f 2263//2263 2262//2262 2413//2413
f 2263//2263 2413//2413 2414//2414
f 2263//2263 2414//2414 2255//2255
f 2255//2255 2414//2414 2407//2407
f 2257//2257 2409//2409 2264//2264
f 2409//2409 2415//2415 2264//2264
f 2259//2259 2265//2265 2411//2411
f 2411//2411 2265//2265 2416//2416
f 2260//2260 2412//2412 2266//2266
f 2412//2412 2417//2417 2266//2266
f 2262//2262 2267//2267 2413//2413
f 2413//2413 2267//2267 2269//2269
f 2413//2413 2269//2269 2414//2414
f 2414//2414 2269//2269 2418//2418
f 2264//2264 2415//2415 2270//2270
f 2415//2415 2419//2419 2270//2270
f 2265//2265 2272//2272 2416//2416
f 2416//2416 2272//2272 2420//2420
f 2266//2266 2417//2417 2421//2421
f 2273//2273 2266//2266 2421//2421
f 2421//2421 2274//2274 2273//2273
f 2422//2422 2274//2274 2421//2421
f 2423//2423 2276//2276 2424//2424
f 2423//2423 2418//2418 2276//2276
f 2418//2418 2269//2269 2276//2276
f 2424//2424 2419//2419 2423//2423
f 2424//2424 2277//2277 2419//2419
f 2277//2277 2270//2270 2419//2419
f 2279//2279 2425//2425 2426//2426
f 2278//2278 2425//2425 2279//2279
f 2420//2420 2272//2272 2279//2279
f 2426//2426 2420//2420 2279//2279
f 2281//2281 2427//2427 2428//2428
f 2282//2282 2281//2281 2428//2428
f 2422//2422 2281//2281 2274//2274
f 2427//2427 2281//2281 2422//2422
f 2424//2424 2283//2283 2429//2429
f 2276//2276 2283//2283 2424//2424
f 2277//2277 2429//2429 2284//2284
f 2424//2424 2429//2429 2277//2277
f 2278//2278 2430//2430 2425//2425
f 2285//2285 2430//2430 2278//2278
f 2430//2430 2285//2285 2287//2287
f 2431//2431 2430//2430 2287//2287
f 2282//2282 2428//2428 2288//2288
f 2428//2428 2432//2432 2288//2288
f 2289//2289 2433//2433 2434//2434
f 2291//2291 2433//2433 2289//2289
f 2429//2429 2283//2283 2289//2289
f 2429//2429 2289//2289 2435//2435
f 2435//2435 2289//2289 2434//2434
f 2284//2284 2429//2429 2435//2435
f 2284//2284 2435//2435 2292//2292
f 2292//2292 2435//2435 2436//2436
f 2436//2436 2294//2294 2292//2292
f 2437//2437 2294//2294 2436//2436
f 2287//2287 2438//2438 2431//2431
f 2296//2296 2438//2438 2287//2287
f 2438//2438 2296//2296 2297//2297
f 2439//2439 2438//2438 2297//2297
f 2299//2299 2440//2440 2441//2441
f 2300//2300 2299//2299 2441//2441
f 2432//2432 2299//2299 2288//2288
f 2440//2440 2299//2299 2432//2432
f 2291//2291 2302//2302 2433//2433
f 2433//2433 2302//2302 2442//2442
f 2443//2443 2444//2444 2304//2304
f 2443//2443 2304//2304 2437//2437
f 2437//2437 2304//2304 2294//2294
f 2443//2443 2445//2445 2444//2444
f 2297//2297 2305//2305 2439//2439
f 2439//2439 2305//2305 2446//2446
f 2300//2300 2441//2441 2447//2447
f 2306//2306 2300//2300 2447//2447
f 2447//2447 2307//2307 2306//2306
f 2448//2448 2307//2307 2447//2447
f 2302//2302 2309//2309 2442//2442
f 2442//2442 2309//2309 2449//2449
f 2444//2444 2450//2450 2311//2311
f 2304//2304 2444//2444 2311//2311
f 2451//2451 2444//2444 2445//2445
f 2450//2450 2444//2444 2451//2451
f 2305//2305 2312//2312 2446//2446
f 2446//2446 2312//2312 2452//2452
f 2307//2307 2448//2448 2313//2313
f 2448//2448 2453//2453 2313//2313
f 2309//2309 2454//2454 2449//2449
f 2314//2314 2454//2454 2309//2309
f 2454//2454 2314//2314 2315//2315
f 2455//2455 2454//2454 2315//2315
f 2316//2316 2456//2456 2317//2317
f 2316//2316 2457//2457 2456//2456
f 2311//2311 2457//2457 2316//2316
f 2311//2311 2458//2458 2457//2457
f 2311//2311 2450//2450 2458//2458
f 2451//2451 2458//2458 2450//2450
f 2312//2312 2319//2319 2452//2452
f 2452//2452 2319//2319 2459//2459
f 2460//2460 2320//2320 2313//2313
f 2460//2460 2313//2313 2461//2461
f 2461//2461 2313//2313 2453//2453
f 2320//2320 2460//2460 2321//2321
f 2315//2315 2462//2462 2455//2455
f 2322//2322 2462//2462 2315//2315
f 2456//2456 2322//2322 2317//2317
f 2456//2456 2463//2463 2322//2322
f 2463//2463 2462//2462 2322//2322
f 2457//2457 2463//2463 2456//2456
f 2325//2325 2464//2464 2465//2465
f 2324//2324 2464//2464 2325//2325
f 2459//2459 2319//2319 2325//2325
f 2465//2465 2459//2459 2325//2325
f 2460//2460 2461//2461 2466//2466
f 2467//2467 2466//2466 2468//2468
f 2326//2326 2466//2466 2467//2467
f 2326//2326 2460//2460 2466//2466
f 2326//2326 2321//2321 2460//2460
f 2326//2326 2469//2469 2328//2328
f 2467//2467 2469//2469 2326//2326
f 2328//2328 2470//2470 2330//2330
f 2469//2469 2470//2470 2328//2328
f 2471//2471 2330//2330 2470//2470
f 2471//2471 2472//2472 2330//2330
f 2472//2472 2332//2332 2330//2330
f 2464//2464 2324//2324 2332//2332
f 2472//2472 2464//2464 2332//2332
f 2473//2473 2467//2467 2468//2468
f 2474//2474 2473//2473 2468//2468
f 2469//2469 2467//2467 2475//2475
f 2475//2475 2467//2467 2473//2473
f 2470//2470 2469//2469 2476//2476
f 2476//2476 2469//2469 2475//2475
f 2477//2477 2471//2471 2470//2470
f 2476//2476 2477//2477 2470//2470
f 2473//2473 2474//2474 2478//2478
f 2478//2478 2479//2479 2480//2480
f 2478//2478 2480//2480 2473//2473
f 2473//2473 2480//2480 2475//2475
f 2481//2481 2482//2482 2476//2476
f 2481//2481 2476//2476 2480//2480
f 2480//2480 2476//2476 2475//2475
f 2477//2477 2476//2476 2482//2482
f 2483//2483 2484//2484 2485//2485
f 2479//2479 2484//2484 2483//2483
f 2479//2479 2483//2483 2480//2480
f 2480//2480 2483//2483 2486//2486
f 2487//2487 2481//2481 2480//2480
f 2487//2487 2480//2480 2488//2488
f 2488//2488 2480//2480 2486//2486
f 2487//2487 2488//2488 2489//2489
f 2490//2490 2483//2483 2485//2485
f 2491//2491 2490//2490 2485//2485
f 2486//2486 2483//2483 2492//2492
f 2492//2492 2483//2483 2490//2490
f 2488//2488 2486//2486 2493//2493
f 2493//2493 2486//2486 2492//2492
f 2494//2494 2489//2489 2488//2488
f 2493//2493 2494//2494 2488//2488
f 2495//2495 2490//2490 2491//2491
f 2496//2496 2495//2495 2491//2491
f 2492//2492 2490//2490 2497//2497
f 2497//2497 2490//2490 2495//2495
f 2493//2493 2492//2492 2498//2498
f 2498//2498 2492//2492 2497//2497
f 2499//2499 2494//2494 2493//2493
f 2498//2498 2499//2499 2493//2493
f 2500//2500 2495//2495 2496//2496
f 2501//2501 2500//2500 2496//2496
f 2497//2497 2495//2495 2502//2502
f 2502//2502 2495//2495 2500//2500
f 2498//2498 2497//2497 2503//2503
f 2503//2503 2497//2497 2502//2502
f 2504//2504 2499//2499 2498//2498
f 2503//2503 2504//2504 2498//2498
f 2505//2505 2500//2500 2501//2501
f 2506//2506 2505//2505 2501//2501
f 2502//2502 2500//2500 2507//2507
f 2507//2507 2500//2500 2505//2505
f 2508//2508 2509//2509 2503//2503
f 2508//2508 2503//2503 2507//2507
f 2507//2507 2503//2503 2502//2502
f 2504//2504 2503//2503 2509//2509
f 2505//2505 2506//2506 2510//2510
f 2510//2510 2511//2511 2512//2512
f 2510//2510 2512//2512 2505//2505
f 2505//2505 2512//2512 2507//2507
f 2513//2513 2508//2508 2507//2507
f 2513//2513 2507//2507 2514//2514
f 2514//2514 2507//2507 2512//2512
f 2513//2513 2514//2514 2515//2515
f 2340//2340 2516//2516 2517//2517
f 2339//2339 2340//2340 2517//2517
f 2511//2511 2341//2341 2512//2512
f 2511//2511 2516//2516 2341//2341
f 2516//2516 2340//2340 2341//2341
f 2342//2342 2512//2512 2341//2341
f 2514//2514 2512//2512 2342//2342
f 2514//2514 2342//2342 2344//2344
f 2514//2514 2344//2344 2515//2515
f 2515//2515 2344//2344 2518//2518
f 2339//2339 2517//2517 2346//2346
f 2517//2517 2519//2519 2346//2346
f 2348//2348 2520//2520 2521//2521
f 2347//2347 2520//2520 2348//2348
f 2521//2521 2350//2350 2348//2348
f 2522//2522 2350//2350 2521//2521
f 2523//2523 2344//2344 2351//2351
f 2523//2523 2524//2524 2344//2344
f 2524//2524 2518//2518 2344//2344
f 2351//2351 2353//2353 2523//2523
f 2346//2346 2519//2519 2355//2355
f 2519//2519 2525//2525 2355//2355
f 2347//2347 2526//2526 2520//2520
f 2356//2356 2526//2526 2347//2347
f 2522//2522 2356//2356 2350//2350
f 2526//2526 2356//2356 2522//2522
f 2527//2527 2524//2524 2523//2523
f 2528//2528 2524//2524 2527//2527
f 2353//2353 2357//2357 2527//2527
f 2523//2523 2353//2353 2527//2527
f 2355//2355 2525//2525 2529//2529
f 2358//2358 2355//2355 2529//2529
f 2360//2360 2530//2530 2531//2531
f 2360//2360 2358//2358 2530//2530
f 2358//2358 2529//2529 2530//2530
f 2531//2531 2532//2532 2533//2533
f 2530//2530 2532//2532 2531//2531
f 2528//2528 2533//2533 2532//2532
f 2527//2527 2533//2533 2528//2528
f 2527//2527 2362//2362 2533//2533
f 2527//2527 2363//2363 2362//2362
f 2357//2357 2363//2363 2527//2527
f 2360//2360 2531//2531 2364//2364
f 2365//2365 2364//2364 2531//2531
f 2533//2533 2365//2365 2531//2531
f 2362//2362 2365//2365 2533//2533
f 2367//2367 2534//2534 2368//2368
f 2535//2535 2534//2534 2367//2367
f 2535//2535 2367//2367 2536//2536
f 2536//2536 2367//2367 2369//2369
f 2370//2370 2537//2537 2369//2369
f 2369//2369 2537//2537 2536//2536
f 2371//2371 2538//2538 2370//2370
f 2370//2370 2538//2538 2537//2537
f 2538//2538 2371//2371 2372//2372
f 2539//2539 2538//2538 2372//2372
f 2534//2534 2540//2540 2541//2541
f 2534//2534 2541//2541 2368//2368
f 2368//2368 2541//2541 2373//2373
f 2535//2535 2540//2540 2534//2534
f 2376//2376 2375//2375 2542//2542
f 2376//2376 2542//2542 2377//2377
f 2372//2372 2543//2543 2539//2539
f 2378//2378 2543//2543 2372//2372
f 2543//2543 2378//2378 2379//2379
f 2544//2544 2543//2543 2379//2379
f 2373//2373 2541//2541 2380//2380
f 2541//2541 2545//2545 2380//2380
f 2382//2382 2381//2381 2546//2546
f 2382//2382 2546//2546 2547//2547
f 2375//2375 2382//2382 2547//2547
f 2375//2375 2547//2547 2548//2548
f 2375//2375 2548//2548 2542//2542
f 2549//2549 2548//2548 2550//2550
f 2383//2383 2548//2548 2549//2549
f 2383//2383 2542//2542 2548//2548
f 2383//2383 2377//2377 2542//2542
f 2383//2383 2549//2549 2384//2384
f 2379//2379 2385//2385 2544//2544
f 2544//2544 2385//2385 2551//2551
f 2380//2380 2545//2545 2386//2386
f 2545//2545 2552//2552 2386//2386
f 2381//2381 2387//2387 2546//2546
f 2388//2388 2553//2553 2554//2554
f 2387//2387 2388//2388 2554//2554
f 2387//2387 2554//2554 2547//2547
f 2387//2387 2547//2547 2546//2546
f 2550//2550 2554//2554 2553//2553
f 2549//2549 2550//2550 2553//2553
f 2549//2549 2553//2553 2390//2390
f 2549//2549 2390//2390 2389//2389
f 2384//2384 2549//2549 2389//2389
f 2385//2385 2391//2391 2551//2551
f 2551//2551 2391//2391 2555//2555
f 2386//2386 2552//2552 2556//2556
f 2392//2392 2386//2386 2556//2556
f 2556//2556 2393//2393 2392//2392
f 2557//2557 2393//2393 2556//2556
f 2388//2388 2394//2394 2553//2553
f 2390//2390 2553//2553 2394//2394
f 2558//2558 2559//2559 2560//2560
f 2558//2558 2560//2560 2555//2555
f 2558//2558 2555//2555 2395//2395
f 2395//2395 2555//2555 2391//2391
f 2393//2393 2557//2557 2561//2561
f 2396//2396 2393//2393 2561//2561
f 2397//2397 2396//2396 2562//2562
f 2396//2396 2561//2561 2562//2562
f 2398//2398 2397//2397 2563//2563
f 2397//2397 2562//2562 2563//2563
f 2559//2559 2558//2558 2399//2399
f 2559//2559 2399//2399 2563//2563
f 2563//2563 2399//2399 2398//2398
f 2395//2395 2399//2399 2558//2558
f 2400//2400 2564//2564 2401//2401
f 2565//2565 2564//2564 2400//2400
f 2565//2565 2400//2400 2566//2566
f 2566//2566 2400//2400 2402//2402
f 2403//2403 2567//2567 2402//2402
f 2402//2402 2567//2567 2566//2566
f 2404//2404 2568//2568 2403//2403
f 2403//2403 2568//2568 2567//2567
f 2568//2568 2404//2404 2405//2405
f 2569//2569 2568//2568 2405//2405
f 2564//2564 2570//2570 2571//2571
f 2564//2564 2571//2571 2401//2401
f 2401//2401 2571//2571 2406//2406
f 2565//2565 2570//2570 2564//2564
f 2408//2408 2407//2407 2572//2572
f 2408//2408 2572//2572 2409//2409
f 2573//2573 2405//2405 2410//2410
f 2573//2573 2574//2574 2405//2405
f 2574//2574 2569//2569 2405//2405
f 2410//2410 2411//2411 2573//2573
f 2406//2406 2571//2571 2412//2412
f 2571//2571 2575//2575 2412//2412
f 2572//2572 2414//2414 2576//2576
f 2407//2407 2414//2414 2572//2572
f 2409//2409 2576//2576 2415//2415
f 2572//2572 2576//2576 2409//2409
f 2577//2577 2574//2574 2573//2573
f 2578//2578 2574//2574 2577//2577
f 2411//2411 2416//2416 2577//2577
f 2573//2573 2411//2411 2577//2577
f 2579//2579 2580//2580 2417//2417
f 2579//2579 2417//2417 2575//2575
f 2575//2575 2417//2417 2412//2412
f 2579//2579 2581//2581 2580//2580
f 2576//2576 2418//2418 2582//2582
f 2414//2414 2418//2418 2576//2576
f 2415//2415 2582//2582 2419//2419
f 2576//2576 2582//2582 2415//2415
f 2583//2583 2578//2578 2577//2577
f 2584//2584 2578//2578 2583//2583
f 2416//2416 2420//2420 2583//2583
f 2577//2577 2416//2416 2583//2583
f 2417//2417 2580//2580 2421//2421
f 2580//2580 2422//2422 2421//2421
f 2580//2580 2581//2581 2422//2422
f 2581//2581 2585//2585 2422//2422
f 2418//2418 2423//2423 2582//2582
f 2419//2419 2582//2582 2423//2423
f 2426//2426 2584//2584 2583//2583
f 2426//2426 2425//2425 2584//2584
f 2425//2425 2586//2586 2584//2584
f 2420//2420 2426//2426 2583//2583
f 2427//2427 2587//2587 2588//2588
f 2428//2428 2427//2427 2588//2588
f 2585//2585 2427//2427 2422//2422
f 2587//2587 2427//2427 2585//2585
f 2425//2425 2589//2589 2586//2586
f 2430//2430 2589//2589 2425//2425
f 2589//2589 2430//2430 2431//2431
f 2590//2590 2589//2589 2431//2431
f 2428//2428 2588//2588 2432//2432
f 2588//2588 2591//2591 2432//2432
f 2434//2434 2433//2433 2592//2592
f 2434//2434 2593//2593 2435//2435
f 2592//2592 2593//2593 2434//2434
f 2435//2435 2594//2594 2436//2436
f 2593//2593 2594//2594 2435//2435
f 2436//2436 2594//2594 2437//2437
f 2595//2595 2431//2431 2438//2438
f 2595//2595 2596//2596 2431//2431
f 2596//2596 2590//2590 2431//2431
f 2438//2438 2439//2439 2595//2595
f 2440//2440 2597//2597 2441//2441
f 2440//2440 2598//2598 2597//2597
f 2440//2440 2432//2432 2598//2598
f 2432//2432 2591//2591 2598//2598
f 2592//2592 2599//2599 2600//2600
f 2592//2592 2433//2433 2599//2599
f 2433//2433 2442//2442 2599//2599
f 2593//2593 2592//2592 2600//2600
f 2601//2601 2593//2593 2600//2600
f 2594//2594 2593//2593 2601//2601
f 2602//2602 2594//2594 2601//2601
f 2603//2603 2602//2602 2604//2604
f 2443//2443 2602//2602 2603//2603
f 2443//2443 2594//2594 2602//2602
f 2443//2443 2437//2437 2594//2594
f 2595//2595 2605//2605 2596//2596
f 2445//2445 2443//2443 2603//2603
f 2605//2605 2595//2595 2439//2439
f 2605//2605 2439//2439 2606//2606
f 2606//2606 2439//2439 2446//2446
f 2441//2441 2597//2597 2447//2447
f 2597//2597 2448//2448 2447//2447
f 2597//2597 2598//2598 2448//2448
f 2598//2598 2607//2607 2448//2448
f 2442//2442 2449//2449 2599//2599
f 2599//2599 2449//2449 2608//2608
f 2609//2609 2603//2603 2604//2604
f 2610//2610 2609//2609 2604//2604
f 2445//2445 2609//2609 2451//2451
f 2603//2603 2609//2609 2445//2445
f 2446//2446 2452//2452 2606//2606
f 2606//2606 2452//2452 2611//2611
f 2448//2448 2607//2607 2453//2453
f 2607//2607 2612//2612 2453//2453
f 2449//2449 2613//2613 2608//2608
f 2454//2454 2613//2613 2449//2449
f 2613//2613 2454//2454 2455//2455
f 2614//2614 2613//2613 2455//2455
f 2615//2615 2616//2616 2617//2617
f 2610//2610 2616//2616 2615//2615
f 2609//2609 2610//2610 2615//2615
f 2609//2609 2615//2615 2457//2457
f 2609//2609 2457//2457 2458//2458
f 2451//2451 2609//2609 2458//2458
f 2452//2452 2459//2459 2611//2611
f 2611//2611 2459//2459 2618//2618
f 2619//2619 2620//2620 2461//2461
f 2619//2619 2461//2461 2612//2612
f 2612//2612 2461//2461 2453//2453
f 2619//2619 2621//2621 2620//2620
f 2455//2455 2622//2622 2614//2614
f 2462//2462 2622//2622 2455//2455
f 2617//2617 2463//2463 2615//2615
f 2617//2617 2622//2622 2463//2463
f 2622//2622 2462//2462 2463//2463
f 2457//2457 2615//2615 2463//2463
f 2465//2465 2623//2623 2624//2624
f 2464//2464 2623//2623 2465//2465
f 2618//2618 2459//2459 2465//2465
f 2624//2624 2618//2618 2465//2465
f 2466//2466 2461//2461 2620//2620
f 2625//2625 2626//2626 2627//2627
f 2468//2468 2627//2627 2626//2626
f 2468//2468 2621//2621 2627//2627
f 2468//2468 2466//2466 2620//2620
f 2621//2621 2468//2468 2620//2620
f 2472//2472 2471//2471 2628//2628
f 2472//2472 2628//2628 2629//2629
f 2472//2472 2629//2629 2464//2464
f 2464//2464 2629//2629 2623//2623
f 2630//2630 2626//2626 2625//2625
f 2631//2631 2630//2630 2625//2625
f 2468//2468 2630//2630 2474//2474
f 2626//2626 2630//2630 2468//2468
f 2628//2628 2477//2477 2632//2632
f 2471//2471 2477//2477 2628//2628
f 2633//2633 2629//2629 2628//2628
f 2632//2632 2633//2633 2628//2628
f 2634//2634 2630//2630 2631//2631
f 2635//2635 2634//2634 2631//2631
f 2474//2474 2636//2636 2478//2478
f 2474//2474 2630//2630 2636//2636
f 2630//2630 2634//2634 2636//2636
f 2478//2478 2636//2636 2479//2479
f 2482//2482 2481//2481 2637//2637
f 2482//2482 2637//2637 2638//2638
f 2477//2477 2482//2482 2638//2638
f 2477//2477 2638//2638 2639//2639
f 2477//2477 2639//2639 2632//2632
f 2633//2633 2632//2632 2639//2639
f 2640//2640 2634//2634 2635//2635
f 2641//2641 2640//2640 2635//2635
f 2484//2484 2640//2640 2485//2485
f 2484//2484 2636//2636 2640//2640
f 2636//2636 2634//2634 2640//2640
f 2479//2479 2636//2636 2484//2484
f 2481//2481 2487//2487 2637//2637
f 2637//2637 2487//2487 2489//2489
f 2637//2637 2489//2489 2638//2638
f 2638//2638 2489//2489 2642//2642
f 2643//2643 2640//2640 2641//2641
f 2644//2644 2643//2643 2641//2641
f 2485//2485 2643//2643 2491//2491
f 2640//2640 2643//2643 2485//2485
f 2645//2645 2646//2646 2647//2647
f 2647//2647 2648//2648 2645//2645
f 2489//2489 2494//2494 2642//2642
f 2642//2642 2494//2494 2649//2649
f 2650//2650 2643//2643 2644//2644
f 2651//2651 2650//2650 2644//2644
f 2491//2491 2650//2650 2496//2496
f 2643//2643 2650//2650 2491//2491
f 2652//2652 2646//2646 2645//2645
f 2653//2653 2646//2646 2652//2652
f 2654//2654 2645//2645 2648//2648
f 2652//2652 2645//2645 2654//2654
f 2494//2494 2499//2499 2649//2649
f 2649//2649 2499//2499 2655//2655
f 2650//2650 2651//2651 2656//2656
f 2656//2656 2496//2496 2650//2650
f 2656//2656 2657//2657 2496//2496
f 2657//2657 2501//2501 2496//2496
f 2658//2658 2653//2653 2652//2652
f 2659//2659 2653//2653 2658//2658
f 2660//2660 2652//2652 2654//2654
f 2658//2658 2652//2652 2660//2660
f 2499//2499 2504//2504 2655//2655
f 2655//2655 2504//2504 2661//2661
f 2501//2501 2657//2657 2506//2506
f 2657//2657 2662//2662 2506//2506
f 2658//2658 2663//2663 2659//2659
f 2509//2509 2508//2508 2664//2664
f 2658//2658 2660//2660 2663//2663
f 2509//2509 2664//2664 2665//2665
f 2509//2509 2665//2665 2504//2504
f 2504//2504 2665//2665 2661//2661
f 2666//2666 2510//2510 2506//2506
f 2666//2666 2506//2506 2667//2667
f 2667//2667 2506//2506 2662//2662
f 2510//2510 2666//2666 2511//2511
f 2508//2508 2513//2513 2664//2664
f 2664//2664 2513//2513 2515//2515
f 2664//2664 2515//2515 2665//2665
f 2665//2665 2515//2515 2668//2668
f 2516//2516 2666//2666 2667//2667
f 2516//2516 2667//2667 2517//2517
f 2517//2517 2667//2667 2669//2669
f 2511//2511 2666//2666 2516//2516
f 2670//2670 2518//2518 2671//2671
f 2670//2670 2668//2668 2518//2518
f 2668//2668 2515//2515 2518//2518
f 2670//2670 2671//2671 2672//2672
f 2517//2517 2669//2669 2519//2519
f 2669//2669 2673//2673 2519//2519
f 2521//2521 2674//2674 2675//2675
f 2520//2520 2674//2674 2521//2521
f 2675//2675 2522//2522 2521//2521
f 2676//2676 2522//2522 2675//2675
f 2671//2671 2524//2524 2677//2677
f 2518//2518 2524//2524 2671//2671
f 2678//2678 2672//2672 2671//2671
f 2677//2677 2678//2678 2671//2671
f 2519//2519 2673//2673 2525//2525
f 2673//2673 2679//2679 2525//2525
f 2520//2520 2680//2680 2674//2674
f 2526//2526 2680//2680 2520//2520
f 2676//2676 2526//2526 2522//2522
f 2680//2680 2526//2526 2676//2676
f 2677//2677 2681//2681 2682//2682
f 2677//2677 2524//2524 2681//2681
f 2524//2524 2528//2528 2681//2681
f 2678//2678 2677//2677 2682//2682
f 2525//2525 2679//2679 2683//2683
f 2529//2529 2525//2525 2683//2683
f 2530//2530 2529//2529 2684//2684
f 2529//2529 2683//2683 2684//2684
f 2532//2532 2530//2530 2685//2685
f 2530//2530 2684//2684 2685//2685
f 2681//2681 2528//2528 2532//2532
f 2685//2685 2681//2681 2532//2532
f 2536//2536 2686//2686 2535//2535
f 2536//2536 2537//2537 2687//2687
f 2686//2686 2536//2536 2687//2687
f 2537//2537 2538//2538 2688//2688
f 2687//2687 2537//2537 2688//2688
f 2538//2538 2539//2539 2688//2688
f 2540//2540 2689//2689 2541//2541
f 2540//2540 2690//2690 2689//2689
f 2535//2535 2690//2690 2540//2540
f 2535//2535 2691//2691 2690//2690
f 2535//2535 2686//2686 2691//2691
f 2687//2687 2691//2691 2686//2686
f 2692//2692 2691//2691 2687//2687
f 2688//2688 2692//2692 2687//2687
f 2693//2693 2692//2692 2688//2688
f 2694//2694 2695//2695 2693//2693
f 2543//2543 2694//2694 2693//2693
f 2543//2543 2693//2693 2688//2688
f 2543//2543 2688//2688 2539//2539
f 2543//2543 2544//2544 2694//2694
f 2689//2689 2696//2696 2545//2545
f 2541//2541 2689//2689 2545//2545
f 2697//2697 2689//2689 2690//2690
f 2696//2696 2689//2689 2697//2697
f 2548//2548 2547//2547 2698//2698
f 2548//2548 2698//2698 2550//2550
f 2699//2699 2695//2695 2694//2694
f 2700//2700 2695//2695 2699//2699
f 2544//2544 2551//2551 2699//2699
f 2694//2694 2544//2544 2699//2699
f 2696//2696 2701//2701 2552//2552
f 2545//2545 2696//2696 2552//2552
f 2702//2702 2696//2696 2697//2697
f 2701//2701 2696//2696 2702//2702
f 2547//2547 2554//2554 2698//2698
f 2550//2550 2698//2698 2554//2554
f 2703//2703 2700//2700 2699//2699
f 2704//2704 2700//2700 2703//2703
f 2551//2551 2555//2555 2703//2703
f 2699//2699 2551//2551 2703//2703
f 2552//2552 2701//2701 2556//2556
f 2701//2701 2557//2557 2556//2556
f 2701//2701 2702//2702 2557//2557
f 2702//2702 2705//2705 2557//2557
f 2560//2560 2704//2704 2703//2703
f 2560//2560 2559//2559 2704//2704
f 2559//2559 2706//2706 2704//2704
f 2555//2555 2560//2560 2703//2703
f 2557//2557 2705//2705 2707//2707
f 2561//2561 2557//2557 2707//2707
f 2562//2562 2561//2561 2708//2708
f 2561//2561 2707//2707 2708//2708
f 2563//2563 2562//2562 2709//2709
f 2562//2562 2708//2708 2709//2709
f 2706//2706 2559//2559 2563//2563
f 2709//2709 2706//2706 2563//2563
f 2566//2566 2710//2710 2565//2565
f 2566//2566 2567//2567 2711//2711
f 2710//2710 2566//2566 2711//2711
f 2567//2567 2568//2568 2712//2712
f 2711//2711 2567//2567 2712//2712
f 2568//2568 2569//2569 2712//2712
f 2570//2570 2713//2713 2571//2571
f 2570//2570 2565//2565 2710//2710
f 2570//2570 2710//2710 2713//2713
f 2713//2713 2710//2710 2714//2714
f 2711//2711 2715//2715 2710//2710
f 2715//2715 2714//2714 2710//2710
f 2712//2712 2716//2716 2711//2711
f 2716//2716 2715//2715 2711//2711
f 2569//2569 2574//2574 2716//2716
f 2712//2712 2569//2569 2716//2716
f 2713//2713 2717//2717 2575//2575
f 2571//2571 2713//2713 2575//2575
f 2714//2714 2718//2718 2713//2713
f 2718//2718 2717//2717 2713//2713
f 2715//2715 2719//2719 2714//2714
f 2719//2719 2718//2718 2714//2714
f 2716//2716 2720//2720 2715//2715
f 2720//2720 2719//2719 2715//2715
f 2574//2574 2578//2578 2720//2720
f 2716//2716 2574//2574 2720//2720
f 2575//2575 2717//2717 2579//2579
f 2581//2581 2579//2579 2717//2717
f 2581//2581 2717//2717 2721//2721
f 2721//2721 2717//2717 2718//2718
f 2719//2719 2722//2722 2718//2718
f 2722//2722 2721//2721 2718//2718
f 2720//2720 2723//2723 2719//2719
f 2723//2723 2722//2722 2719//2719
f 2578//2578 2584//2584 2723//2723
f 2720//2720 2578//2578 2723//2723
f 2721//2721 2724//2724 2585//2585
f 2581//2581 2721//2721 2585//2585
f 2722//2722 2725//2725 2721//2721
f 2725//2725 2724//2724 2721//2721
f 2723//2723 2726//2726 2722//2722
f 2726//2726 2725//2725 2722//2722
f 2584//2584 2586//2586 2726//2726
f 2723//2723 2584//2584 2726//2726
f 2587//2587 2727//2727 2588//2588
f 2587//2587 2585//2585 2724//2724
f 2587//2587 2724//2724 2727//2727
f 2727//2727 2724//2724 2728//2728
f 2725//2725 2729//2729 2724//2724
f 2729//2729 2728//2728 2724//2724
f 2726//2726 2730//2730 2725//2725
f 2730//2730 2729//2729 2725//2725
f 2586//2586 2589//2589 2731//2731
f 2586//2586 2731//2731 2726//2726
f 2726//2726 2731//2731 2730//2730
f 2589//2589 2590//2590 2731//2731
f 2727//2727 2732//2732 2733//2733
f 2727//2727 2733//2733 2588//2588
f 2588//2588 2733//2733 2591//2591
f 2728//2728 2732//2732 2727//2727
f 2734//2734 2732//2732 2728//2728
f 2729//2729 2734//2734 2728//2728
f 2735//2735 2734//2734 2729//2729
f 2730//2730 2735//2735 2729//2729
f 2736//2736 2735//2735 2730//2730
f 2731//2731 2736//2736 2730//2730
f 2737//2737 2736//2736 2731//2731
f 2737//2737 2731//2731 2590//2590
f 2737//2737 2590//2590 2738//2738
f 2738//2738 2590//2590 2596//2596
f 2591//2591 2733//2733 2598//2598
f 2733//2733 2739//2739 2598//2598
f 2600//2600 2599//2599 2740//2740
f 2600//2600 2741//2741 2601//2601
f 2740//2740 2741//2741 2600//2600
f 2601//2601 2742//2742 2602//2602
f 2741//2741 2742//2742 2601//2601
f 2602//2602 2742//2742 2604//2604
f 2743//2743 2596//2596 2605//2605
f 2743//2743 2744//2744 2596//2596
f 2744//2744 2738//2738 2596//2596
f 2605//2605 2606//2606 2743//2743
f 2598//2598 2739//2739 2607//2607
f 2739//2739 2745//2745 2607//2607
f 2740//2740 2608//2608 2746//2746
f 2599//2599 2608//2608 2740//2740
f 2747//2747 2748//2748 2741//2741
f 2747//2747 2741//2741 2746//2746
f 2746//2746 2741//2741 2740//2740
f 2748//2748 2749//2749 2750//2750
f 2748//2748 2750//2750 2741//2741
f 2741//2741 2750//2750 2742//2742
f 2604//2604 2750//2750 2610//2610
f 2742//2742 2750//2750 2604//2604
f 2751//2751 2744//2744 2743//2743
f 2752//2752 2744//2744 2751//2751
f 2606//2606 2611//2611 2751//2751
f 2743//2743 2606//2606 2751//2751
f 2607//2607 2745//2745 2612//2612
f 2745//2745 2753//2753 2612//2612
f 2608//2608 2613//2613 2746//2746
f 2746//2746 2613//2613 2614//2614
f 2746//2746 2614//2614 2747//2747
f 2747//2747 2614//2614 2754//2754
f 2616//2616 2750//2750 2749//2749
f 2616//2616 2749//2749 2617//2617
f 2617//2617 2749//2749 2755//2755
f 2610//2610 2750//2750 2616//2616
f 2756//2756 2752//2752 2751//2751
f 2757//2757 2752//2752 2756//2756
f 2611//2611 2618//2618 2756//2756
f 2751//2751 2611//2611 2756//2756
f 2758//2758 2619//2619 2612//2612
f 2758//2758 2612//2612 2759//2759
f 2759//2759 2612//2612 2753//2753
f 2619//2619 2758//2758 2621//2621
f 2760//2760 2614//2614 2622//2622
f 2760//2760 2761//2761 2614//2614
f 2761//2761 2754//2754 2614//2614
f 2622//2622 2762//2762 2760//2760
f 2622//2622 2617//2617 2762//2762
f 2617//2617 2755//2755 2762//2762
f 2624//2624 2757//2757 2756//2756
f 2624//2624 2623//2623 2757//2757
f 2623//2623 2763//2763 2757//2757
f 2618//2618 2624//2624 2756//2756
f 2627//2627 2758//2758 2759//2759
f 2627//2627 2759//2759 2625//2625
f 2625//2625 2759//2759 2764//2764
f 2621//2621 2758//2758 2627//2627
f 2765//2765 2766//2766 2767//2767
f 2761//2761 2766//2766 2765//2765
f 2761//2761 2760//2760 2766//2766
f 2760//2760 2768//2768 2766//2766
f 2769//2769 2760//2760 2762//2762
f 2769//2769 2770//2770 2760//2760
f 2770//2770 2768//2768 2760//2760
f 2769//2769 2771//2771 2770//2770
f 2623//2623 2629//2629 2763//2763
f 2763//2763 2629//2629 2772//2772
f 2625//2625 2764//2764 2631//2631
f 2764//2764 2773//2773 2631//2631
f 2774//2774 2767//2767 2766//2766
f 2775//2775 2767//2767 2774//2774
f 2768//2768 2776//2776 2766//2766
f 2776//2776 2774//2774 2766//2766
f 2777//2777 2770//2770 2778//2778
f 2777//2777 2776//2776 2770//2770
f 2776//2776 2768//2768 2770//2770
f 2771//2771 2778//2778 2770//2770
f 2629//2629 2633//2633 2772//2772
f 2772//2772 2633//2633 2779//2779
f 2631//2631 2773//2773 2635//2635
f 2773//2773 2780//2780 2635//2635
f 2774//2774 2781//2781 2775//2775
f 2781//2781 2782//2782 2783//2783
f 2781//2781 2774//2774 2782//2782
f 2774//2774 2776//2776 2782//2782
f 2784//2784 2776//2776 2777//2777
f 2782//2782 2776//2776 2784//2784
f 2639//2639 2638//2638 2785//2785
f 2639//2639 2785//2785 2786//2786
f 2639//2639 2786//2786 2633//2633
f 2633//2633 2786//2786 2779//2779
f 2635//2635 2780//2780 2641//2641
f 2780//2780 2787//2787 2641//2641
f 2788//2788 2783//2783 2782//2782
f 2789//2789 2783//2783 2788//2788
f 2790//2790 2782//2782 2784//2784
f 2788//2788 2782//2782 2790//2790
f 2785//2785 2791//2791 2792//2792
f 2785//2785 2638//2638 2791//2791
f 2638//2638 2642//2642 2791//2791
f 2786//2786 2785//2785 2792//2792
f 2641//2641 2787//2787 2644//2644
f 2787//2787 2793//2793 2644//2644
f 2789//2789 2794//2794 2795//2795
f 2789//2789 2646//2646 2794//2794
f 2789//2789 2788//2788 2647//2647
f 2646//2646 2789//2789 2647//2647
f 2648//2648 2795//2795 2794//2794
f 2648//2648 2790//2790 2795//2795
f 2648//2648 2647//2647 2788//2788
f 2790//2790 2648//2648 2788//2788
f 2642//2642 2649//2649 2791//2791
f 2791//2791 2649//2649 2796//2796
f 2797//2797 2798//2798 2651//2651
f 2797//2797 2651//2651 2793//2793
f 2793//2793 2651//2651 2644//2644
f 2797//2797 2799//2799 2798//2798
f 2794//2794 2653//2653 2800//2800
f 2646//2646 2653//2653 2794//2794
f 2648//2648 2800//2800 2654//2654
f 2794//2794 2800//2800 2648//2648
f 2649//2649 2655//2655 2796//2796
f 2796//2796 2655//2655 2801//2801
f 2651//2651 2798//2798 2656//2656
f 2798//2798 2657//2657 2656//2656
f 2798//2798 2799//2799 2657//2657
f 2799//2799 2802//2802 2657//2657
f 2800//2800 2659//2659 2803//2803
f 2653//2653 2659//2659 2800//2800
f 2654//2654 2803//2803 2660//2660
f 2800//2800 2803//2803 2654//2654
f 2655//2655 2661//2661 2801//2801
f 2801//2801 2661//2661 2804//2804
f 2657//2657 2802//2802 2662//2662
f 2802//2802 2805//2805 2662//2662
f 2659//2659 2663//2663 2803//2803
f 2660//2660 2803//2803 2663//2663
f 2661//2661 2665//2665 2804//2804
f 2804//2804 2665//2665 2806//2806
f 2662//2662 2805//2805 2667//2667
f 2805//2805 2807//2807 2667//2667
f 2665//2665 2668//2668 2806//2806
f 2806//2806 2668//2668 2808//2808
f 2667//2667 2807//2807 2669//2669
f 2807//2807 2809//2809 2669//2669
f 2810//2810 2668//2668 2670//2670
f 2810//2810 2811//2811 2668//2668
f 2811//2811 2808//2808 2668//2668
f 2670//2670 2672//2672 2810//2810
f 2669//2669 2809//2809 2673//2673
f 2809//2809 2812//2812 2673//2673
f 2675//2675 2674//2674 2813//2813
f 2675//2675 2813//2813 2676//2676
f 2814//2814 2811//2811 2810//2810
f 2815//2815 2811//2811 2814//2814
f 2672//2672 2678//2678 2814//2814
f 2810//2810 2672//2672 2814//2814
f 2673//2673 2812//2812 2679//2679
f 2812//2812 2816//2816 2679//2679
f 2674//2674 2680//2680 2813//2813
f 2676//2676 2813//2813 2680//2680
f 2682//2682 2815//2815 2814//2814
f 2682//2682 2681//2681 2815//2815
f 2681//2681 2817//2817 2815//2815
f 2678//2678 2682//2682 2814//2814
f 2679//2679 2816//2816 2818//2818
f 2683//2683 2679//2679 2818//2818
f 2684//2684 2683//2683 2819//2819
f 2683//2683 2818//2818 2819//2819
f 2685//2685 2684//2684 2820//2820
f 2684//2684 2819//2819 2820//2820
f 2817//2817 2681//2681 2685//2685
f 2820//2820 2817//2817 2685//2685
f 2821//2821 2822//2822 2823//2823
f 2821//2821 2824//2824 2825//2825
f 2822//2822 2821//2821 2825//2825
f 2824//2824 2826//2826 2827//2827
f 2825//2825 2824//2824 2827//2827
f 2827//2827 2826//2826 2828//2828
f 2691//2691 2821//2821 2823//2823
f 2691//2691 2823//2823 2690//2690
f 2690//2690 2823//2823 2829//2829
f 2692//2692 2821//2821 2691//2691
f 2824//2824 2821//2821 2692//2692
f 2693//2693 2824//2824 2692//2692
f 2826//2826 2824//2824 2693//2693
f 2695//2695 2830//2830 2831//2831
f 2693//2693 2695//2695 2831//2831
f 2693//2693 2831//2831 2828//2828
f 2693//2693 2828//2828 2826//2826
f 2831//2831 2830//2830 2832//2832
f 2690//2690 2829//2829 2697//2697
f 2829//2829 2833//2833 2697//2697
f 2830//2830 2700//2700 2834//2834
f 2695//2695 2700//2700 2830//2830
f 2835//2835 2832//2832 2830//2830
f 2834//2834 2835//2835 2830//2830
f 2697//2697 2833//2833 2702//2702
f 2833//2833 2836//2836 2702//2702
f 2837//2837 2838//2838 2839//2839
f 2839//2839 2840//2840 2837//2837
f 2834//2834 2704//2704 2841//2841
f 2700//2700 2704//2704 2834//2834
f 2842//2842 2835//2835 2834//2834
f 2841//2841 2842//2842 2834//2834
f 2702//2702 2836//2836 2705//2705
f 2836//2836 2843//2843 2705//2705
f 2837//2837 2844//2844 2838//2838
f 2840//2840 2844//2844 2837//2837
f 2841//2841 2845//2845 2846//2846
f 2841//2841 2704//2704 2845//2845
f 2704//2704 2706//2706 2845//2845
f 2842//2842 2841//2841 2846//2846
f 2705//2705 2843//2843 2847//2847
f 2707//2707 2705//2705 2847//2847
f 2708//2708 2707//2707 2848//2848
f 2707//2707 2847//2847 2848//2848
f 2709//2709 2708//2708 2849//2849
f 2708//2708 2848//2848 2849//2849
f 2845//2845 2706//2706 2709//2709
f 2849//2849 2845//2845 2709//2709
f 2732//2732 2850//2850 2733//2733
f 2732//2732 2734//2734 2851//2851
f 2850//2850 2732//2732 2851//2851
f 2734//2734 2735//2735 2852//2852
f 2851//2851 2734//2734 2852//2852
f 2735//2735 2736//2736 2853//2853
f 2852//2852 2735//2735 2853//2853
f 2736//2736 2737//2737 2854//2854
f 2853//2853 2736//2736 2854//2854
f 2737//2737 2738//2738 2854//2854
f 2850//2850 2855//2855 2739//2739
f 2733//2733 2850//2850 2739//2739
f 2856//2856 2851//2851 2857//2857
f 2856//2856 2855//2855 2851//2851
f 2855//2855 2850//2850 2851//2851
f 2852//2852 2857//2857 2851//2851
f 2858//2858 2857//2857 2852//2852
f 2853//2853 2858//2858 2852//2852
f 2859//2859 2858//2858 2853//2853
f 2859//2859 2860//2860 2861//2861
f 2859//2859 2853//2853 2860//2860
f 2853//2853 2854//2854 2860//2860
f 2738//2738 2744//2744 2860//2860
f 2854//2854 2738//2738 2860//2860
f 2855//2855 2862//2862 2745//2745
f 2739//2739 2855//2855 2745//2745
f 2863//2863 2855//2855 2856//2856
f 2862//2862 2855//2855 2863//2863
f 2748//2748 2747//2747 2864//2864
f 2748//2748 2864//2864 2749//2749
f 2865//2865 2861//2861 2860//2860
f 2866//2866 2861//2861 2865//2865
f 2744//2744 2752//2752 2865//2865
f 2860//2860 2744//2744 2865//2865
f 2862//2862 2867//2867 2868//2868
f 2862//2862 2868//2868 2745//2745
f 2745//2745 2868//2868 2753//2753
f 2863//2863 2867//2867 2862//2862
f 2864//2864 2869//2869 2870//2870
f 2864//2864 2747//2747 2869//2869
f 2747//2747 2754//2754 2869//2869
f 2870//2870 2749//2749 2864//2864
f 2870//2870 2871//2871 2749//2749
f 2871//2871 2755//2755 2749//2749
f 2865//2865 2872//2872 2866//2866
f 2872//2872 2865//2865 2752//2752
f 2872//2872 2752//2752 2873//2873
f 2873//2873 2752//2752 2757//2757
f 2753//2753 2868//2868 2759//2759
f 2868//2868 2874//2874 2759//2759
f 2754//2754 2761//2761 2869//2869
f 2869//2869 2761//2761 2875//2875
f 2755//2755 2871//2871 2762//2762
f 2871//2871 2876//2876 2762//2762
f 2757//2757 2763//2763 2873//2873
f 2873//2873 2763//2763 2877//2877
f 2759//2759 2874//2874 2764//2764
f 2874//2874 2878//2878 2764//2764
f 2765//2765 2879//2879 2880//2880
f 2767//2767 2879//2879 2765//2765
f 2875//2875 2761//2761 2765//2765
f 2880//2880 2875//2875 2765//2765
f 2881//2881 2769//2769 2762//2762
f 2881//2881 2762//2762 2882//2882
f 2882//2882 2762//2762 2876//2876
f 2769//2769 2881//2881 2771//2771
f 2763//2763 2772//2772 2877//2877
f 2877//2877 2772//2772 2883//2883
f 2884//2884 2885//2885 2886//2886
f 2884//2884 2878//2878 2885//2885
f 2884//2884 2773//2773 2878//2878
f 2773//2773 2764//2764 2878//2878
f 2767//2767 2775//2775 2879//2879
f 2879//2879 2775//2775 2887//2887
f 2888//2888 2777//2777 2778//2778
f 2882//2882 2889//2889 2881//2881
f 2890//2890 2881//2881 2889//2889
f 2890//2890 2771//2771 2881//2881
f 2890//2890 2888//2888 2778//2778
f 2771//2771 2890//2890 2778//2778
f 2772//2772 2779//2779 2883//2883
f 2883//2883 2779//2779 2891//2891
f 2892//2892 2884//2884 2886//2886
f 2893//2893 2892//2892 2886//2886
f 2773//2773 2892//2892 2780//2780
f 2884//2884 2892//2892 2773//2773
f 2894//2894 2775//2775 2781//2781
f 2894//2894 2895//2895 2775//2775
f 2895//2895 2887//2887 2775//2775
f 2781//2781 2783//2783 2894//2894
f 2888//2888 2896//2896 2784//2784
f 2777//2777 2888//2888 2784//2784
f 2897//2897 2888//2888 2890//2890
f 2896//2896 2888//2888 2897//2897
f 2779//2779 2786//2786 2891//2891
f 2891//2891 2786//2786 2898//2898
f 2899//2899 2892//2892 2893//2893
f 2900//2900 2899//2899 2893//2893
f 2780//2780 2899//2899 2787//2787
f 2892//2892 2899//2899 2780//2780
f 2901//2901 2895//2895 2894//2894
f 2902//2902 2895//2895 2901//2901
f 2783//2783 2789//2789 2901//2901
f 2894//2894 2783//2783 2901//2901
f 2896//2896 2903//2903 2904//2904
f 2896//2896 2904//2904 2784//2784
f 2784//2784 2904//2904 2790//2790
f 2792//2792 2791//2791 2905//2905
f 2896//2896 2897//2897 2903//2903
f 2792//2792 2905//2905 2906//2906
f 2792//2792 2906//2906 2786//2786
f 2786//2786 2906//2906 2898//2898
f 2899//2899 2900//2900 2907//2907
f 2907//2907 2787//2787 2899//2899
f 2907//2907 2908//2908 2787//2787
f 2908//2908 2793//2793 2787//2787
f 2901//2901 2909//2909 2902//2902
f 2789//2789 2909//2909 2901//2901
f 2789//2789 2795//2795 2909//2909
f 2795//2795 2910//2910 2909//2909
f 2904//2904 2795//2795 2790//2790
f 2910//2910 2795//2795 2904//2904
f 2905//2905 2796//2796 2911//2911
f 2791//2791 2796//2796 2905//2905
f 2912//2912 2906//2906 2905//2905
f 2911//2911 2912//2912 2905//2905
f 2793//2793 2908//2908 2913//2913
f 2797//2797 2793//2793 2913//2913
f 2913//2913 2799//2799 2797//2797
f 2914//2914 2799//2799 2913//2913
f 2911//2911 2915//2915 2916//2916
f 2911//2911 2796//2796 2915//2915
f 2796//2796 2801//2801 2915//2915
f 2912//2912 2911//2911 2916//2916
f 2917//2917 2918//2918 2802//2802
f 2917//2917 2802//2802 2914//2914
f 2914//2914 2802//2802 2799//2799
f 2918//2918 2919//2919 2920//2920
f 2917//2917 2919//2919 2918//2918
f 2920//2920 2921//2921 2922//2922
f 2919//2919 2921//2921 2920//2920
f 2922//2922 2921//2921 2915//2915
f 2922//2922 2915//2915 2804//2804
f 2804//2804 2915//2915 2801//2801
f 2918//2918 2923//2923 2805//2805
f 2802//2802 2918//2918 2805//2805
f 2920//2920 2924//2924 2918//2918
f 2924//2924 2923//2923 2918//2918
f 2922//2922 2925//2925 2920//2920
f 2925//2925 2924//2924 2920//2920
f 2804//2804 2806//2806 2925//2925
f 2922//2922 2804//2804 2925//2925
f 2923//2923 2926//2926 2807//2807
f 2805//2805 2923//2923 2807//2807
f 2927//2927 2924//2924 2928//2928
f 2927//2927 2926//2926 2924//2924
f 2926//2926 2923//2923 2924//2924
f 2928//2928 2929//2929 2930//2930
f 2928//2928 2924//2924 2929//2929
f 2924//2924 2925//2925 2929//2929
f 2806//2806 2808//2808 2929//2929
f 2925//2925 2806//2806 2929//2929
f 2926//2926 2931//2931 2932//2932
f 2926//2926 2932//2932 2807//2807
f 2807//2807 2932//2932 2809//2809
f 2927//2927 2931//2931 2926//2926
f 2929//2929 2933//2933 2930//2930
f 2933//2933 2929//2929 2808//2808
f 2933//2933 2808//2808 2934//2934
f 2934//2934 2808//2808 2811//2811
f 2809//2809 2932//2932 2812//2812
f 2932//2932 2935//2935 2812//2812
f 2811//2811 2815//2815 2934//2934
f 2934//2934 2815//2815 2936//2936
f 2937//2937 2938//2938 2816//2816
f 2937//2937 2816//2816 2935//2935
f 2935//2935 2816//2816 2812//2812
f 2938//2938 2939//2939 2940//2940
f 2937//2937 2939//2939 2938//2938
f 2940//2940 2941//2941 2942//2942
f 2939//2939 2941//2941 2940//2940
f 2942//2942 2941//2941 2936//2936
f 2942//2942 2936//2936 2817//2817
f 2817//2817 2936//2936 2815//2815
f 2816//2816 2938//2938 2818//2818
f 2819//2819 2818//2818 2938//2938
f 2940//2940 2819//2819 2938//2938
f 2820//2820 2819//2819 2940//2940
f 2942//2942 2820//2820 2940//2940
f 2817//2817 2820//2820 2942//2942
f 2943//2943 2944//2944 2945//2945
f 2943//2943 2946//2946 2947//2947
f 2944//2944 2943//2943 2947//2947
f 2947//2947 2946//2946 2948//2948
f 2949//2949 2950//2950 2951//2951
f 2949//2949 2823//2823 2822//2822
f 2949//2949 2822//2822 2950//2950
f 2950//2950 2822//2822 2952//2952
f 2945//2945 2825//2825 2943//2943
f 2945//2945 2952//2952 2825//2825
f 2952//2952 2822//2822 2825//2825
f 2827//2827 2943//2943 2825//2825
f 2946//2946 2943//2943 2827//2827
f 2828//2828 2953//2953 2954//2954
f 2827//2827 2828//2828 2954//2954
f 2827//2827 2954//2954 2948//2948
f 2827//2827 2948//2948 2946//2946
f 2954//2954 2953//2953 2955//2955
f 2956//2956 2949//2949 2951//2951
f 2957//2957 2956//2956 2951//2951
f 2823//2823 2956//2956 2829//2829
f 2949//2949 2956//2956 2823//2823
f 2958//2958 2959//2959 2960//2960
f 2960//2960 2961//2961 2958//2958
f 2828//2828 2831//2831 2953//2953
f 2953//2953 2831//2831 2832//2832
f 2953//2953 2832//2832 2955//2955
f 2955//2955 2832//2832 2962//2962
f 2963//2963 2956//2956 2957//2957
f 2964//2964 2963//2963 2957//2957
f 2829//2829 2963//2963 2833//2833
f 2956//2956 2963//2963 2829//2829
f 2965//2965 2959//2959 2958//2958
f 2966//2966 2959//2959 2965//2965
f 2967//2967 2958//2958 2961//2961
f 2967//2967 2968//2968 2958//2958
f 2968//2968 2965//2965 2958//2958
f 2967//2967 2969//2969 2968//2968
f 2832//2832 2835//2835 2962//2962
f 2962//2962 2835//2835 2970//2970
f 2971//2971 2963//2963 2964//2964
f 2972//2972 2971//2971 2964//2964
f 2833//2833 2971//2971 2836//2836
f 2963//2963 2971//2971 2833//2833
f 2839//2839 2966//2966 2965//2965
f 2839//2839 2838//2838 2966//2966
f 2838//2838 2973//2973 2966//2966
f 2974//2974 2965//2965 2968//2968
f 2974//2974 2840//2840 2965//2965
f 2974//2974 2975//2975 2840//2840
f 2839//2839 2965//2965 2840//2840
f 2969//2969 2974//2974 2968//2968
f 2835//2835 2842//2842 2970//2970
f 2970//2970 2842//2842 2976//2976
f 2971//2971 2972//2972 2977//2977
f 2977//2977 2836//2836 2971//2971
f 2977//2977 2978//2978 2836//2836
f 2978//2978 2843//2843 2836//2836
f 2838//2838 2979//2979 2973//2973
f 2844//2844 2979//2979 2838//2838
f 2975//2975 2844//2844 2840//2840
f 2979//2979 2844//2844 2975//2975
f 2846//2846 2980//2980 2981//2981
f 2845//2845 2980//2980 2846//2846
f 2976//2976 2842//2842 2846//2846
f 2981//2981 2976//2976 2846//2846
f 2982//2982 2847//2847 2843//2843
f 2982//2982 2843//2843 2983//2983
f 2983//2983 2843//2843 2978//2978
f 2847//2847 2984//2984 2848//2848
f 2982//2982 2984//2984 2847//2847
f 2848//2848 2985//2985 2849//2849
f 2984//2984 2985//2985 2848//2848
f 2849//2849 2985//2985 2986//2986
f 2849//2849 2986//2986 2845//2845
f 2845//2845 2986//2986 2980//2980
f 2987//2987 2982//2982 2983//2983
f 2988//2988 2987//2987 2983//2983
f 2984//2984 2982//2982 2989//2989
f 2989//2989 2982//2982 2987//2987
f 2985//2985 2984//2984 2990//2990
f 2990//2990 2984//2984 2989//2989
f 2991//2991 2986//2986 2985//2985
f 2990//2990 2991//2991 2985//2985
f 2987//2987 2988//2988 2992//2992
f 2989//2989 2987//2987 2992//2992
f 2993//2993 2989//2989 2992//2992
f 2990//2990 2989//2989 2993//2993
f 2994//2994 2990//2990 2993//2993
f 2991//2991 2990//2990 2994//2994
f 2857//2857 2995//2995 2996//2996
f 2856//2856 2857//2857 2996//2996
f 2858//2858 2997//2997 2857//2857
f 2857//2857 2997//2997 2995//2995
f 2859//2859 2998//2998 2858//2858
f 2858//2858 2998//2998 2997//2997
f 2998//2998 2859//2859 2861//2861
f 2999//2999 2998//2998 2861//2861
f 3000//3000 3001//3001 3002//3002
f 3000//3000 2996//2996 3001//3001
f 3000//3000 2863//2863 2996//2996
f 2863//2863 2856//2856 2996//2996
f 3003//3003 2866//2866 3004//3004
f 3003//3003 2999//2999 2866//2866
f 2999//2999 2861//2861 2866//2866
f 3003//3003 3004//3004 3005//3005
f 2867//2867 3000//3000 3002//3002
f 2867//2867 3002//3002 2868//2868
f 2868//2868 3002//3002 3006//3006
f 2863//2863 3000//3000 2867//2867
f 2870//2870 3007//3007 3008//3008
f 2869//2869 3007//3007 2870//2870
f 3008//3008 2871//2871 2870//2870
f 3009//3009 2871//2871 3008//3008
f 2866//2866 2872//2872 3004//3004
f 3004//3004 2872//2872 2873//2873
f 3004//3004 2873//2873 3005//3005
f 3005//3005 2873//2873 3010//3010
f 2868//2868 3006//3006 2874//2874
f 3006//3006 3011//3011 2874//2874
f 2869//2869 2875//2875 3007//3007
f 3007//3007 2875//2875 3012//3012
f 2871//2871 3009//3009 2876//2876
f 3009//3009 3013//3013 2876//2876
f 2873//2873 2877//2877 3010//3010
f 3010//3010 2877//2877 3014//3014
f 3015//3015 3016//3016 3017//3017
f 3015//3015 3011//3011 3016//3016
f 3015//3015 2878//2878 3011//3011
f 2878//2878 2874//2874 3011//3011
f 2880//2880 3018//3018 3019//3019
f 2879//2879 3018//3018 2880//2880
f 3012//3012 2875//2875 2880//2880
f 3019//3019 3012//3012 2880//2880
f 2876//2876 3013//3013 2882//2882
f 3013//3013 3020//3020 2882//2882
f 2877//2877 2883//2883 3014//3014
f 3014//3014 2883//2883 3021//3021
f 2885//2885 3015//3015 3017//3017
f 2885//2885 3017//3017 2886//2886
f 2886//2886 3017//3017 3022//3022
f 2878//2878 3015//3015 2885//2885
f 2879//2879 2887//2887 3018//3018
f 3018//3018 2887//2887 3023//3023
f 2882//2882 3020//3020 3024//3024
f 2889//2889 2882//2882 3024//3024
f 3024//3024 2890//2890 2889//2889
f 3025//3025 2890//2890 3024//3024
f 3026//3026 2891//2891 3027//3027
f 3026//3026 3021//3021 2891//2891
f 3021//3021 2883//2883 2891//2891
f 3026//3026 3027//3027 3028//3028
f 2886//2886 3022//3022 2893//2893
f 3022//3022 3029//3029 2893//2893
f 3030//3030 3031//3031 3032//3032
f 3030//3030 3032//3032 3023//3023
f 3030//3030 3023//3023 2895//2895
f 2895//2895 3023//3023 2887//2887
f 2890//2890 3025//3025 2897//2897
f 3025//3025 3033//3033 2897//2897
f 3027//3027 2898//2898 3034//3034
f 2891//2891 2898//2898 3027//3027
f 3035//3035 3028//3028 3027//3027
f 3034//3034 3035//3035 3027//3027
f 2893//2893 3029//3029 2900//2900
f 3029//3029 3036//3036 2900//2900
f 3030//3030 3037//3037 3031//3031
f 3037//3037 3030//3030 2895//2895
f 3037//3037 2895//2895 3038//3038
f 3038//3038 2895//2895 2902//2902
f 2903//2903 3039//3039 2904//2904
f 2903//2903 3040//3040 3039//3039
f 2903//2903 2897//2897 3040//3040
f 2897//2897 3033//3033 3040//3040
f 3034//3034 2906//2906 3041//3041
f 2898//2898 2906//2906 3034//3034
f 3042//3042 3035//3035 3034//3034
f 3041//3041 3042//3042 3034//3034
f 3043//3043 2907//2907 2900//2900
f 3043//3043 2900//2900 3044//3044
f 3044//3044 2900//2900 3036//3036
f 2907//2907 3043//3043 2908//2908
f 2902//2902 3045//3045 3038//3038
f 2909//2909 3045//3045 2902//2902
f 3046//3046 3047//3047 3045//3045
f 3046//3046 3045//3045 2910//2910
f 2910//2910 3045//3045 2909//2909
f 2910//2910 3048//3048 3046//3046
f 2904//2904 3048//3048 2910//2910
f 2904//2904 3049//3049 3048//3048
f 2904//2904 3039//3039 3049//3049
f 3040//3040 3049//3049 3039//3039
f 3041//3041 2912//2912 3050//3050
f 2906//2906 2912//2912 3041//3041
f 3051//3051 3042//3042 3041//3041
f 3050//3050 3051//3051 3041//3041
f 3043//3043 3044//3044 3052//3052
f 2908//2908 3043//3043 3052//3052
f 2908//2908 3052//3052 2913//2913
f 2913//2913 3052//3052 3053//3053
f 3053//3053 2914//2914 2913//2913
f 3054//3054 2914//2914 3053//3053
f 3046//3046 3055//3055 3047//3047
f 3048//3048 3055//3055 3046//3046
f 2916//2916 2915//2915 3056//3056
f 2916//2916 3056//3056 3057//3057
f 2912//2912 2916//2916 3057//3057
f 2912//2912 3057//3057 3058//3058
f 2912//2912 3058//3058 3050//3050
f 3051//3051 3050//3050 3058//3058
f 2914//2914 3054//3054 3059//3059
f 2917//2917 2914//2914 3059//3059
f 2919//2919 2917//2917 3060//3060
f 2917//2917 3059//3059 3060//3060
f 2921//2921 2919//2919 3061//3061
f 2919//2919 3060//3060 3061//3061
f 3056//3056 2915//2915 2921//2921
f 3056//3056 2921//2921 3062//3062
f 3062//3062 2921//2921 3061//3061
f 3057//3057 3056//3056 3062//3062
f 2928//2928 3063//3063 2927//2927
f 2928//2928 2930//2930 3063//3063
f 2931//2931 3064//3064 2932//2932
f 2931//2931 2927//2927 3063//3063
f 2931//2931 3063//3063 3064//3064
f 3064//3064 3063//3063 3065//3065
f 2930//2930 2933//2933 3066//3066
f 2930//2930 3066//3066 3063//3063
f 3063//3063 3066//3066 3065//3065
f 2933//2933 2934//2934 3066//3066
f 3064//3064 3067//3067 2935//2935
f 2932//2932 3064//3064 2935//2935
f 3065//3065 3068//3068 3064//3064
f 3068//3068 3067//3067 3064//3064
f 3066//3066 3069//3069 3065//3065
f 3069//3069 3068//3068 3065//3065
f 2934//2934 2936//2936 3069//3069
f 3066//3066 2934//2934 3069//3069
f 2935//2935 3067//3067 2937//2937
f 2939//2939 2937//2937 3067//3067
f 3068//3068 2939//2939 3067//3067
f 2941//2941 2939//2939 3068//3068
f 3069//3069 2941//2941 3068//3068
f 2936//2936 2941//2941 3069//3069
f 3070//3070 3071//3071 3072//3072
f 3070//3070 2945//2945 2944//2944
f 3070//3070 2944//2944 3071//3071
f 3071//3071 2944//2944 3073//3073
f 2947//2947 3074//3074 2944//2944
f 2944//2944 3074//3074 3073//3073
f 3074//3074 2947//2947 2948//2948
f 3075//3075 3074//3074 2948//2948
f 2950//2950 3076//3076 3077//3077
f 2951//2951 2950//2950 3077//3077
f 3072//3072 2952//2952 3070//3070
f 3072//3072 3076//3076 2952//2952
f 3076//3076 2950//2950 2952//2952
f 2945//2945 3070//3070 2952//2952
f 2948//2948 3078//3078 3075//3075
f 2954//2954 3078//3078 2948//2948
f 3078//3078 2954//2954 2955//2955
f 3079//3079 3078//3078 2955//2955
f 2951//2951 3077//3077 2957//2957
f 3077//3077 3080//3080 2957//2957
f 3081//3081 3082//3082 3083//3083
f 3081//3081 2960//2960 2959//2959
f 3081//3081 3083//3083 2960//2960
f 3083//3083 3084//3084 2960//2960
f 2961//2961 3085//3085 3086//3086
f 2961//2961 2960//2960 3085//3085
f 2960//2960 3084//3084 3085//3085
f 3085//3085 3087//3087 3086//3086
f 2955//2955 2962//2962 3079//3079
f 3079//3079 2962//2962 3088//3088
f 2957//2957 3080//3080 2964//2964
f 3080//3080 3089//3089 2964//2964
f 3090//3090 3082//3082 3081//3081
f 3091//3091 3082//3082 3090//3090
f 2959//2959 2966//2966 3090//3090
f 3081//3081 2959//2959 3090//3090
f 2961//2961 3086//3086 2967//2967
f 3086//3086 2969//2969 2967//2967
f 3086//3086 3087//3087 2969//2969
f 3087//3087 3092//3092 2969//2969
f 2962//2962 2970//2970 3088//3088
f 3088//3088 2970//2970 3093//3093
f 2964//2964 3089//3089 2972//2972
f 3089//3089 3094//3094 2972//2972
f 3090//3090 3095//3095 3091//3091
f 3095//3095 3090//3090 2966//2966
f 3095//3095 2966//2966 3096//3096
f 3096//3096 2966//2966 2973//2973
f 2974//2974 3097//3097 3098//3098
f 2975//2975 2974//2974 3098//3098
f 3092//3092 2974//2974 2969//2969
f 3097//3097 2974//2974 3092//3092
f 2970//2970 2976//2976 3093//3093
f 3093//3093 2976//2976 3099//3099
f 3100//3100 2977//2977 2972//2972
f 3100//3100 2972//2972 3101//3101
f 3101//3101 2972//2972 3094//3094
f 2977//2977 3100//3100 2978//2978
f 3102//3102 2973//2973 2979//2979
f 3102//3102 3103//3103 2973//2973
f 3103//3103 3096//3096 2973//2973
f 2979//2979 3104//3104 3102//3102
f 2979//2979 2975//2975 3104//3104
f 2975//2975 3098//3098 3104//3104
f 2981//2981 2980//2980 3105//3105
f 2981//2981 3105//3105 3106//3106
f 2981//2981 3106//3106 2976//2976
f 2976//2976 3106//3106 3099//3099
f 3107//3107 3100//3100 3101//3101
f 3108//3108 3107//3107 3101//3101
f 2978//2978 3107//3107 2983//2983
f 3100//3100 3107//3107 2978//2978
f 3109//3109 3103//3103 3102//3102
f 3110//3110 3103//3103 3109//3109
f 3111//3111 3102//3102 3104//3104
f 3109//3109 3102//3102 3111//3111
f 3105//3105 2986//2986 3112//3112
f 2980//2980 2986//2986 3105//3105
f 3113//3113 3106//3106 3105//3105
f 3112//3112 3113//3113 3105//3105
f 3114//3114 3107//3107 3108//3108
f 3115//3115 3114//3114 3108//3108
f 2983//2983 3114//3114 2988//2988
f 3107//3107 3114//3114 2983//2983
f 3109//3109 3116//3116 3110//3110
f 3111//3111 3116//3116 3109//3109
f 3112//3112 2991//2991 3117//3117
f 2986//2986 2991//2991 3112//3112
f 3118//3118 3113//3113 3112//3112
f 3117//3117 3118//3118 3112//3112
f 3114//3114 3115//3115 3119//3119
f 3120//3120 3119//3119 3121//3121
f 2992//2992 3119//3119 3120//3120
f 2992//2992 3114//3114 3119//3119
f 2992//2992 2988//2988 3114//3114
f 2992//2992 3122//3122 2993//2993
f 3120//3120 3122//3122 2992//2992
f 3123//3123 2993//2993 3122//3122
f 3123//3123 3124//3124 2993//2993
f 3124//3124 2994//2994 2993//2993
f 3117//3117 2991//2991 2994//2994
f 3117//3117 2994//2994 3125//3125
f 3125//3125 2994//2994 3124//3124
f 3118//3118 3117//3117 3125//3125
f 3120//3120 3121//3121 3126//3126
f 3122//3122 3120//3120 3126//3126
f 3127//3127 3122//3122 3126//3126
f 3123//3123 3122//3122 3127//3127
f 3128//3128 3129//3129 3130//3130
f 3129//3129 3128//3128 3131//3131
f 3132//3132 3133//3133 3134//3134
f 3132//3132 2996//2996 2995//2995
f 3132//3132 2995//2995 3133//3133
f 3133//3133 2995//2995 3135//3135
f 3130//3130 2997//2997 3128//3128
f 3130//3130 3135//3135 2997//2997
f 3135//3135 2995//2995 2997//2997
f 3128//3128 3136//3136 3131//3131
f 3128//3128 2997//2997 3136//3136
f 2997//2997 2998//2998 3136//3136
f 2999//2999 3137//3137 3138//3138
f 2999//2999 3138//3138 2998//2998
f 2998//2998 3138//3138 3136//3136
f 3138//3138 3137//3137 3139//3139
f 3140//3140 3141//3141 3142//3142
f 3134//3134 3141//3141 3140//3140
f 3132//3132 3134//3134 3140//3140
f 3132//3132 3140//3140 3002//3002
f 3132//3132 3002//3002 3001//3001
f 2996//2996 3132//3132 3001//3001
f 3143//3143 3144//3144 3145//3145
f 3143//3143 3146//3146 3147//3147
f 3145//3145 3146//3146 3143//3143
f 2999//2999 3003//3003 3137//3137
f 3147//3147 3146//3146 3148//3148
f 3137//3137 3003//3003 3005//3005
f 3137//3137 3005//3005 3139//3139
f 3139//3139 3005//3005 3149//3149
f 3150//3150 3140//3140 3142//3142
f 3151//3151 3150//3150 3142//3142
f 3002//3002 3150//3150 3006//3006
f 3140//3140 3150//3150 3002//3002
f 3152//3152 3153//3153 3154//3154
f 3144//3144 3152//3152 3154//3154
f 3143//3143 3152//3152 3144//3144
f 3143//3143 3007//3007 3152//3152
f 3143//3143 3008//3008 3007//3007
f 3009//3009 3008//3008 3143//3143
f 3009//3009 3143//3143 3155//3155
f 3155//3155 3143//3143 3147//3147
f 3156//3156 3147//3147 3148//3148
f 3155//3155 3147//3147 3156//3156
f 3005//3005 3010//3010 3149//3149
f 3149//3149 3010//3010 3157//3157
f 3158//3158 3150//3150 3151//3151
f 3159//3159 3158//3158 3151//3151
f 3006//3006 3158//3158 3011//3011
f 3150//3150 3158//3158 3006//3006
f 3160//3160 3153//3153 3152//3152
f 3161//3161 3153//3153 3160//3160
f 3007//3007 3012//3012 3160//3160
f 3152//3152 3007//3007 3160//3160
f 3155//3155 3162//3162 3013//3013
f 3009//3009 3155//3155 3013//3013
f 3163//3163 3155//3155 3156//3156
f 3162//3162 3155//3155 3163//3163
f 3010//3010 3014//3014 3157//3157
f 3157//3157 3014//3014 3164//3164
f 3016//3016 3158//3158 3159//3159
f 3016//3016 3159//3159 3017//3017
f 3017//3017 3159//3159 3165//3165
f 3011//3011 3158//3158 3016//3016
f 3019//3019 3161//3161 3160//3160
f 3019//3019 3018//3018 3161//3161
f 3018//3018 3166//3166 3161//3161
f 3012//3012 3019//3019 3160//3160
f 3162//3162 3167//3167 3168//3168
f 3162//3162 3168//3168 3013//3013
f 3013//3013 3168//3168 3020//3020
f 3163//3163 3167//3167 3162//3162
f 3014//3014 3021//3021 3164//3164
f 3164//3164 3021//3021 3169//3169
f 3017//3017 3165//3165 3022//3022
f 3165//3165 3170//3170 3022//3022
f 3018//3018 3023//3023 3166//3166
f 3166//3166 3023//3023 3171//3171
f 3020//3020 3168//3168 3172//3172
f 3024//3024 3020//3020 3172//3172
f 3172//3172 3025//3025 3024//3024
f 3173//3173 3025//3025 3172//3172
f 3021//3021 3174//3174 3169//3169
f 3026//3026 3174//3174 3021//3021
f 3174//3174 3026//3026 3028//3028
f 3175//3175 3174//3174 3028//3028
f 3022//3022 3170//3170 3029//3029
f 3170//3170 3176//3176 3029//3029
f 3032//3032 3177//3177 3178//3178
f 3031//3031 3177//3177 3032//3032
f 3171//3171 3023//3023 3032//3032
f 3178//3178 3171//3171 3032//3032
f 3179//3179 3180//3180 3033//3033
f 3179//3179 3033//3033 3173//3173
f 3173//3173 3033//3033 3025//3025
f 3179//3179 3181//3181 3180//3180
f 3028//3028 3035//3035 3175//3175
f 3175//3175 3035//3035 3182//3182
f 3029//3029 3176//3176 3036//3036
f 3176//3176 3183//3183 3036//3036
f 3031//3031 3184//3184 3177//3177
f 3037//3037 3184//3184 3031//3031
f 3184//3184 3037//3037 3038//3038
f 3185//3185 3184//3184 3038//3038
f 3180//3180 3186//3186 3040//3040
f 3033//3033 3180//3180 3040//3040
f 3187//3187 3180//3180 3181//3181
f 3186//3186 3180//3180 3187//3187
f 3035//3035 3042//3042 3182//3182
f 3182//3182 3042//3042 3188//3188
f 3036//3036 3183//3183 3044//3044
f 3183//3183 3189//3189 3044//3044
f 3038//3038 3190//3190 3185//3185
f 3045//3045 3190//3190 3038//3038
f 3190//3190 3045//3045 3047//3047
f 3191//3191 3190//3190 3047//3047
f 3049//3049 3192//3192 3048//3048
f 3049//3049 3193//3193 3192//3192
f 3040//3040 3193//3193 3049//3049
f 3040//3040 3194//3194 3193//3193
f 3040//3040 3186//3186 3194//3194
f 3187//3187 3194//3194 3186//3186
f 3042//3042 3051//3051 3188//3188
f 3188//3188 3051//3051 3195//3195
f 3044//3044 3189//3189 3196//3196
f 3052//3052 3044//3044 3196//3196
f 3053//3053 3052//3052 3197//3197
f 3052//3052 3196//3196 3197//3197
f 3197//3197 3054//3054 3053//3053
f 3198//3198 3054//3054 3197//3197
f 3047//3047 3199//3199 3191//3191
f 3055//3055 3199//3199 3047//3047
f 3192//3192 3055//3055 3048//3048
f 3192//3192 3200//3200 3055//3055
f 3200//3200 3199//3199 3055//3055
f 3193//3193 3200//3200 3192//3192
f 3058//3058 3201//3201 3202//3202
f 3057//3057 3201//3201 3058//3058
f 3195//3195 3051//3051 3058//3058
f 3202//3202 3195//3195 3058//3058
f 3054//3054 3198//3198 3203//3203
f 3059//3059 3054//3054 3203//3203
f 3060//3060 3059//3059 3204//3204
f 3059//3059 3203//3203 3204//3204
f 3061//3061 3060//3060 3205//3205
f 3060//3060 3204//3204 3205//3205
f 3062//3062 3061//3061 3206//3206
f 3061//3061 3205//3205 3206//3206
f 3201//3201 3057//3057 3062//3062
f 3206//3206 3201//3201 3062//3062
f 3071//3071 3207//3207 3072//3072
f 3071//3071 3073//3073 3208//3208
f 3207//3207 3071//3071 3208//3208
f 3073//3073 3074//3074 3209//3209
f 3208//3208 3073//3073 3209//3209
f 3074//3074 3075//3075 3209//3209
f 3076//3076 3210//3210 3077//3077
f 3076//3076 3211//3211 3210//3210
f 3072//3072 3211//3211 3076//3076
f 3072//3072 3212//3212 3211//3211
f 3072//3072 3207//3207 3212//3212
f 3208//3208 3212//3212 3207//3207
f 3213//3213 3212//3212 3208//3208
f 3209//3209 3213//3213 3208//3208
f 3214//3214 3213//3213 3209//3209
f 3075//3075 3214//3214 3209//3209
f 3075//3075 3078//3078 3214//3214
f 3078//3078 3215//3215 3214//3214
f 3215//3215 3078//3078 3079//3079
f 3216//3216 3215//3215 3079//3079
f 3210//3210 3217//3217 3218//3218
f 3210//3210 3218//3218 3077//3077
f 3077//3077 3218//3218 3080//3080
f 3083//3083 3082//3082 3219//3219
f 3210//3210 3211//3211 3217//3217
f 3220//3220 3083//3083 3219//3219
f 3220//3220 3221//3221 3083//3083
f 3221//3221 3084//3084 3083//3083
f 3222//3222 3221//3221 3223//3223
f 3222//3222 3085//3085 3221//3221
f 3085//3085 3084//3084 3221//3221
f 3085//3085 3222//3222 3087//3087
f 3079//3079 3088//3088 3216//3216
f 3216//3216 3088//3088 3224//3224
f 3080//3080 3218//3218 3089//3089
f 3218//3218 3225//3225 3089//3089
f 3219//3219 3226//3226 3227//3227
f 3219//3219 3082//3082 3226//3226
f 3082//3082 3091//3091 3226//3226
f 3220//3220 3219//3219 3227//3227
f 3222//3222 3223//3223 3228//3228
f 3228//3228 3087//3087 3222//3222
f 3228//3228 3229//3229 3087//3087
f 3229//3229 3092//3092 3087//3087
f 3230//3230 3093//3093 3231//3231
f 3230//3230 3224//3224 3093//3093
f 3224//3224 3088//3088 3093//3093
f 3230//3230 3231//3231 3232//3232
f 3233//3233 3234//3234 3235//3235
f 3233//3233 3225//3225 3234//3234
f 3233//3233 3094//3094 3225//3225
f 3094//3094 3089//3089 3225//3225
f 3236//3236 3091//3091 3095//3095
f 3236//3236 3237//3237 3091//3091
f 3237//3237 3226//3226 3091//3091
f 3095//3095 3096//3096 3236//3236
f 3097//3097 3238//3238 3098//3098
f 3097//3097 3239//3239 3238//3238
f 3097//3097 3092//3092 3239//3239
f 3092//3092 3229//3229 3239//3239
f 3231//3231 3099//3099 3240//3240
f 3093//3093 3099//3099 3231//3231
f 3241//3241 3232//3232 3231//3231
f 3240//3240 3241//3241 3231//3231
f 3242//3242 3233//3233 3235//3235
f 3243//3243 3242//3242 3235//3235
f 3094//3094 3242//3242 3101//3101
f 3233//3233 3242//3242 3094//3094
f 3244//3244 3237//3237 3236//3236
f 3245//3245 3237//3237 3244//3244
f 3096//3096 3103//3103 3244//3244
f 3236//3236 3096//3096 3244//3244
f 3238//3238 3246//3246 3104//3104
f 3098//3098 3238//3238 3104//3104
f 3247//3247 3238//3238 3239//3239
f 3246//3246 3238//3238 3247//3247
f 3240//3240 3106//3106 3248//3248
f 3099//3099 3106//3106 3240//3240
f 3249//3249 3241//3241 3240//3240
f 3248//3248 3249//3249 3240//3240
f 3250//3250 3242//3242 3243//3243
f 3251//3251 3250//3250 3243//3243
f 3101//3101 3250//3250 3108//3108
f 3242//3242 3250//3250 3101//3101
f 3252//3252 3245//3245 3244//3244
f 3253//3253 3245//3245 3252//3252
f 3103//3103 3110//3110 3252//3252
f 3244//3244 3103//3103 3252//3252
f 3246//3246 3254//3254 3111//3111
f 3104//3104 3246//3246 3111//3111
f 3255//3255 3246//3246 3247//3247
f 3254//3254 3246//3246 3255//3255
f 3248//3248 3113//3113 3256//3256
f 3106//3106 3113//3113 3248//3248
f 3257//3257 3249//3249 3248//3248
f 3256//3256 3257//3257 3248//3248
f 3258//3258 3250//3250 3251//3251
f 3259//3259 3258//3258 3251//3251
f 3108//3108 3258//3258 3115//3115
f 3250//3250 3258//3258 3108//3108
f 3252//3252 3260//3260 3253//3253
f 3261//3261 3262//3262 3260//3260
f 3116//3116 3261//3261 3260//3260
f 3116//3116 3260//3260 3252//3252
f 3116//3116 3252//3252 3110//3110
f 3116//3116 3263//3263 3261//3261
f 3111//3111 3263//3263 3116//3116
f 3111//3111 3264//3264 3263//3263
f 3111//3111 3254//3254 3264//3264
f 3255//3255 3264//3264 3254//3254
f 3256//3256 3265//3265 3266//3266
f 3256//3256 3113//3113 3265//3265
f 3113//3113 3118//3118 3265//3265
f 3257//3257 3256//3256 3266//3266
f 3258//3258 3259//3259 3267//3267
f 3268//3268 3267//3267 3269//3269
f 3119//3119 3267//3267 3268//3268
f 3119//3119 3258//3258 3267//3267
f 3119//3119 3115//3115 3258//3258
f 3119//3119 3268//3268 3121//3121
f 3261//3261 3270//3270 3262//3262
f 3124//3124 3123//3123 3271//3271
f 3261//3261 3263//3263 3270//3270
f 3272//3272 3124//3124 3271//3271
f 3272//3272 3273//3273 3124//3124
f 3273//3273 3125//3125 3124//3124
f 3265//3265 3118//3118 3125//3125
f 3273//3273 3265//3265 3125//3125
f 3268//3268 3269//3269 3274//3274
f 3275//3275 3274//3274 3276//3276
f 3126//3126 3274//3274 3275//3275
f 3126//3126 3268//3268 3274//3274
f 3126//3126 3121//3121 3268//3268
f 3126//3126 3277//3277 3127//3127
f 3275//3275 3277//3277 3126//3126
f 3127//3127 3271//3271 3123//3123
f 3127//3127 3277//3277 3271//3271
f 3277//3277 3278//3278 3271//3271
f 3279//3279 3272//3272 3271//3271
f 3278//3278 3279//3279 3271//3271
f 3280//3280 3275//3275 3276//3276
f 3281//3281 3280//3280 3276//3276
f 3277//3277 3275//3275 3282//3282
f 3282//3282 3275//3275 3280//3280
f 3278//3278 3277//3277 3283//3283
f 3283//3283 3277//3277 3282//3282
f 3284//3284 3279//3279 3278//3278
f 3283//3283 3284//3284 3278//3278
f 3285//3285 3280//3280 3281//3281
f 3286//3286 3285//3285 3281//3281
f 3282//3282 3280//3280 3287//3287
f 3287//3287 3280//3280 3285//3285
f 3283//3283 3282//3282 3288//3288
f 3288//3288 3282//3282 3287//3287
f 3289//3289 3284//3284 3283//3283
f 3288//3288 3289//3289 3283//3283
f 3285//3285 3286//3286 3290//3290
f 3287//3287 3285//3285 3290//3290
f 3291//3291 3287//3287 3290//3290
f 3288//3288 3287//3287 3291//3291
f 3292//3292 3288//3288 3291//3291
f 3289//3289 3288//3288 3292//3292
f 3129//3129 3293//3293 3294//3294
f 3130//3130 3129//3129 3294//3294
f 3131//3131 3295//3295 3296//3296
f 3131//3131 3296//3296 3129//3129
f 3129//3129 3296//3296 3293//3293
f 3296//3296 3295//3295 3297//3297
f 3133//3133 3298//3298 3299//3299
f 3134//3134 3133//3133 3299//3299
f 3135//3135 3300//3300 3133//3133
f 3133//3133 3300//3300 3298//3298
f 3294//3294 3135//3135 3130//3130
f 3300//3300 3135//3135 3294//3294
f 3131//3131 3136//3136 3295//3295
f 3295//3295 3301//3301 3297//3297
f 3295//3295 3136//3136 3301//3301
f 3136//3136 3138//3138 3301//3301
f 3301//3301 3138//3138 3139//3139
f 3302//3302 3301//3301 3139//3139
f 3141//3141 3303//3303 3304//3304
f 3142//3142 3141//3141 3304//3304
f 3299//3299 3141//3141 3134//3134
f 3303//3303 3141//3141 3299//3299
f 3305//3305 3306//3306 3307//3307
f 3305//3305 3145//3145 3144//3144
f 3305//3305 3307//3307 3145//3145
f 3307//3307 3308//3308 3145//3145
f 3146//3146 3145//3145 3309//3309
f 3145//3145 3308//3308 3309//3309
f 3309//3309 3148//3148 3146//3146
f 3310//3310 3148//3148 3309//3309
f 3139//3139 3149//3149 3302//3302
f 3302//3302 3149//3149 3311//3311
f 3142//3142 3304//3304 3151//3151
f 3304//3304 3312//3312 3151//3151
f 3313//3313 3314//3314 3315//3315
f 3306//3306 3313//3313 3315//3315
f 3305//3305 3313//3313 3306//3306
f 3305//3305 3153//3153 3313//3313
f 3305//3305 3154//3154 3153//3153
f 3144//3144 3154//3154 3305//3305
f 3148//3148 3310//3310 3156//3156
f 3310//3310 3316//3316 3156//3156
f 3149//3149 3157//3157 3311//3311
f 3311//3311 3157//3157 3317//3317
f 3151//3151 3312//3312 3159//3159
f 3312//3312 3318//3318 3159//3159
f 3313//3313 3319//3319 3314//3314
f 3319//3319 3313//3313 3153//3153
f 3319//3319 3153//3153 3320//3320
f 3320//3320 3153//3153 3161//3161
f 3156//3156 3316//3316 3163//3163
f 3316//3316 3321//3321 3163//3163
f 3157//3157 3164//3164 3317//3317
f 3317//3317 3164//3164 3322//3322
f 3323//3323 3324//3324 3165//3165
f 3323//3323 3165//3165 3318//3318
f 3318//3318 3165//3165 3159//3159
f 3323//3323 3325//3325 3324//3324
f 3161//3161 3166//3166 3320//3320
f 3320//3320 3166//3166 3326//3326
f 3167//3167 3327//3327 3328//3328
f 3168//3168 3167//3167 3328//3328
f 3321//3321 3167//3167 3163//3163
f 3327//3327 3167//3167 3321//3321
f 3164//3164 3169//3169 3322//3322
f 3322//3322 3169//3169 3329//3329
f 3324//3324 3330//3330 3331//3331
f 3324//3324 3331//3331 3165//3165
f 3165//3165 3331//3331 3170//3170
f 3325//3325 3330//3330 3324//3324
f 3166//3166 3171//3171 3326//3326
f 3326//3326 3171//3171 3332//3332
f 3333//3333 3172//3172 3168//3168
f 3333//3333 3168//3168 3334//3334
f 3334//3334 3168//3168 3328//3328
f 3172//3172 3333//3333 3173//3173
f 3169//3169 3335//3335 3329//3329
f 3174//3174 3335//3335 3169//3169
f 3335//3335 3174//3174 3175//3175
f 3336//3336 3335//3335 3175//3175
f 3170//3170 3331//3331 3176//3176
f 3331//3331 3337//3337 3176//3176
f 3178//3178 3177//3177 3338//3338
f 3178//3178 3338//3338 3339//3339
f 3178//3178 3339//3339 3171//3171
f 3171//3171 3339//3339 3332//3332
f 3333//3333 3334//3334 3340//3340
f 3341//3341 3340//3340 3342//3342
f 3179//3179 3340//3340 3341//3341
f 3179//3179 3333//3333 3340//3340
f 3179//3179 3173//3173 3333//3333
f 3179//3179 3341//3341 3181//3181
f 3175//3175 3182//3182 3336//3336
f 3336//3336 3182//3182 3343//3343
f 3176//3176 3337//3337 3183//3183
f 3337//3337 3344//3344 3183//3183
f 3177//3177 3184//3184 3338//3338
f 3338//3338 3184//3184 3185//3185
f 3338//3338 3185//3185 3339//3339
f 3339//3339 3185//3185 3345//3345
f 3346//3346 3341//3341 3342//3342
f 3347//3347 3346//3346 3342//3342
f 3181//3181 3346//3346 3187//3187
f 3341//3341 3346//3346 3181//3181
f 3182//3182 3188//3188 3343//3343
f 3343//3343 3188//3188 3348//3348
f 3349//3349 3350//3350 3189//3189
f 3349//3349 3189//3189 3344//3344
f 3344//3344 3189//3189 3183//3183
f 3349//3349 3351//3351 3350//3350
f 3185//3185 3352//3352 3345//3345
f 3190//3190 3352//3352 3185//3185
f 3191//3191 3353//3353 3354//3354
f 3191//3191 3354//3354 3190//3190
f 3190//3190 3354//3354 3352//3352
f 3353//3353 3355//3355 3356//3356
f 3354//3354 3353//3353 3356//3356
f 3347//3347 3356//3356 3355//3355
f 3346//3346 3347//3347 3355//3355
f 3346//3346 3355//3355 3193//3193
f 3346//3346 3193//3193 3194//3194
f 3187//3187 3346//3346 3194//3194
f 3188//3188 3195//3195 3348//3348
f 3348//3348 3195//3195 3357//3357
f 3189//3189 3350//3350 3196//3196
f 3350//3350 3351//3351 3358//3358
f 3350//3350 3358//3358 3196//3196
f 3196//3196 3358//3358 3197//3197
f 3358//3358 3198//3198 3197//3197
f 3359//3359 3198//3198 3358//3358
f 3191//3191 3199//3199 3353//3353
f 3200//3200 3353//3353 3199//3199
f 3355//3355 3353//3353 3200//3200
f 3193//3193 3355//3355 3200//3200
f 3202//3202 3360//3360 3361//3361
f 3201//3201 3360//3360 3202//3202
f 3357//3357 3195//3195 3202//3202
f 3361//3361 3357//3357 3202//3202
f 3198//3198 3359//3359 3362//3362
f 3203//3203 3198//3198 3362//3362
f 3204//3204 3203//3203 3363//3363
f 3203//3203 3362//3362 3363//3363
f 3205//3205 3204//3204 3364//3364
f 3204//3204 3363//3363 3364//3364
f 3206//3206 3205//3205 3365//3365
f 3205//3205 3364//3364 3365//3365
f 3360//3360 3201//3201 3206//3206
f 3365//3365 3360//3360 3206//3206
f 3212//3212 3366//3366 3367//3367
f 3211//3211 3212//3212 3367//3367
f 3213//3213 3368//3368 3212//3212
f 3212//3212 3368//3368 3366//3366
f 3214//3214 3369//3369 3213//3213
f 3213//3213 3369//3369 3368//3368
f 3370//3370 3371//3371 3369//3369
f 3370//3370 3369//3369 3215//3215
f 3215//3215 3369//3369 3214//3214
f 3215//3215 3216//3216 3370//3370
f 3217//3217 3372//3372 3373//3373
f 3218//3218 3217//3217 3373//3373
f 3367//3367 3217//3217 3211//3211
f 3372//3372 3217//3217 3367//3367
f 3221//3221 3220//3220 3374//3374
f 3221//3221 3374//3374 3223//3223
f 3370//3370 3375//3375 3371//3371
f 3375//3375 3370//3370 3216//3216
f 3375//3375 3216//3216 3376//3376
f 3376//3376 3216//3216 3224//3224
f 3218//3218 3373//3373 3225//3225
f 3373//3373 3377//3377 3225//3225
f 3227//3227 3378//3378 3379//3379
f 3226//3226 3378//3378 3227//3227
f 3374//3374 3220//3220 3227//3227
f 3374//3374 3227//3227 3380//3380
f 3380//3380 3227//3227 3379//3379
f 3223//3223 3374//3374 3380//3380
f 3223//3223 3380//3380 3228//3228
f 3228//3228 3380//3380 3381//3381
f 3381//3381 3229//3229 3228//3228
f 3382//3382 3229//3229 3381//3381
f 3224//3224 3383//3383 3376//3376
f 3230//3230 3383//3383 3224//3224
f 3383//3383 3230//3230 3232//3232
f 3384//3384 3383//3383 3232//3232
f 3234//3234 3385//3385 3386//3386
f 3235//3235 3234//3234 3386//3386
f 3377//3377 3234//3234 3225//3225
f 3385//3385 3234//3234 3377//3377
f 3226//3226 3237//3237 3378//3378
f 3378//3378 3237//3237 3387//3387
f 3388//3388 3389//3389 3239//3239
f 3388//3388 3239//3239 3382//3382
f 3382//3382 3239//3239 3229//3229
f 3388//3388 3390//3390 3389//3389
f 3232//3232 3241//3241 3384//3384
f 3384//3384 3241//3241 3391//3391
f 3235//3235 3386//3386 3243//3243
f 3386//3386 3392//3392 3243//3243
f 3393//3393 3394//3394 3395//3395
f 3393//3393 3395//3395 3387//3387
f 3393//3393 3387//3387 3245//3245
f 3245//3245 3387//3387 3237//3237
f 3389//3389 3396//3396 3247//3247
f 3239//3239 3389//3389 3247//3247
f 3397//3397 3389//3389 3390//3390
f 3396//3396 3389//3389 3397//3397
f 3241//3241 3249//3249 3391//3391
f 3391//3391 3249//3249 3398//3398
f 3243//3243 3392//3392 3251//3251
f 3392//3392 3399//3399 3251//3251
f 3400//3400 3394//3394 3393//3393
f 3401//3401 3394//3394 3400//3400
f 3245//3245 3253//3253 3400//3400
f 3393//3393 3245//3245 3400//3400
f 3396//3396 3402//3402 3403//3403
f 3396//3396 3403//3403 3247//3247
f 3247//3247 3403//3403 3255//3255
f 3397//3397 3402//3402 3396//3396
f 3249//3249 3257//3257 3398//3398
f 3398//3398 3257//3257 3404//3404
f 3251//3251 3399//3399 3259//3259
f 3399//3399 3405//3405 3259//3259
f 3400//3400 3406//3406 3401//3401
f 3407//3407 3408//3408 3406//3406
f 3260//3260 3407//3407 3406//3406
f 3260//3260 3406//3406 3400//3400
f 3260//3260 3400//3400 3253//3253
f 3260//3260 3262//3262 3407//3407
f 3264//3264 3409//3409 3410//3410
f 3263//3263 3264//3264 3410//3410
f 3403//3403 3264//3264 3255//3255
f 3409//3409 3264//3264 3403//3403
f 3266//3266 3411//3411 3412//3412
f 3265//3265 3411//3411 3266//3266
f 3404//3404 3257//3257 3266//3266
f 3412//3412 3404//3404 3266//3266
f 3259//3259 3405//3405 3413//3413
f 3267//3267 3259//3259 3413//3413
f 3413//3413 3269//3269 3267//3267
f 3414//3414 3269//3269 3413//3413
f 3407//3407 3415//3415 3408//3408
f 3262//3262 3415//3415 3407//3407
f 3262//3262 3270//3270 3415//3415
f 3270//3270 3416//3416 3415//3415
f 3410//3410 3270//3270 3263//3263
f 3416//3416 3270//3270 3410//3410
f 3273//3273 3417//3417 3418//3418
f 3272//3272 3417//3417 3273//3273
f 3411//3411 3265//3265 3273//3273
f 3418//3418 3411//3411 3273//3273
f 3269//3269 3414//3414 3419//3419
f 3274//3274 3269//3269 3419//3419
f 3419//3419 3276//3276 3274//3274
f 3420//3420 3276//3276 3419//3419
f 3272//3272 3279//3279 3417//3417
f 3417//3417 3279//3279 3421//3421
f 3276//3276 3420//3420 3281//3281
f 3420//3420 3422//3422 3281//3281
f 3423//3423 3424//3424 3425//3425
f 3425//3425 3426//3426 3423//3423
f 3279//3279 3284//3284 3421//3421
f 3421//3421 3284//3284 3427//3427
f 3281//3281 3422//3422 3286//3286
f 3422//3422 3428//3428 3286//3286
f 3423//3423 3429//3429 3424//3424
f 3426//3426 3429//3429 3423//3423
f 3284//3284 3289//3289 3427//3427
f 3427//3427 3289//3289 3430//3430
f 3431//3431 3432//3432 3433//3433
f 3290//3290 3431//3431 3434//3434
f 3290//3290 3428//3428 3431//3431
f 3290//3290 3286//3286 3428//3428
f 3432//3432 3431//3431 3428//3428
f 3290//3290 3435//3435 3291//3291
f 3434//3434 3435//3435 3290//3290
f 3291//3291 3436//3436 3292//3292
f 3435//3435 3436//3436 3291//3291
f 3437//3437 3430//3430 3289//3289
f 3437//3437 3289//3289 3436//3436
f 3437//3437 3436//3436 3438//3438
f 3436//3436 3289//3289 3292//3292
f 3437//3437 3438//3438 3439//3439
f 3440//3440 3431//3431 3433//3433
f 3441//3441 3440//3440 3433//3433
f 3434//3434 3431//3431 3442//3442
f 3442//3442 3431//3431 3440//3440
f 3435//3435 3434//3434 3443//3443
f 3443//3443 3434//3434 3442//3442
f 3436//3436 3435//3435 3444//3444
f 3444//3444 3435//3435 3443//3443
f 3438//3438 3436//3436 3445//3445
f 3445//3445 3436//3436 3444//3444
f 3446//3446 3439//3439 3438//3438
f 3445//3445 3446//3446 3438//3438
f 3440//3440 3441//3441 3447//3447
f 3447//3447 3448//3448 3449//3449
f 3447//3447 3449//3449 3440//3440
f 3440//3440 3449//3449 3442//3442
f 3443//3443 3442//3442 3450//3450
f 3450//3450 3442//3442 3449//3449
f 3444//3444 3443//3443 3451//3451
f 3451//3451 3443//3443 3450//3450
f 3445//3445 3444//3444 3452//3452
f 3452//3452 3444//3444 3451//3451
f 3453//3453 3446//3446 3445//3445
f 3452//3452 3453//3453 3445//3445
f 3449//3449 3448//3448 3454//3454
f 3454//3454 3455//3455 3456//3456
f 3454//3454 3456//3456 3449//3449
f 3449//3449 3456//3456 3450//3450
f 3451//3451 3450//3450 3457//3457
f 3457//3457 3450//3450 3456//3456
f 3458//3458 3459//3459 3452//3452
f 3458//3458 3452//3452 3457//3457
f 3457//3457 3452//3452 3451//3451
f 3453//3453 3452//3452 3459//3459
f 3456//3456 3455//3455 3460//3460
f 3457//3457 3456//3456 3460//3460
f 3461//3461 3457//3457 3460//3460
f 3458//3458 3457//3457 3461//3461
f 3293//3293 3462//3462 3463//3463
f 3294//3294 3293//3293 3463//3463
f 3464//3464 3465//3465 3462//3462
f 3464//3464 3462//3462 3296//3296
f 3296//3296 3462//3462 3293//3293
f 3296//3296 3297//3297 3464//3464
f 3298//3298 3466//3466 3467//3467
f 3299//3299 3298//3298 3467//3467
f 3300//3300 3468//3468 3298//3298
f 3298//3298 3468//3468 3466//3466
f 3463//3463 3300//3300 3294//3294
f 3468//3468 3300//3300 3463//3463
f 3464//3464 3469//3469 3465//3465
f 3297//3297 3469//3469 3464//3464
f 3297//3297 3301//3301 3469//3469
f 3301//3301 3470//3470 3469//3469
f 3470//3470 3301//3301 3302//3302
f 3471//3471 3470//3470 3302//3302
f 3303//3303 3472//3472 3304//3304
f 3303//3303 3473//3473 3472//3472
f 3303//3303 3299//3299 3473//3473
f 3299//3299 3467//3467 3473//3473
f 3307//3307 3474//3474 3475//3475
f 3306//3306 3474//3474 3307//3307
f 3308//3308 3307//3307 3476//3476
f 3307//3307 3475//3475 3476//3476
f 3477//3477 3476//3476 3478//3478
f 3477//3477 3309//3309 3476//3476
f 3309//3309 3308//3308 3476//3476
f 3309//3309 3477//3477 3310//3310
f 3302//3302 3311//3311 3471//3471
f 3471//3471 3311//3311 3479//3479
f 3472//3472 3480//3480 3481//3481
f 3472//3472 3481//3481 3304//3304
f 3304//3304 3481//3481 3312//3312
f 3315//3315 3314//3314 3482//3482
f 3472//3472 3473//3473 3480//3480
f 3315//3315 3482//3482 3483//3483
f 3315//3315 3483//3483 3306//3306
f 3306//3306 3483//3483 3474//3474
f 3477//3477 3478//3478 3484//3484
f 3484//3484 3310//3310 3477//3477
f 3484//3484 3485//3485 3310//3310
f 3485//3485 3316//3316 3310//3310
f 3311//3311 3317//3317 3479//3479
f 3479//3479 3317//3317 3486//3486
f 3312//3312 3481//3481 3318//3318
f 3481//3481 3487//3487 3318//3318
f 3314//3314 3319//3319 3482//3482
f 3482//3482 3319//3319 3320//3320
f 3482//3482 3320//3320 3483//3483
f 3483//3483 3320//3320 3488//3488
f 3316//3316 3485//3485 3321//3321
f 3485//3485 3489//3489 3321//3321
f 3317//3317 3322//3322 3486//3486
f 3486//3486 3322//3322 3490//3490
f 3318//3318 3487//3487 3491//3491
f 3323//3323 3318//3318 3491//3491
f 3491//3491 3325//3325 3323//3323
f 3492//3492 3325//3325 3491//3491
f 3493//3493 3326//3326 3494//3494
f 3493//3493 3488//3488 3326//3326
f 3488//3488 3320//3320 3326//3326
f 3494//3494 3495//3495 3496//3496
f 3493//3493 3494//3494 3496//3496
f 3495//3495 3328//3328 3327//3327
f 3495//3495 3327//3327 3496//3496
f 3496//3496 3327//3327 3497//3497
f 3489//3489 3327//3327 3321//3321
f 3497//3497 3327//3327 3489//3489
f 3322//3322 3329//3329 3490//3490
f 3490//3490 3329//3329 3498//3498
f 3330//3330 3499//3499 3331//3331
f 3330//3330 3500//3500 3499//3499
f 3330//3330 3325//3325 3500//3500
f 3325//3325 3492//3492 3500//3500
f 3494//3494 3332//3332 3501//3501
f 3326//3326 3332//3332 3494//3494
f 3495//3495 3494//3494 3502//3502
f 3502//3502 3494//3494 3501//3501
f 3328//3328 3502//3502 3334//3334
f 3495//3495 3502//3502 3328//3328
f 3503//3503 3329//3329 3335//3335
f 3503//3503 3504//3504 3329//3329
f 3504//3504 3498//3498 3329//3329
f 3335//3335 3336//3336 3503//3503
f 3499//3499 3505//3505 3337//3337
f 3331//3331 3499//3499 3337//3337
f 3506//3506 3499//3499 3500//3500
f 3505//3505 3499//3499 3506//3506
f 3501//3501 3339//3339 3507//3507
f 3332//3332 3339//3339 3501//3501
f 3502//3502 3501//3501 3508//3508
f 3508//3508 3501//3501 3507//3507
f 3334//3334 3509//3509 3340//3340
f 3334//3334 3502//3502 3509//3509
f 3502//3502 3508//3508 3509//3509
f 3340//3340 3509//3509 3342//3342
f 3510//3510 3504//3504 3503//3503
f 3511//3511 3504//3504 3510//3510
f 3336//3336 3343//3343 3510//3510
f 3503//3503 3336//3336 3510//3510
f 3505//3505 3512//3512 3344//3344
f 3337//3337 3505//3505 3344//3344
f 3513//3513 3505//3505 3506//3506
f 3512//3512 3505//3505 3513//3513
f 3507//3507 3345//3345 3514//3514
f 3339//3339 3345//3345 3507//3507
f 3508//3508 3507//3507 3515//3515
f 3515//3515 3507//3507 3514//3514
f 3509//3509 3508//3508 3516//3516
f 3516//3516 3508//3508 3515//3515
f 3342//3342 3516//3516 3347//3347
f 3509//3509 3516//3516 3342//3342
f 3517//3517 3511//3511 3510//3510
f 3518//3518 3511//3511 3517//3517
f 3343//3343 3348//3348 3517//3517
f 3510//3510 3343//3343 3517//3517
f 3344//3344 3512//3512 3349//3349
f 3512//3512 3351//3351 3349//3349
f 3512//3512 3513//3513 3351//3351
f 3513//3513 3519//3519 3351//3351
f 3345//3345 3352//3352 3514//3514
f 3354//3354 3514//3514 3352//3352
f 3515//3515 3514//3514 3354//3354
f 3356//3356 3515//3515 3354//3354
f 3516//3516 3515//3515 3356//3356
f 3347//3347 3516//3516 3356//3356
f 3520//3520 3518//3518 3517//3517
f 3521//3521 3518//3518 3520//3520
f 3348//3348 3357//3357 3520//3520
f 3517//3517 3348//3348 3520//3520
f 3351//3351 3519//3519 3522//3522
f 3358//3358 3351//3351 3522//3522
f 3359//3359 3523//3523 3524//3524
f 3359//3359 3358//3358 3523//3523
f 3358//3358 3522//3522 3523//3523
f 3524//3524 3525//3525 3526//3526
f 3523//3523 3525//3525 3524//3524
f 3526//3526 3527//3527 3528//3528
f 3525//3525 3527//3527 3526//3526
f 3528//3528 3529//3529 3530//3530
f 3527//3527 3529//3529 3528//3528
f 3521//3521 3530//3530 3529//3529
f 3520//3520 3530//3530 3521//3521
f 3520//3520 3360//3360 3530//3530
f 3520//3520 3361//3361 3360//3360
f 3357//3357 3361//3361 3520//3520
f 3359//3359 3524//3524 3362//3362
f 3363//3363 3362//3362 3524//3524
f 3526//3526 3363//3363 3524//3524
f 3364//3364 3363//3363 3526//3526
f 3528//3528 3364//3364 3526//3526
f 3365//3365 3364//3364 3528//3528
f 3530//3530 3365//3365 3528//3528
f 3360//3360 3365//3365 3530//3530
f 3366//3366 3531//3531 3367//3367
f 3366//3366 3368//3368 3532//3532
f 3531//3531 3366//3366 3532//3532
f 3368//3368 3369//3369 3533//3533
f 3532//3532 3368//3368 3533//3533
f 3369//3369 3371//3371 3533//3533
f 3372//3372 3534//3534 3535//3535
f 3373//3373 3372//3372 3535//3535
f 3531//3531 3372//3372 3367//3367
f 3531//3531 3536//3536 3372//3372
f 3536//3536 3534//3534 3372//3372
f 3532//3532 3536//3536 3531//3531
f 3537//3537 3536//3536 3532//3532
f 3533//3533 3537//3537 3532//3532
f 3538//3538 3537//3537 3533//3533
f 3371//3371 3538//3538 3533//3533
f 3371//3371 3375//3375 3538//3538
f 3375//3375 3539//3539 3538//3538
f 3539//3539 3375//3375 3376//3376
f 3540//3540 3539//3539 3376//3376
f 3373//3373 3535//3535 3377//3377
f 3535//3535 3541//3541 3377//3377
f 3379//3379 3378//3378 3542//3542
f 3543//3543 3379//3379 3542//3542
f 3543//3543 3544//3544 3379//3379
f 3544//3544 3380//3380 3379//3379
f 3381//3381 3380//3380 3545//3545
f 3380//3380 3544//3544 3545//3545
f 3545//3545 3382//3382 3381//3381
f 3546//3546 3382//3382 3545//3545
f 3376//3376 3547//3547 3540//3540
f 3383//3383 3547//3547 3376//3376
f 3547//3547 3383//3383 3384//3384
f 3548//3548 3547//3547 3384//3384
f 3385//3385 3549//3549 3550//3550
f 3386//3386 3385//3385 3550//3550
f 3541//3541 3385//3385 3377//3377
f 3549//3549 3385//3385 3541//3541
f 3542//3542 3551//3551 3552//3552
f 3542//3542 3378//3378 3551//3551
f 3378//3378 3387//3387 3551//3551
f 3543//3543 3542//3542 3552//3552
f 3382//3382 3546//3546 3553//3553
f 3388//3388 3382//3382 3553//3553
f 3553//3553 3390//3390 3388//3388
f 3554//3554 3390//3390 3553//3553
f 3384//3384 3391//3391 3548//3548
f 3548//3548 3391//3391 3555//3555
f 3386//3386 3550//3550 3392//3392
f 3550//3550 3556//3556 3392//3392
f 3395//3395 3557//3557 3558//3558
f 3394//3394 3557//3557 3395//3395
f 3551//3551 3387//3387 3395//3395
f 3558//3558 3551//3551 3395//3395
f 3390//3390 3554//3554 3397//3397
f 3554//3554 3559//3559 3397//3397
f 3391//3391 3398//3398 3555//3555
f 3555//3555 3398//3398 3560//3560
f 3392//3392 3556//3556 3399//3399
f 3556//3556 3561//3561 3399//3399
f 3394//3394 3401//3401 3557//3557
f 3557//3557 3401//3401 3562//3562
f 3402//3402 3563//3563 3564//3564
f 3403//3403 3402//3402 3564//3564
f 3559//3559 3402//3402 3397//3397
f 3563//3563 3402//3402 3559//3559
f 3398//3398 3404//3404 3560//3560
f 3560//3560 3404//3404 3565//3565
f 3399//3399 3561//3561 3405//3405
f 3561//3561 3566//3566 3405//3405
f 3401//3401 3567//3567 3562//3562
f 3406//3406 3567//3567 3401//3401
f 3408//3408 3568//3568 3569//3569
f 3408//3408 3569//3569 3406//3406
f 3406//3406 3569//3569 3567//3567
f 3569//3569 3568//3568 3570//3570
f 3409//3409 3571//3571 3572//3572
f 3410//3410 3409//3409 3572//3572
f 3564//3564 3409//3409 3403//3403
f 3571//3571 3409//3409 3564//3564
f 3412//3412 3573//3573 3574//3574
f 3411//3411 3573//3573 3412//3412
f 3565//3565 3404//3404 3412//3412
f 3574//3574 3565//3565 3412//3412
f 3405//3405 3566//3566 3575//3575
f 3413//3413 3405//3405 3575//3575
f 3575//3575 3414//3414 3413//3413
f 3576//3576 3414//3414 3575//3575
f 3408//3408 3415//3415 3568//3568
f 3568//3568 3577//3577 3570//3570
f 3568//3568 3415//3415 3577//3577
f 3415//3415 3416//3416 3577//3577
f 3572//3572 3416//3416 3410//3410
f 3577//3577 3416//3416 3572//3572
f 3418//3418 3578//3578 3579//3579
f 3417//3417 3578//3578 3418//3418
f 3573//3573 3411//3411 3418//3418
f 3579//3579 3573//3573 3418//3418
f 3414//3414 3576//3576 3580//3580
f 3419//3419 3414//3414 3580//3580
f 3580//3580 3420//3420 3419//3419
f 3581//3581 3420//3420 3580//3580
f 3582//3582 3583//3583 3584//3584
f 3584//3584 3585//3585 3582//3582
f 3417//3417 3421//3421 3578//3578
f 3578//3578 3421//3421 3586//3586
f 3420//3420 3581//3581 3422//3422
f 3581//3581 3587//3587 3422//3422
f 3583//3583 3588//3588 3589//3589
f 3583//3583 3424//3424 3588//3588
f 3583//3583 3582//3582 3425//3425
f 3424//3424 3583//3583 3425//3425
f 3426//3426 3589//3589 3588//3588
f 3426//3426 3585//3585 3589//3589
f 3426//3426 3425//3425 3582//3582
f 3585//3585 3426//3426 3582//3582
f 3421//3421 3427//3427 3586//3586
f 3586//3586 3427//3427 3590//3590
f 3591//3591 3592//3592 3593//3593
f 3591//3591 3587//3587 3592//3592
f 3591//3591 3428//3428 3587//3587
f 3428//3428 3422//3422 3587//3587
f 3424//3424 3429//3429 3588//3588
f 3426//3426 3588//3588 3429//3429
f 3594//3594 3430//3430 3595//3595
f 3594//3594 3590//3590 3430//3430
f 3590//3590 3427//3427 3430//3430
f 3594//3594 3595//3595 3596//3596
f 3432//3432 3591//3591 3593//3593
f 3432//3432 3593//3593 3433//3433
f 3433//3433 3593//3593 3597//3597
f 3428//3428 3591//3591 3432//3432
f 3598//3598 3599//3599 3600//3600
f 3600//3600 3601//3601 3598//3598
f 3430//3430 3437//3437 3595//3595
f 3439//3439 3602//3602 3603//3603
f 3437//3437 3439//3439 3603//3603
f 3437//3437 3603//3603 3596//3596
f 3437//3437 3596//3596 3595//3595
f 3603//3603 3602//3602 3604//3604
f 3433//3433 3597//3597 3441//3441
f 3597//3597 3605//3605 3441//3441
f 3606//3606 3599//3599 3598//3598
f 3607//3607 3599//3599 3606//3606
f 3608//3608 3598//3598 3601//3601
f 3608//3608 3609//3609 3598//3598
f 3609//3609 3606//3606 3598//3598
f 3608//3608 3610//3610 3609//3609
f 3602//3602 3446//3446 3611//3611
f 3439//3439 3446//3446 3602//3602
f 3612//3612 3604//3604 3602//3602
f 3611//3611 3612//3612 3602//3602
f 3613//3613 3447//3447 3441//3441
f 3613//3613 3441//3441 3614//3614
f 3614//3614 3441//3441 3605//3605
f 3447//3447 3613//3613 3448//3448
f 3606//3606 3615//3615 3607//3607
f 3609//3609 3615//3615 3606//3606
f 3616//3616 3615//3615 3609//3609
f 3610//3610 3616//3616 3609//3609
f 3611//3611 3453//3453 3617//3617
f 3446//3446 3453//3453 3611//3611
f 3618//3618 3612//3612 3611//3611
f 3617//3617 3618//3618 3611//3611
f 3613//3613 3614//3614 3619//3619
f 3620//3620 3619//3619 3621//3621
f 3454//3454 3619//3619 3620//3620
f 3454//3454 3613//3613 3619//3619
f 3454//3454 3448//3448 3613//3613
f 3454//3454 3620//3620 3455//3455
f 3459//3459 3458//3458 3622//3622
f 3459//3459 3622//3622 3623//3623
f 3453//3453 3459//3459 3623//3623
f 3453//3453 3623//3623 3624//3624
f 3453//3453 3624//3624 3617//3617
f 3618//3618 3617//3617 3624//3624
f 3620//3620 3621//3621 3625//3625
f 3455//3455 3620//3620 3625//3625
f 3455//3455 3625//3625 3460//3460
f 3460//3460 3625//3625 3626//3626
f 3461//3461 3460//3460 3627//3627
f 3460//3460 3626//3626 3627//3627
f 3622//3622 3458//3458 3461//3461
f 3622//3622 3461//3461 3628//3628
f 3628//3628 3461//3461 3627//3627
f 3623//3623 3622//3622 3628//3628
f 3462//3462 3629//3629 3463//3463
f 3462//3462 3465//3465 3629//3629
f 3466//3466 3630//3630 3631//3631
f 3467//3467 3466//3466 3631//3631
f 3468//3468 3632//3632 3466//3466
f 3466//3466 3632//3632 3630//3630
f 3629//3629 3468//3468 3463//3463
f 3629//3629 3633//3633 3468//3468
f 3633//3633 3632//3632 3468//3468
f 3465//3465 3633//3633 3629//3629
f 3465//3465 3469//3469 3633//3633
f 3469//3469 3634//3634 3633//3633
f 3635//3635 3636//3636 3634//3634
f 3635//3635 3634//3634 3470//3470
f 3470//3470 3634//3634 3469//3469
f 3470//3470 3471//3471 3635//3635
f 3467//3467 3631//3631 3473//3473
f 3631//3631 3637//3637 3473//3473
f 3475//3475 3474//3474 3638//3638
f 3475//3475 3639//3639 3476//3476
f 3638//3638 3639//3639 3475//3475
f 3476//3476 3639//3639 3478//3478
f 3635//3635 3640//3640 3636//3636
f 3640//3640 3635//3635 3471//3471
f 3640//3640 3471//3471 3641//3641
f 3641//3641 3471//3471 3479//3479
f 3480//3480 3642//3642 3481//3481
f 3480//3480 3643//3643 3642//3642
f 3480//3480 3473//3473 3643//3643
f 3473//3473 3637//3637 3643//3643
f 3638//3638 3483//3483 3644//3644
f 3474//3474 3483//3483 3638//3638
f 3639//3639 3638//3638 3645//3645
f 3645//3645 3638//3638 3644//3644
f 3478//3478 3646//3646 3484//3484
f 3478//3478 3639//3639 3646//3646
f 3639//3639 3645//3645 3646//3646
f 3484//3484 3646//3646 3485//3485
f 3479//3479 3486//3486 3641//3641
f 3641//3641 3486//3486 3647//3647
f 3642//3642 3648//3648 3487//3487
f 3481//3481 3642//3642 3487//3487
f 3649//3649 3642//3642 3643//3643
f 3648//3648 3642//3642 3649//3649
f 3644//3644 3488//3488 3650//3650
f 3483//3483 3488//3488 3644//3644
f 3645//3645 3644//3644 3651//3651
f 3651//3651 3644//3644 3650//3650
f 3646//3646 3645//3645 3652//3652
f 3652//3652 3645//3645 3651//3651
f 3485//3485 3652//3652 3489//3489
f 3646//3646 3652//3652 3485//3485
f 3486//3486 3490//3490 3647//3647
f 3647//3647 3490//3490 3653//3653
f 3487//3487 3648//3648 3491//3491
f 3648//3648 3492//3492 3491//3491
f 3648//3648 3649//3649 3492//3492
f 3649//3649 3654//3654 3492//3492
f 3488//3488 3493//3493 3650//3650
f 3496//3496 3650//3650 3493//3493
f 3651//3651 3650//3650 3496//3496
f 3497//3497 3651//3651 3496//3496
f 3652//3652 3651//3651 3497//3497
f 3489//3489 3652//3652 3497//3497
f 3655//3655 3656//3656 3657//3657
f 3656//3656 3655//3655 3653//3653
f 3656//3656 3653//3653 3498//3498
f 3498//3498 3653//3653 3490//3490
f 3658//3658 3659//3659 3500//3500
f 3658//3658 3500//3500 3654//3654
f 3654//3654 3500//3500 3492//3492
f 3659//3659 3660//3660 3661//3661
f 3658//3658 3660//3660 3659//3659
f 3661//3661 3662//3662 3663//3663
f 3660//3660 3662//3662 3661//3661
f 3663//3663 3664//3664 3665//3665
f 3662//3662 3664//3664 3663//3663
f 3657//3657 3665//3665 3664//3664
f 3657//3657 3656//3656 3665//3665
f 3656//3656 3666//3666 3665//3665
f 3498//3498 3504//3504 3666//3666
f 3656//3656 3498//3498 3666//3666
f 3659//3659 3667//3667 3506//3506
f 3500//3500 3659//3659 3506//3506
f 3661//3661 3668//3668 3659//3659
f 3668//3668 3667//3667 3659//3659
f 3663//3663 3669//3669 3661//3661
f 3669//3669 3668//3668 3661//3661
f 3665//3665 3670//3670 3663//3663
f 3670//3670 3669//3669 3663//3663
f 3666//3666 3671//3671 3665//3665
f 3671//3671 3670//3670 3665//3665
f 3504//3504 3511//3511 3671//3671
f 3666//3666 3504//3504 3671//3671
f 3667//3667 3672//3672 3513//3513
f 3506//3506 3667//3667 3513//3513
f 3668//3668 3673//3673 3667//3667
f 3673//3673 3672//3672 3667//3667
f 3669//3669 3674//3674 3668//3668
f 3674//3674 3673//3673 3668//3668
f 3670//3670 3675//3675 3669//3669
f 3675//3675 3674//3674 3669//3669
f 3671//3671 3676//3676 3670//3670
f 3676//3676 3675//3675 3670//3670
f 3511//3511 3518//3518 3676//3676
f 3671//3671 3511//3511 3676//3676
f 3672//3672 3677//3677 3519//3519
f 3513//3513 3672//3672 3519//3519
f 3673//3673 3678//3678 3672//3672
f 3678//3678 3677//3677 3672//3672
f 3674//3674 3679//3679 3673//3673
f 3679//3679 3678//3678 3673//3673
f 3675//3675 3680//3680 3674//3674
f 3680//3680 3679//3679 3674//3674
f 3676//3676 3681//3681 3675//3675
f 3681//3681 3680//3680 3675//3675
f 3518//3518 3521//3521 3681//3681
f 3676//3676 3518//3518 3681//3681
f 3519//3519 3677//3677 3522//3522
f 3523//3523 3522//3522 3677//3677
f 3678//3678 3523//3523 3677//3677
f 3525//3525 3523//3523 3678//3678
f 3679//3679 3525//3525 3678//3678
f 3527//3527 3525//3525 3679//3679
f 3680//3680 3527//3527 3679//3679
f 3529//3529 3527//3527 3680//3680
f 3681//3681 3529//3529 3680//3680
f 3521//3521 3529//3529 3681//3681
f 3534//3534 3682//3682 3535//3535
f 3683//3683 3682//3682 3534//3534
f 3683//3683 3534//3534 3684//3684
f 3684//3684 3534//3534 3536//3536
f 3537//3537 3685//3685 3536//3536
f 3536//3536 3685//3685 3684//3684
f 3538//3538 3686//3686 3537//3537
f 3537//3537 3686//3686 3685//3685
f 3539//3539 3687//3687 3538//3538
f 3538//3538 3687//3687 3686//3686
f 3687//3687 3539//3539 3540//3540
f 3688//3688 3687//3687 3540//3540
f 3682//3682 3689//3689 3690//3690
f 3682//3682 3690//3690 3535//3535
f 3535//3535 3690//3690 3541//3541
f 3683//3683 3689//3689 3682//3682
f 3544//3544 3543//3543 3691//3691
f 3544//3544 3692//3692 3545//3545
f 3691//3691 3692//3692 3544//3544
f 3545//3545 3692//3692 3546//3546
f 3693//3693 3540//3540 3547//3547
f 3693//3693 3694//3694 3540//3540
f 3694//3694 3688//3688 3540//3540
f 3547//3547 3548//3548 3693//3693
f 3549//3549 3695//3695 3696//3696
f 3550//3550 3549//3549 3696//3696
f 3690//3690 3549//3549 3541//3541
f 3695//3695 3549//3549 3690//3690
f 3552//3552 3697//3697 3698//3698
f 3551//3551 3697//3697 3552//3552
f 3691//3691 3543//3543 3552//3552
f 3691//3691 3552//3552 3699//3699
f 3699//3699 3552//3552 3698//3698
f 3692//3692 3691//3691 3699//3699
f 3700//3700 3692//3692 3699//3699
f 3701//3701 3700//3700 3702//3702
f 3553//3553 3700//3700 3701//3701
f 3553//3553 3692//3692 3700//3700
f 3553//3553 3546//3546 3692//3692
f 3693//3693 3703//3703 3694//3694
f 3554//3554 3553//3553 3701//3701
f 3703//3703 3693//3693 3548//3548
f 3703//3703 3548//3548 3704//3704
f 3704//3704 3548//3548 3555//3555
f 3550//3550 3696//3696 3556//3556
f 3696//3696 3705//3705 3556//3556
f 3558//3558 3557//3557 3706//3706
f 3558//3558 3706//3706 3707//3707
f 3558//3558 3707//3707 3551//3551
f 3551//3551 3707//3707 3697//3697
f 3708//3708 3701//3701 3702//3702
f 3709//3709 3708//3708 3702//3702
f 3554//3554 3708//3708 3559//3559
f 3701//3701 3708//3708 3554//3554
f 3555//3555 3560//3560 3704//3704
f 3704//3704 3560//3560 3710//3710
f 3556//3556 3705//3705 3561//3561
f 3705//3705 3711//3711 3561//3561
f 3706//3706 3562//3562 3712//3712
f 3557//3557 3562//3562 3706//3706
f 3713//3713 3707//3707 3706//3706
f 3712//3712 3713//3713 3706//3706
f 3563//3563 3708//3708 3709//3709
f 3563//3563 3709//3709 3564//3564
f 3564//3564 3709//3709 3714//3714
f 3559//3559 3708//3708 3563//3563
f 3560//3560 3565//3565 3710//3710
f 3710//3710 3565//3565 3715//3715
f 3716//3716 3717//3717 3566//3566
f 3716//3716 3566//3566 3711//3711
f 3711//3711 3566//3566 3561//3561
f 3562//3562 3567//3567 3712//3712
f 3717//3717 3716//3716 3718//3718
f 3712//3712 3719//3719 3713//3713
f 3712//3712 3567//3567 3719//3719
f 3567//3567 3569//3569 3719//3719
f 3719//3719 3569//3569 3570//3570
f 3720//3720 3719//3719 3570//3570
f 3571//3571 3721//3721 3722//3722
f 3572//3572 3571//3571 3722//3722
f 3714//3714 3571//3571 3564//3564
f 3721//3721 3571//3571 3714//3714
f 3574//3574 3723//3723 3724//3724
f 3573//3573 3723//3723 3574//3574
f 3715//3715 3565//3565 3574//3574
f 3724//3724 3715//3715 3574//3574
f 3566//3566 3717//3717 3575//3575
f 3576//3576 3725//3725 3726//3726
f 3575//3575 3725//3725 3576//3576
f 3575//3575 3718//3718 3725//3725
f 3575//3575 3717//3717 3718//3718
f 3725//3725 3727//3727 3726//3726
f 3728//3728 3570//3570 3577//3577
f 3728//3728 3729//3729 3570//3570
f 3729//3729 3720//3720 3570//3570
f 3577//3577 3730//3730 3728//3728
f 3577//3577 3572//3572 3730//3730
f 3572//3572 3722//3722 3730//3730
f 3579//3579 3731//3731 3732//3732
f 3578//3578 3731//3731 3579//3579
f 3723//3723 3573//3573 3579//3579
f 3732//3732 3723//3723 3579//3579
f 3576//3576 3726//3726 3580//3580
f 3726//3726 3581//3581 3580//3580
f 3726//3726 3727//3727 3581//3581
f 3727//3727 3733//3733 3581//3581
f 3729//3729 3734//3734 3735//3735
f 3729//3729 3583//3583 3734//3734
f 3729//3729 3728//3728 3584//3584
f 3583//3583 3729//3729 3584//3584
f 3585//3585 3735//3735 3734//3734
f 3585//3585 3730//3730 3735//3735
f 3585//3585 3584//3584 3728//3728
f 3730//3730 3585//3585 3728//3728
f 3578//3578 3586//3586 3731//3731
f 3731//3731 3586//3586 3736//3736
f 3581//3581 3733//3733 3587//3587
f 3733//3733 3737//3737 3587//3587
f 3583//3583 3589//3589 3734//3734
f 3585//3585 3734//3734 3589//3589
f 3586//3586 3590//3590 3736//3736
f 3736//3736 3590//3590 3738//3738
f 3592//3592 3739//3739 3740//3740
f 3593//3593 3592//3592 3740//3740
f 3737//3737 3592//3592 3587//3587
f 3739//3739 3592//3592 3737//3737
f 3590//3590 3741//3741 3738//3738
f 3594//3594 3741//3741 3590//3590
f 3741//3741 3594//3594 3596//3596
f 3742//3742 3741//3741 3596//3596
f 3593//3593 3740//3740 3597//3597
f 3740//3740 3743//3743 3597//3597
f 3744//3744 3745//3745 3746//3746
f 3744//3744 3600//3600 3599//3599
f 3744//3744 3746//3746 3600//3600
f 3746//3746 3747//3747 3600//3600
f 3601//3601 3748//3748 3749//3749
f 3601//3601 3600//3600 3748//3748
f 3600//3600 3747//3747 3748//3748
f 3748//3748 3750//3750 3749//3749
f 3596//3596 3751//3751 3742//3742
f 3603//3603 3751//3751 3596//3596
f 3751//3751 3603//3603 3604//3604
f 3752//3752 3751//3751 3604//3604
f 3597//3597 3743//3743 3605//3605
f 3743//3743 3753//3753 3605//3605
f 3754//3754 3745//3745 3744//3744
f 3755//3755 3745//3745 3754//3754
f 3599//3599 3607//3607 3754//3754
f 3744//3744 3599//3599 3754//3754
f 3601//3601 3749//3749 3608//3608
f 3610//3610 3756//3756 3757//3757
f 3608//3608 3756//3756 3610//3610
f 3608//3608 3750//3750 3756//3756
f 3608//3608 3749//3749 3750//3750
f 3756//3756 3758//3758 3757//3757
f 3604//3604 3612//3612 3752//3752
f 3752//3752 3612//3612 3759//3759
f 3605//3605 3753//3753 3614//3614
f 3753//3753 3760//3760 3614//3614
f 3761//3761 3755//3755 3754//3754
f 3762//3762 3755//3755 3761//3761
f 3607//3607 3615//3615 3763//3763
f 3607//3607 3763//3763 3754//3754
f 3754//3754 3763//3763 3761//3761
f 3615//3615 3616//3616 3764//3764
f 3763//3763 3615//3615 3764//3764
f 3616//3616 3765//3765 3764//3764
f 3610//3610 3765//3765 3616//3616
f 3610//3610 3766//3766 3765//3765
f 3610//3610 3757//3757 3766//3766
f 3758//3758 3766//3766 3757//3757
f 3612//3612 3618//3618 3759//3759
f 3759//3759 3618//3618 3767//3767
f 3768//3768 3619//3619 3614//3614
f 3768//3768 3614//3614 3769//3769
f 3769//3769 3614//3614 3760//3760
f 3761//3761 3770//3770 3762//3762
f 3621//3621 3619//3619 3768//3768
f 3763//3763 3770//3770 3761//3761
f 3771//3771 3770//3770 3763//3763
f 3764//3764 3771//3771 3763//3763
f 3772//3772 3771//3771 3764//3764
f 3765//3765 3772//3772 3764//3764
f 3624//3624 3773//3773 3774//3774
f 3623//3623 3773//3773 3624//3624
f 3767//3767 3618//3618 3624//3624
f 3774//3774 3767//3767 3624//3624
f 3768//3768 3769//3769 3775//3775
f 3621//3621 3768//3768 3775//3775
f 3621//3621 3775//3775 3625//3625
f 3625//3625 3775//3775 3776//3776
f 3777//3777 3776//3776 3778//3778
f 3777//3777 3626//3626 3776//3776
f 3626//3626 3625//3625 3776//3776
f 3779//3779 3626//3626 3777//3777
f 3779//3779 3780//3780 3626//3626
f 3780//3780 3627//3627 3626//3626
f 3628//3628 3627//3627 3781//3781
f 3627//3627 3780//3780 3781//3781
f 3773//3773 3623//3623 3628//3628
f 3781//3781 3773//3773 3628//3628
f 3777//3777 3778//3778 3782//3782
f 3779//3779 3777//3777 3782//3782
f 3630//3630 3783//3783 3631//3631
f 3630//3630 3632//3632 3784//3784
f 3783//3783 3630//3630 3784//3784
f 3632//3632 3633//3633 3785//3785
f 3784//3784 3632//3632 3785//3785
f 3633//3633 3634//3634 3786//3786
f 3785//3785 3633//3633 3786//3786
f 3634//3634 3636//3636 3786//3786
f 3783//3783 3787//3787 3637//3637
f 3631//3631 3783//3783 3637//3637
f 3784//3784 3788//3788 3783//3783
f 3788//3788 3787//3787 3783//3783
f 3789//3789 3785//3785 3790//3790
f 3789//3789 3788//3788 3785//3785
f 3788//3788 3784//3784 3785//3785
f 3790//3790 3791//3791 3792//3792
f 3790//3790 3785//3785 3791//3791
f 3785//3785 3786//3786 3791//3791
f 3636//3636 3640//3640 3793//3793
f 3636//3636 3793//3793 3786//3786
f 3786//3786 3793//3793 3791//3791
f 3640//3640 3641//3641 3793//3793
f 3787//3787 3794//3794 3643//3643
f 3637//3637 3787//3787 3643//3643
f 3795//3795 3788//3788 3796//3796
f 3795//3795 3794//3794 3788//3788
f 3794//3794 3787//3787 3788//3788
f 3789//3789 3796//3796 3788//3788
f 3797//3797 3792//3792 3791//3791
f 3798//3798 3792//3792 3797//3797
f 3793//3793 3799//3799 3791//3791
f 3799//3799 3797//3797 3791//3791
f 3641//3641 3647//3647 3799//3799
f 3793//3793 3641//3641 3799//3799
f 3794//3794 3800//3800 3649//3649
f 3643//3643 3794//3794 3649//3649
f 3801//3801 3794//3794 3795//3795
f 3801//3801 3802//3802 3794//3794
f 3802//3802 3800//3800 3794//3794
f 3802//3802 3803//3803 3804//3804
f 3801//3801 3803//3803 3802//3802
f 3798//3798 3804//3804 3803//3803
f 3798//3798 3797//3797 3804//3804
f 3797//3797 3805//3805 3804//3804
f 3799//3799 3806//3806 3797//3797
f 3806//3806 3805//3805 3797//3797
f 3647//3647 3653//3653 3806//3806
f 3799//3799 3647//3647 3806//3806
f 3800//3800 3807//3807 3654//3654
f 3649//3649 3800//3800 3654//3654
f 3802//3802 3808//3808 3800//3800
f 3808//3808 3807//3807 3800//3800
f 3804//3804 3809//3809 3802//3802
f 3809//3809 3808//3808 3802//3802
f 3805//3805 3810//3810 3804//3804
f 3810//3810 3809//3809 3804//3804
f 3655//3655 3657//3657 3810//3810
f 3655//3655 3810//3810 3806//3806
f 3806//3806 3810//3810 3805//3805
f 3653//3653 3655//3655 3806//3806
f 3654//3654 3807//3807 3658//3658
f 3660//3660 3658//3658 3807//3807
f 3808//3808 3660//3660 3807//3807
f 3662//3662 3660//3660 3808//3808
f 3809//3809 3662//3662 3808//3808
f 3664//3664 3662//3662 3809//3809
f 3810//3810 3664//3664 3809//3809
f 3657//3657 3664//3664 3810//3810
f 3684//3684 3811//3811 3683//3683
f 3684//3684 3685//3685 3812//3812
f 3811//3811 3684//3684 3812//3812
f 3685//3685 3686//3686 3813//3813
f 3812//3812 3685//3685 3813//3813
f 3686//3686 3687//3687 3814//3814
f 3813//3813 3686//3686 3814//3814
f 3687//3687 3688//3688 3814//3814
f 3689//3689 3815//3815 3816//3816
f 3690//3690 3689//3689 3816//3816
f 3811//3811 3689//3689 3683//3683
f 3811//3811 3817//3817 3689//3689
f 3817//3817 3815//3815 3689//3689
f 3812//3812 3817//3817 3811//3811
f 3818//3818 3817//3817 3812//3812
f 3813//3813 3818//3818 3812//3812
f 3819//3819 3818//3818 3813//3813
f 3819//3819 3820//3820 3821//3821
f 3819//3819 3813//3813 3820//3820
f 3813//3813 3814//3814 3820//3820
f 3688//3688 3694//3694 3820//3820
f 3814//3814 3688//3688 3820//3820
f 3695//3695 3822//3822 3696//3696
f 3695//3695 3823//3823 3822//3822
f 3695//3695 3690//3690 3823//3823
f 3690//3690 3816//3816 3823//3823
f 3698//3698 3697//3697 3824//3824
f 3698//3698 3825//3825 3699//3699
f 3824//3824 3825//3825 3698//3698
f 3699//3699 3826//3826 3700//3700
f 3825//3825 3826//3826 3699//3699
f 3820//3820 3827//3827 3821//3821
f 3702//3702 3700//3700 3826//3826
f 3828//3828 3829//3829 3827//3827
f 3703//3703 3828//3828 3827//3827
f 3703//3703 3827//3827 3820//3820
f 3703//3703 3820//3820 3694//3694
f 3703//3703 3704//3704 3828//3828
f 3822//3822 3830//3830 3705//3705
f 3696//3696 3822//3822 3705//3705
f 3831//3831 3822//3822 3823//3823
f 3830//3830 3822//3822 3831//3831
f 3824//3824 3707//3707 3832//3832
f 3697//3697 3707//3707 3824//3824
f 3825//3825 3824//3824 3833//3833
f 3833//3833 3824//3824 3832//3832
f 3826//3826 3825//3825 3834//3834
f 3834//3834 3825//3825 3833//3833
f 3702//3702 3834//3834 3709//3709
f 3826//3826 3834//3834 3702//3702
f 3835//3835 3829//3829 3828//3828
f 3836//3836 3829//3829 3835//3835
f 3704//3704 3710//3710 3835//3835
f 3828//3828 3704//3704 3835//3835
f 3830//3830 3837//3837 3711//3711
f 3705//3705 3830//3830 3711//3711
f 3838//3838 3830//3830 3831//3831
f 3837//3837 3830//3830 3838//3838
f 3832//3832 3713//3713 3839//3839
f 3707//3707 3713//3713 3832//3832
f 3833//3833 3832//3832 3840//3840
f 3840//3840 3832//3832 3839//3839
f 3834//3834 3833//3833 3841//3841
f 3841//3841 3833//3833 3840//3840
f 3709//3709 3841//3841 3714//3714
f 3834//3834 3841//3841 3709//3709
f 3842//3842 3836//3836 3835//3835
f 3843//3843 3836//3836 3842//3842
f 3710//3710 3715//3715 3842//3842
f 3835//3835 3710//3710 3842//3842
f 3711//3711 3837//3837 3716//3716
f 3837//3837 3718//3718 3716//3716
f 3837//3837 3838//3838 3718//3718
f 3838//3838 3844//3844 3718//3718
f 3713//3713 3719//3719 3839//3839
f 3845//3845 3840//3840 3839//3839
f 3845//3845 3839//3839 3720//3720
f 3845//3845 3720//3720 3846//3846
f 3719//3719 3720//3720 3839//3839
f 3721//3721 3847//3847 3722//3722
f 3721//3721 3840//3840 3847//3847
f 3721//3721 3841//3841 3840//3840
f 3840//3840 3845//3845 3847//3847
f 3714//3714 3841//3841 3721//3721
f 3848//3848 3849//3849 3850//3850
f 3843//3843 3849//3849 3848//3848
f 3842//3842 3849//3849 3843//3843
f 3842//3842 3723//3723 3849//3849
f 3842//3842 3724//3724 3723//3723
f 3715//3715 3724//3724 3842//3842
f 3718//3718 3844//3844 3851//3851
f 3725//3725 3718//3718 3851//3851
f 3851//3851 3727//3727 3725//3725
f 3852//3852 3727//3727 3851//3851
f 3853//3853 3729//3729 3854//3854
f 3853//3853 3846//3846 3729//3729
f 3846//3846 3720//3720 3729//3729
f 3854//3854 3847//3847 3853//3853
f 3854//3854 3730//3730 3847//3847
f 3730//3730 3722//3722 3847//3847
f 3732//3732 3850//3850 3849//3849
f 3732//3732 3731//3731 3850//3850
f 3731//3731 3855//3855 3850//3850
f 3723//3723 3732//3732 3849//3849
f 3727//3727 3852//3852 3733//3733
f 3852//3852 3856//3856 3733//3733
f 3729//3729 3735//3735 3854//3854
f 3730//3730 3854//3854 3735//3735
f 3731//3731 3736//3736 3855//3855
f 3855//3855 3736//3736 3857//3857
f 3858//3858 3859//3859 3737//3737
f 3858//3858 3737//3737 3856//3856
f 3856//3856 3737//3737 3733//3733
f 3858//3858 3860//3860 3859//3859
f 3736//3736 3738//3738 3857//3857
f 3857//3857 3738//3738 3861//3861
f 3739//3739 3862//3862 3863//3863
f 3740//3740 3739//3739 3863//3863
f 3859//3859 3739//3739 3737//3737
f 3859//3859 3864//3864 3739//3739
f 3864//3864 3862//3862 3739//3739
f 3860//3860 3864//3864 3859//3859
f 3738//3738 3865//3865 3861//3861
f 3741//3741 3865//3865 3738//3738
f 3865//3865 3741//3741 3742//3742
f 3866//3866 3865//3865 3742//3742
f 3740//3740 3863//3863 3743//3743
f 3863//3863 3867//3867 3743//3743
f 3746//3746 3868//3868 3869//3869
f 3745//3745 3868//3868 3746//3746
f 3747//3747 3746//3746 3870//3870
f 3746//3746 3869//3869 3870//3870
f 3748//3748 3747//3747 3871//3871
f 3747//3747 3870//3870 3871//3871
f 3871//3871 3750//3750 3748//3748
f 3872//3872 3750//3750 3871//3871
f 3742//3742 3873//3873 3866//3866
f 3751//3751 3873//3873 3742//3742
f 3873//3873 3751//3751 3752//3752
f 3874//3874 3873//3873 3752//3752
f 3743//3743 3867//3867 3753//3753
f 3867//3867 3875//3875 3753//3753
f 3745//3745 3755//3755 3868//3868
f 3868//3868 3755//3755 3876//3876
f 3877//3877 3756//3756 3750//3750
f 3877//3877 3750//3750 3878//3878
f 3878//3878 3750//3750 3872//3872
f 3756//3756 3877//3877 3758//3758
f 3752//3752 3759//3759 3874//3874
f 3874//3874 3759//3759 3879//3879
f 3753//3753 3875//3875 3760//3760
f 3875//3875 3880//3880 3760//3760
f 3755//3755 3762//3762 3876//3876
f 3876//3876 3762//3762 3881//3881
f 3766//3766 3877//3877 3878//3878
f 3766//3766 3878//3878 3765//3765
f 3765//3765 3878//3878 3882//3882
f 3758//3758 3877//3877 3766//3766
f 3759//3759 3767//3767 3879//3879
f 3879//3879 3767//3767 3883//3883
f 3760//3760 3880//3880 3769//3769
f 3880//3880 3884//3884 3769//3769
f 3762//3762 3885//3885 3881//3881
f 3770//3770 3885//3885 3762//3762
f 3771//3771 3886//3886 3770//3770
f 3770//3770 3886//3886 3885//3885
f 3772//3772 3887//3887 3771//3771
f 3771//3771 3887//3887 3886//3886
f 3882//3882 3772//3772 3765//3765
f 3887//3887 3772//3772 3882//3882
f 3774//3774 3888//3888 3889//3889
f 3773//3773 3888//3888 3774//3774
f 3883//3883 3767//3767 3774//3774
f 3889//3889 3883//3883 3774//3774
f 3769//3769 3884//3884 3890//3890
f 3775//3775 3769//3769 3890//3890
f 3776//3776 3775//3775 3891//3891
f 3775//3775 3890//3890 3891//3891
f 3891//3891 3778//3778 3776//3776
f 3892//3892 3778//3778 3891//3891
f 3780//3780 3893//3893 3894//3894
f 3779//3779 3893//3893 3780//3780
f 3781//3781 3780//3780 3895//3895
f 3780//3780 3894//3894 3895//3895
f 3888//3888 3773//3773 3781//3781
f 3895//3895 3888//3888 3781//3781
f 3778//3778 3892//3892 3896//3896
f 3782//3782 3778//3778 3896//3896
f 3893//3893 3779//3779 3782//3782
f 3896//3896 3893//3893 3782//3782
f 3790//3790 3897//3897 3789//3789
f 3790//3790 3792//3792 3897//3897
f 3796//3796 3898//3898 3795//3795
f 3796//3796 3789//3789 3897//3897
f 3796//3796 3897//3897 3898//3898
f 3898//3898 3897//3897 3899//3899
f 3792//3792 3798//3798 3899//3899
f 3897//3897 3792//3792 3899//3899
f 3795//3795 3898//3898 3801//3801
f 3803//3803 3801//3801 3898//3898
f 3899//3899 3803//3803 3898//3898
f 3798//3798 3803//3803 3899//3899
f 3815//3815 3900//3900 3816//3816
f 3815//3815 3817//3817 3901//3901
f 3900//3900 3815//3815 3901//3901
f 3817//3817 3818//3818 3902//3902
f 3901//3901 3817//3817 3902//3902
f 3818//3818 3819//3819 3903//3903
f 3902//3902 3818//3818 3903//3903
f 3819//3819 3821//3821 3903//3903
f 3900//3900 3904//3904 3823//3823
f 3816//3816 3900//3900 3823//3823
f 3901//3901 3905//3905 3900//3900
f 3905//3905 3904//3904 3900//3900
f 3902//3902 3906//3906 3901//3901
f 3906//3906 3905//3905 3901//3901
f 3903//3903 3907//3907 3902//3902
f 3907//3907 3906//3906 3902//3902
f 3821//3821 3827//3827 3908//3908
f 3821//3821 3908//3908 3903//3903
f 3903//3903 3908//3908 3907//3907
f 3827//3827 3829//3829 3908//3908
f 3904//3904 3909//3909 3831//3831
f 3823//3823 3904//3904 3831//3831
f 3905//3905 3910//3910 3904//3904
f 3910//3910 3909//3909 3904//3904
f 3906//3906 3911//3911 3905//3905
f 3911//3911 3910//3910 3905//3905
f 3907//3907 3912//3912 3906//3906
f 3912//3912 3911//3911 3906//3906
f 3908//3908 3913//3913 3907//3907
f 3913//3913 3912//3912 3907//3907
f 3829//3829 3836//3836 3913//3913
f 3908//3908 3829//3829 3913//3913
f 3909//3909 3914//3914 3838//3838
f 3831//3831 3909//3909 3838//3838
f 3915//3915 3910//3910 3916//3916
f 3915//3915 3914//3914 3910//3910
f 3914//3914 3909//3909 3910//3910
f 3911//3911 3916//3916 3910//3910
f 3917//3917 3916//3916 3911//3911
f 3912//3912 3917//3917 3911//3911
f 3918//3918 3917//3917 3912//3912
f 3918//3918 3919//3919 3920//3920
f 3918//3918 3912//3912 3919//3919
f 3912//3912 3913//3913 3919//3919
f 3836//3836 3843//3843 3919//3919
f 3913//3913 3836//3836 3919//3919
f 3914//3914 3921//3921 3844//3844
f 3838//3838 3914//3914 3844//3844
f 3922//3922 3914//3914 3915//3915
f 3921//3921 3914//3914 3922//3922
f 3845//3845 3846//3846 3923//3923
f 3845//3845 3923//3923 3847//3847
f 3848//3848 3920//3920 3919//3919
f 3848//3848 3850//3850 3920//3920
f 3850//3850 3924//3924 3920//3920
f 3843//3843 3848//3848 3919//3919
f 3844//3844 3921//3921 3851//3851
f 3921//3921 3852//3852 3851//3851
f 3921//3921 3922//3922 3852//3852
f 3922//3922 3925//3925 3852//3852
f 3846//3846 3853//3853 3923//3923
f 3847//3847 3923//3923 3853//3853
f 3850//3850 3855//3855 3924//3924
f 3924//3924 3855//3855 3926//3926
f 3927//3927 3928//3928 3856//3856
f 3927//3927 3856//3856 3925//3925
f 3925//3925 3856//3856 3852//3852
f 3928//3928 3929//3929 3930//3930
f 3927//3927 3929//3929 3928//3928
f 3930//3930 3931//3931 3932//3932
f 3929//3929 3931//3931 3930//3930
f 3932//3932 3931//3931 3926//3926
f 3932//3932 3926//3926 3857//3857
f 3857//3857 3926//3926 3855//3855
f 3856//3856 3928//3928 3858//3858
f 3860//3860 3858//3858 3928//3928
f 3860//3860 3928//3928 3933//3933
f 3933//3933 3928//3928 3930//3930
f 3932//3932 3934//3934 3930//3930
f 3934//3934 3933//3933 3930//3930
f 3857//3857 3861//3861 3934//3934
f 3932//3932 3857//3857 3934//3934
f 3862//3862 3935//3935 3936//3936
f 3863//3863 3862//3862 3936//3936
f 3864//3864 3937//3937 3862//3862
f 3862//3862 3937//3937 3935//3935
f 3933//3933 3864//3864 3860//3860
f 3933//3933 3938//3938 3864//3864
f 3938//3938 3937//3937 3864//3864
f 3934//3934 3938//3938 3933//3933
f 3939//3939 3938//3938 3934//3934
f 3861//3861 3939//3939 3934//3934
f 3861//3861 3865//3865 3939//3939
f 3865//3865 3940//3940 3939//3939
f 3940//3940 3865//3865 3866//3866
f 3941//3941 3940//3940 3866//3866
f 3863//3863 3936//3936 3867//3867
f 3936//3936 3942//3942 3867//3867
f 3869//3869 3868//3868 3943//3943
f 3869//3869 3944//3944 3870//3870
f 3943//3943 3944//3944 3869//3869
f 3870//3870 3945//3945 3871//3871
f 3944//3944 3945//3945 3870//3870
f 3871//3871 3945//3945 3872//3872
f 3946//3946 3866//3866 3873//3873
f 3946//3946 3947//3947 3866//3866
f 3947//3947 3941//3941 3866//3866
f 3873//3873 3874//3874 3946//3946
f 3867//3867 3942//3942 3875//3875
f 3942//3942 3948//3948 3875//3875
f 3943//3943 3876//3876 3949//3949
f 3868//3868 3876//3876 3943//3943
f 3950//3950 3951//3951 3944//3944
f 3950//3950 3944//3944 3949//3949
f 3949//3949 3944//3944 3943//3943
f 3945//3945 3944//3944 3951//3951
f 3952//3952 3945//3945 3951//3951
f 3952//3952 3872//3872 3945//3945
f 3952//3952 3953//3953 3872//3872
f 3953//3953 3878//3878 3872//3872
f 3954//3954 3947//3947 3946//3946
f 3955//3955 3947//3947 3954//3954
f 3874//3874 3879//3879 3954//3954
f 3946//3946 3874//3874 3954//3954
f 3875//3875 3948//3948 3880//3880
f 3948//3948 3956//3956 3880//3880
f 3949//3949 3881//3881 3957//3957
f 3876//3876 3881//3881 3949//3949
f 3958//3958 3950//3950 3949//3949
f 3957//3957 3958//3958 3949//3949
f 3959//3959 3960//3960 3961//3961
f 3959//3959 3953//3953 3960//3960
f 3959//3959 3882//3882 3953//3953
f 3882//3882 3878//3878 3953//3953
f 3962//3962 3955//3955 3954//3954
f 3963//3963 3955//3955 3962//3962
f 3879//3879 3883//3883 3962//3962
f 3954//3954 3879//3879 3962//3962
f 3880//3880 3956//3956 3884//3884
f 3956//3956 3964//3964 3884//3884
f 3881//3881 3885//3885 3957//3957
f 3957//3957 3965//3965 3958//3958
f 3957//3957 3885//3885 3965//3965
f 3885//3885 3886//3886 3965//3965
f 3961//3961 3887//3887 3959//3959
f 3961//3961 3965//3965 3887//3887
f 3965//3965 3886//3886 3887//3887
f 3882//3882 3959//3959 3887//3887
f 3889//3889 3963//3963 3962//3962
f 3889//3889 3888//3888 3963//3963
f 3888//3888 3966//3966 3963//3963
f 3883//3883 3889//3889 3962//3962
f 3884//3884 3964//3964 3967//3967
f 3890//3890 3884//3884 3967//3967
f 3891//3891 3890//3890 3968//3968
f 3890//3890 3967//3967 3968//3968
f 3892//3892 3969//3969 3970//3970
f 3892//3892 3891//3891 3969//3969
f 3891//3891 3968//3968 3969//3969
f 3970//3970 3894//3894 3893//3893
f 3970//3970 3969//3969 3894//3894
f 3969//3969 3971//3971 3894//3894
f 3895//3895 3894//3894 3972//3972
f 3894//3894 3971//3971 3972//3972
f 3966//3966 3888//3888 3895//3895
f 3972//3972 3966//3966 3895//3895
f 3892//3892 3970//3970 3896//3896
f 3893//3893 3896//3896 3970//3970
f 3916//3916 3973//3973 3915//3915
f 3916//3916 3917//3917 3974//3974
f 3973//3973 3916//3916 3974//3974
f 3917//3917 3918//3918 3975//3975
f 3974//3974 3917//3917 3975//3975
f 3918//3918 3920//3920 3975//3975
f 3973//3973 3976//3976 3922//3922
f 3915//3915 3973//3973 3922//3922
f 3974//3974 3977//3977 3973//3973
f 3977//3977 3976//3976 3973//3973
f 3975//3975 3978//3978 3974//3974
f 3978//3978 3977//3977 3974//3974
f 3920//3920 3924//3924 3978//3978
f 3975//3975 3920//3920 3978//3978
f 3976//3976 3979//3979 3925//3925
f 3922//3922 3976//3976 3925//3925
f 3977//3977 3980//3980 3976//3976
f 3980//3980 3979//3979 3976//3976
f 3978//3978 3981//3981 3977//3977
f 3981//3981 3980//3980 3977//3977
f 3924//3924 3926//3926 3981//3981
f 3978//3978 3924//3924 3981//3981
f 3925//3925 3979//3979 3927//3927
f 3929//3929 3927//3927 3979//3979
f 3980//3980 3929//3929 3979//3979
f 3931//3931 3929//3929 3980//3980
f 3981//3981 3931//3931 3980//3980
f 3926//3926 3931//3931 3981//3981
f 3935//3935 3982//3982 3936//3936
f 3935//3935 3937//3937 3983//3983
f 3982//3982 3935//3935 3983//3983
f 3937//3937 3938//3938 3984//3984
f 3983//3983 3937//3937 3984//3984
f 3938//3938 3939//3939 3985//3985
f 3984//3984 3938//3938 3985//3985
f 3939//3939 3940//3940 3986//3986
f 3985//3985 3939//3939 3986//3986
f 3940//3940 3941//3941 3986//3986
f 3982//3982 3987//3987 3942//3942
f 3936//3936 3982//3982 3942//3942
f 3988//3988 3983//3983 3989//3989
f 3988//3988 3987//3987 3983//3983
f 3987//3987 3982//3982 3983//3983
f 3984//3984 3989//3989 3983//3983
f 3990//3990 3989//3989 3984//3984
f 3985//3985 3990//3990 3984//3984
f 3991//3991 3990//3990 3985//3985
f 3991//3991 3992//3992 3993//3993
f 3991//3991 3985//3985 3992//3992
f 3985//3985 3986//3986 3992//3992
f 3941//3941 3947//3947 3992//3992
f 3986//3986 3941//3941 3992//3992
f 3987//3987 3994//3994 3995//3995
f 3987//3987 3995//3995 3942//3942
f 3942//3942 3995//3995 3948//3948
f 3988//3988 3994//3994 3987//3987
f 3951//3951 3950//3950 3996//3996
f 3951//3951 3997//3997 3952//3952
f 3996//3996 3997//3997 3951//3951
f 3992//3992 3998//3998 3993//3993
f 3953//3953 3952//3952 3997//3997
f 3998//3998 3992//3992 3947//3947
f 3998//3998 3947//3947 3999//3999
f 3999//3999 3947//3947 3955//3955
f 3948//3948 3995//3995 3956//3956
f 3995//3995 4000//4000 3956//3956
f 3996//3996 3958//3958 4001//4001
f 3950//3950 3958//3958 3996//3996
f 3960//3960 4001//4001 3961//3961
f 3960//3960 3997//3997 4001//4001
f 3997//3997 3996//3996 4001//4001
f 3953//3953 3997//3997 3960//3960
f 4002//4002 4003//4003 4004//4004
f 4003//4003 4002//4002 3999//3999
f 4003//4003 3999//3999 3963//3963
f 3963//3963 3999//3999 3955//3955
f 4005//4005 4006//4006 3964//3964
f 4005//4005 3964//3964 4000//4000
f 4000//4000 3964//3964 3956//3956
f 4005//4005 4007//4007 4006//4006
f 3958//3958 3965//3965 4001//4001
f 3961//3961 4001//4001 3965//3965
f 4008//4008 4004//4004 4003//4003
f 4009//4009 4004//4004 4008//4008
f 3963//3963 3966//3966 4008//4008
f 4003//4003 3963//3963 4008//4008
f 3964//3964 4006//4006 3967//3967
f 4006//4006 4007//4007 4010//4010
f 4006//4006 4010//4010 3967//3967
f 3967//3967 4010//4010 3968//3968
f 3969//3969 3968//3968 4011//4011
f 3968//3968 4010//4010 4011//4011
f 3971//3971 3969//3969 4012//4012
f 3969//3969 4011//4011 4012//4012
f 4009//4009 4008//4008 3972//3972
f 4009//4009 3972//3972 4012//4012
f 4012//4012 3972//3972 3971//3971
f 3966//3966 3972//3972 4008//4008
f 3989//3989 4013//4013 3988//3988
f 3989//3989 3990//3990 4014//4014
f 4013//4013 3989//3989 4014//4014
f 3990//3990 3991//3991 4015//4015
f 4014//4014 3990//3990 4015//4015
f 3991//3991 3993//3993 4015//4015
f 3994//3994 4016//4016 3995//3995
f 3994//3994 3988//3988 4013//4013
f 3994//3994 4013//4013 4016//4016
f 4016//4016 4013//4013 4017//4017
f 4014//4014 4018//4018 4013//4013
f 4018//4018 4017//4017 4013//4013
f 4015//4015 4019//4019 4014//4014
f 4019//4019 4018//4018 4014//4014
f 3993//3993 3998//3998 4020//4020
f 3993//3993 4020//4020 4015//4015
f 4015//4015 4020//4020 4019//4019
f 3998//3998 3999//3999 4020//4020
f 4016//4016 4021//4021 4000//4000
f 3995//3995 4016//4016 4000//4000
f 4017//4017 4022//4022 4016//4016
f 4022//4022 4021//4021 4016//4016
f 4018//4018 4023//4023 4017//4017
f 4023//4023 4022//4022 4017//4017
f 4019//4019 4024//4024 4018//4018
f 4024//4024 4023//4023 4018//4018
f 4002//4002 4004//4004 4024//4024
f 4002//4002 4024//4024 4020//4020
f 4020//4020 4024//4024 4019//4019
f 3999//3999 4002//4002 4020//4020
f 4000//4000 4021//4021 4005//4005
f 4007//4007 4005//4005 4021//4021
f 4007//4007 4021//4021 4025//4025
f 4025//4025 4021//4021 4022//4022
f 4023//4023 4026//4026 4022//4022
f 4026//4026 4025//4025 4022//4022
f 4024//4024 4027//4027 4023//4023
f 4027//4027 4026//4026 4023//4023
f 4004//4004 4009//4009 4027//4027
f 4024//4024 4004//4004 4027//4027
f 4007//4007 4025//4025 4010//4010
f 4011//4011 4010//4010 4025//4025
f 4026//4026 4011//4011 4025//4025
f 4012//4012 4011//4011 4026//4026
f 4027//4027 4012//4012 4026//4026
f 4009//4009 4012//4012 4027//4027

